package_id,tracking_number,event_order,event_type,event_status,event_timestamp,event_location,event_city,event_prefecture,event_latitude,event_longitude,event_temperature,event_temperature_issue,event_rfid_success_percent,event_rfid_failure_percent,event_rfid_verified,origin_location,origin_city,origin_prefecture,origin_latitude,origin_longitude,delivery_location,delivery_city,delivery_prefecture,delivery_latitude,delivery_longitude,final_status,perishable,final_temperature,final_temperature_issue,rfid_number,rfid_verified,rfid_failure_percent,rfid_failure_label,rfid_success_percent,rfid_success_label,delivery_exception_reason,order_date,estimated_delivery_date,latest_scan_timestamp,order_week,route_distance_km,estimated_transit_hours,package_count_flag,final_event_flag,delivered_package_flag,in_transit_package_flag,not_delivered_package_flag,perishable_package_flag,event_count_flag,map_path_id,map_path_order,tooltip_summary
PKG001,KZJP2026000001,1,Order Placed,Order Placed,2026-05-03 17:37:43,"Yokote, Akita",Yokote,Akita,39.8156,140.0319,18.04,Ambient,99.91,0.09,YES,"Yokote, Akita",Yokote,Akita,39.8156,140.0319,"Minamisoma, Fukushima",Minamisoma,Fukushima,37.8648,140.4328,Delivered,NO,20.90,Ambient,RFID-KZ-0001,YES,0.42,Low Risk,99.58,Excellent,None,2026-05-03 17:37:43,2026-05-06 09:52:43,2026-05-06 09:52:43,"May 3-9, 2026",219.68,64.25,1,0,0,0,0,0,1,PKG001,1,"PKG001 | Order Placed | Yokote, Akita | 18.04°C | Order Placed"
PKG001,KZJP2026000001,2,Picked Up,Picked Up,2026-05-03 22:46:07,"Origin Pickup Scan - Oga, Akita",Oga,Akita,39.632474,140.034228,19.94,Ambient,99.49,0.51,YES,"Yokote, Akita",Yokote,Akita,39.8156,140.0319,"Minamisoma, Fukushima",Minamisoma,Fukushima,37.8648,140.4328,Delivered,NO,20.90,Ambient,RFID-KZ-0001,YES,0.42,Low Risk,99.58,Excellent,None,2026-05-03 17:37:43,2026-05-06 09:52:43,2026-05-06 09:52:43,"May 3-9, 2026",219.68,64.25,0,0,0,0,0,0,1,PKG001,2,"PKG001 | Picked Up | Origin Pickup Scan - Oga, Akita | 19.94°C | Picked Up"
PKG001,KZJP2026000001,3,Departed Origin Hub,In Transit,2026-05-04 09:41:28,"Regional Sorting Hub - Yuzawa, Akita",Yuzawa,Akita,39.439681,140.137217,19.69,Ambient,99.62,0.38,YES,"Yokote, Akita",Yokote,Akita,39.8156,140.0319,"Minamisoma, Fukushima",Minamisoma,Fukushima,37.8648,140.4328,Delivered,NO,20.90,Ambient,RFID-KZ-0001,YES,0.42,Low Risk,99.58,Excellent,None,2026-05-03 17:37:43,2026-05-06 09:52:43,2026-05-06 09:52:43,"May 3-9, 2026",219.68,64.25,0,0,0,0,0,0,1,PKG001,3,"PKG001 | Departed Origin Hub | Regional Sorting Hub - Yuzawa, Akita | 19.69°C | In Transit"
PKG001,KZJP2026000001,4,In Transit Hub Scan,In Transit,2026-05-05 01:45:13,"Transit Hub Scan - Tendo, Yamagata",Tendo,Yamagata,38.670044,140.268601,19.07,Ambient,99.62,0.38,YES,"Yokote, Akita",Yokote,Akita,39.8156,140.0319,"Minamisoma, Fukushima",Minamisoma,Fukushima,37.8648,140.4328,Delivered,NO,20.90,Ambient,RFID-KZ-0001,YES,0.42,Low Risk,99.58,Excellent,None,2026-05-03 17:37:43,2026-05-06 09:52:43,2026-05-06 09:52:43,"May 3-9, 2026",219.68,64.25,0,0,0,0,0,0,1,PKG001,4,"PKG001 | In Transit Hub Scan | Transit Hub Scan - Tendo, Yamagata | 19.07°C | In Transit"
PKG001,KZJP2026000001,5,Out for Delivery,Out for Delivery,2026-05-05 19:44:37,"Destination Area Scan - Tendo, Yamagata",Tendo,Yamagata,38.344541,140.325438,21.10,Ambient,99.73,0.27,YES,"Yokote, Akita",Yokote,Akita,39.8156,140.0319,"Minamisoma, Fukushima",Minamisoma,Fukushima,37.8648,140.4328,Delivered,NO,20.90,Ambient,RFID-KZ-0001,YES,0.42,Low Risk,99.58,Excellent,None,2026-05-03 17:37:43,2026-05-06 09:52:43,2026-05-06 09:52:43,"May 3-9, 2026",219.68,64.25,0,0,0,0,0,0,1,PKG001,5,"PKG001 | Out for Delivery | Destination Area Scan - Tendo, Yamagata | 21.10°C | Out for Delivery"
PKG001,KZJP2026000001,6,Delivered,Delivered,2026-05-06 09:52:43,"Minamisoma, Fukushima",Minamisoma,Fukushima,37.8648,140.4328,20.90,Ambient,99.58,0.42,YES,"Yokote, Akita",Yokote,Akita,39.8156,140.0319,"Minamisoma, Fukushima",Minamisoma,Fukushima,37.8648,140.4328,Delivered,NO,20.90,Ambient,RFID-KZ-0001,YES,0.42,Low Risk,99.58,Excellent,None,2026-05-03 17:37:43,2026-05-06 09:52:43,2026-05-06 09:52:43,"May 3-9, 2026",219.68,64.25,0,1,1,0,0,0,1,PKG001,6,"PKG001 | Delivered | Minamisoma, Fukushima | 20.90°C | Delivered"
PKG002,KZJP2026000002,1,Order Placed,Order Placed,2026-05-02 09:01:23,"Mine, Yamaguchi",Mine,Yamaguchi,34.228,131.3644,29.89,Danger Zone,96.01,3.99,YES,"Mine, Yamaguchi",Mine,Yamaguchi,34.228,131.3644,"Isehara, Kanagawa",Isehara,Kanagawa,35.4279,139.7608,In Transit,NO,29.00,Danger Zone,RFID-KZ-0002,YES,3.67,Low Risk,96.33,Good,Shipment still within estimated delivery window,2026-05-02 09:01:23,2026-05-05 00:26:23,2026-05-03 20:26:23,Other,777.67,63.42,1,0,0,0,0,0,1,PKG002,1,"PKG002 | Order Placed | Mine, Yamaguchi | 29.89°C | Order Placed"
PKG002,KZJP2026000002,2,Picked Up,Picked Up,2026-05-02 11:51:23,"Origin Pickup Scan - Yamaguchi, Yamaguchi",Yamaguchi,Yamaguchi,34.287713,131.676678,28.19,Danger Zone,97.20,2.80,YES,"Mine, Yamaguchi",Mine,Yamaguchi,34.228,131.3644,"Isehara, Kanagawa",Isehara,Kanagawa,35.4279,139.7608,In Transit,NO,29.00,Danger Zone,RFID-KZ-0002,YES,3.67,Low Risk,96.33,Good,Shipment still within estimated delivery window,2026-05-02 09:01:23,2026-05-05 00:26:23,2026-05-03 20:26:23,Other,777.67,63.42,0,0,0,0,0,0,1,PKG002,2,"PKG002 | Picked Up | Origin Pickup Scan - Yamaguchi, Yamaguchi | 28.19°C | Picked Up"
PKG002,KZJP2026000002,3,Departed Origin Hub,In Transit,2026-05-02 17:52:38,"Regional Sorting Hub - Miyoshi, Hiroshima",Miyoshi,Hiroshima,34.392878,132.515885,27.10,Danger Zone,97.01,2.99,YES,"Mine, Yamaguchi",Mine,Yamaguchi,34.228,131.3644,"Isehara, Kanagawa",Isehara,Kanagawa,35.4279,139.7608,In Transit,NO,29.00,Danger Zone,RFID-KZ-0002,YES,3.67,Low Risk,96.33,Good,Shipment still within estimated delivery window,2026-05-02 09:01:23,2026-05-05 00:26:23,2026-05-03 20:26:23,Other,777.67,63.42,0,0,0,0,0,0,1,PKG002,3,"PKG002 | Departed Origin Hub | Regional Sorting Hub - Miyoshi, Hiroshima | 27.10°C | In Transit"
PKG002,KZJP2026000002,4,In Transit Hub Scan,In Transit,2026-05-03 02:43:53,"Transit Hub Scan - Akaiwa, Okayama",Akaiwa,Okayama,34.587919,133.678059,30.69,Danger Zone,96.41,3.59,YES,"Mine, Yamaguchi",Mine,Yamaguchi,34.228,131.3644,"Isehara, Kanagawa",Isehara,Kanagawa,35.4279,139.7608,In Transit,NO,29.00,Danger Zone,RFID-KZ-0002,YES,3.67,Low Risk,96.33,Good,Shipment still within estimated delivery window,2026-05-02 09:01:23,2026-05-05 00:26:23,2026-05-03 20:26:23,Other,777.67,63.42,0,0,0,0,0,0,1,PKG002,4,"PKG002 | In Transit Hub Scan | Transit Hub Scan - Akaiwa, Okayama | 30.69°C | In Transit"
PKG002,KZJP2026000002,5,Out for Delivery,Out for Delivery,2026-05-03 12:38:53,"Destination Area Scan - Akashi, Hyogo",Akashi,Hyogo,34.729506,134.895441,31.72,Danger Zone,96.35,3.65,YES,"Mine, Yamaguchi",Mine,Yamaguchi,34.228,131.3644,"Isehara, Kanagawa",Isehara,Kanagawa,35.4279,139.7608,In Transit,NO,29.00,Danger Zone,RFID-KZ-0002,YES,3.67,Low Risk,96.33,Good,Shipment still within estimated delivery window,2026-05-02 09:01:23,2026-05-05 00:26:23,2026-05-03 20:26:23,Other,777.67,63.42,0,0,0,0,0,0,1,PKG002,5,"PKG002 | Out for Delivery | Destination Area Scan - Akashi, Hyogo | 31.72°C | Out for Delivery"
PKG002,KZJP2026000002,6,In Transit,In Transit,2026-05-03 20:26:23,"Kusatsu Transfer Center, Shiga",Kusatsu,Shiga,34.922,135.7815,29.00,Danger Zone,96.33,3.67,YES,"Mine, Yamaguchi",Mine,Yamaguchi,34.228,131.3644,"Isehara, Kanagawa",Isehara,Kanagawa,35.4279,139.7608,In Transit,NO,29.00,Danger Zone,RFID-KZ-0002,YES,3.67,Low Risk,96.33,Good,Shipment still within estimated delivery window,2026-05-02 09:01:23,2026-05-05 00:26:23,2026-05-03 20:26:23,Other,777.67,63.42,0,1,0,1,0,0,1,PKG002,6,"PKG002 | In Transit | Kusatsu Transfer Center, Shiga | 29.00°C | In Transit"
PKG003,KZJP2026000003,1,Order Placed,Order Placed,2026-05-07 13:00:56,"Takamatsu, Kagawa",Takamatsu,Kagawa,34.4003,134.1519,5.36,Cool,99.35,0.65,YES,"Takamatsu, Kagawa",Takamatsu,Kagawa,34.4003,134.1519,"Mishima, Shizuoka",Mishima,Shizuoka,34.8931,138.2954,Delivered,YES,4.60,Cool,RFID-KZ-0003,YES,0.72,Low Risk,99.28,Excellent,None,2026-05-07 13:00:56,2026-05-08 18:35:56,2026-05-08 18:35:56,"May 3-9, 2026",382.95,29.58,1,0,0,0,0,1,1,PKG003,1,"PKG003 | Order Placed | Takamatsu, Kagawa | 5.36°C | Order Placed"
PKG003,KZJP2026000003,2,Picked Up,Picked Up,2026-05-07 15:22:56,"Origin Pickup Scan - Naruto, Tokushima",Naruto,Tokushima,34.338569,134.536202,2.25,Cool,99.64,0.36,YES,"Takamatsu, Kagawa",Takamatsu,Kagawa,34.4003,134.1519,"Mishima, Shizuoka",Mishima,Shizuoka,34.8931,138.2954,Delivered,YES,4.60,Cool,RFID-KZ-0003,YES,0.72,Low Risk,99.28,Excellent,None,2026-05-07 13:00:56,2026-05-08 18:35:56,2026-05-08 18:35:56,"May 3-9, 2026",382.95,29.58,0,0,0,0,0,0,1,PKG003,2,"PKG003 | Picked Up | Origin Pickup Scan - Naruto, Tokushima | 2.25°C | Picked Up"
PKG003,KZJP2026000003,3,Departed Origin Hub,In Transit,2026-05-07 20:24:41,"Regional Sorting Hub - Nishiwaki, Hyogo",Nishiwaki,Hyogo,34.553061,135.155955,1.96,Cool,98.73,1.27,YES,"Takamatsu, Kagawa",Takamatsu,Kagawa,34.4003,134.1519,"Mishima, Shizuoka",Mishima,Shizuoka,34.8931,138.2954,Delivered,YES,4.60,Cool,RFID-KZ-0003,YES,0.72,Low Risk,99.28,Excellent,None,2026-05-07 13:00:56,2026-05-08 18:35:56,2026-05-08 18:35:56,"May 3-9, 2026",382.95,29.58,0,0,0,0,0,0,1,PKG003,3,"PKG003 | Departed Origin Hub | Regional Sorting Hub - Nishiwaki, Hyogo | 1.96°C | In Transit"
PKG003,KZJP2026000003,4,In Transit Hub Scan,In Transit,2026-05-08 03:48:26,"Transit Hub Scan - Shima, Mie",Shima,Mie,34.660895,136.302222,5.97,Cool,99.70,0.30,YES,"Takamatsu, Kagawa",Takamatsu,Kagawa,34.4003,134.1519,"Mishima, Shizuoka",Mishima,Shizuoka,34.8931,138.2954,Delivered,YES,4.60,Cool,RFID-KZ-0003,YES,0.72,Low Risk,99.28,Excellent,None,2026-05-07 13:00:56,2026-05-08 18:35:56,2026-05-08 18:35:56,"May 3-9, 2026",382.95,29.58,0,0,0,0,0,0,1,PKG003,4,"PKG003 | In Transit Hub Scan | Transit Hub Scan - Shima, Mie | 5.97°C | In Transit"
PKG003,KZJP2026000003,5,Out for Delivery,Out for Delivery,2026-05-08 12:05:26,"Destination Area Scan - Kasugai, Aichi",Kasugai,Aichi,34.859026,137.261676,4.41,Cool,99.41,0.59,YES,"Takamatsu, Kagawa",Takamatsu,Kagawa,34.4003,134.1519,"Mishima, Shizuoka",Mishima,Shizuoka,34.8931,138.2954,Delivered,YES,4.60,Cool,RFID-KZ-0003,YES,0.72,Low Risk,99.28,Excellent,None,2026-05-07 13:00:56,2026-05-08 18:35:56,2026-05-08 18:35:56,"May 3-9, 2026",382.95,29.58,0,0,0,0,0,0,1,PKG003,5,"PKG003 | Out for Delivery | Destination Area Scan - Kasugai, Aichi | 4.41°C | Out for Delivery"
PKG003,KZJP2026000003,6,Delivered,Delivered,2026-05-08 18:35:56,"Mishima, Shizuoka",Mishima,Shizuoka,34.8931,138.2954,4.60,Cool,99.28,0.72,YES,"Takamatsu, Kagawa",Takamatsu,Kagawa,34.4003,134.1519,"Mishima, Shizuoka",Mishima,Shizuoka,34.8931,138.2954,Delivered,YES,4.60,Cool,RFID-KZ-0003,YES,0.72,Low Risk,99.28,Excellent,None,2026-05-07 13:00:56,2026-05-08 18:35:56,2026-05-08 18:35:56,"May 3-9, 2026",382.95,29.58,0,1,1,0,0,0,1,PKG003,6,"PKG003 | Delivered | Mishima, Shizuoka | 4.60°C | Delivered"
PKG004,KZJP2026000004,1,Order Placed,Order Placed,2026-05-19 16:11:02,"Itoigawa, Niigata",Itoigawa,Niigata,37.8014,139.0014,20.60,Ambient,99.81,0.19,YES,"Itoigawa, Niigata",Itoigawa,Niigata,37.8014,139.0014,"Higashiyamato, Tokyo",Higashiyamato,Tokyo,35.6964,139.5719,Delivered,NO,22.60,Ambient,RFID-KZ-0004,YES,0.17,Low Risk,99.83,Excellent,None,2026-05-19 16:11:02,2026-05-23 06:15:02,2026-05-23 06:15:02,Other,239.52,86.07,1,0,0,0,0,0,1,PKG004,1,"PKG004 | Order Placed | Itoigawa, Niigata | 20.60°C | Order Placed"
PKG004,KZJP2026000004,2,Picked Up,Picked Up,2026-05-19 23:04:09,"Origin Pickup Scan - Shibata, Niigata",Shibata,Niigata,37.698113,139.022049,21.15,Ambient,99.97,0.03,YES,"Itoigawa, Niigata",Itoigawa,Niigata,37.8014,139.0014,"Higashiyamato, Tokyo",Higashiyamato,Tokyo,35.6964,139.5719,Delivered,NO,22.60,Ambient,RFID-KZ-0004,YES,0.17,Low Risk,99.83,Excellent,None,2026-05-19 16:11:02,2026-05-23 06:15:02,2026-05-23 06:15:02,Other,239.52,86.07,0,0,0,0,0,0,1,PKG004,2,"PKG004 | Picked Up | Origin Pickup Scan - Shibata, Niigata | 21.15°C | Picked Up"
PKG004,KZJP2026000004,3,Departed Origin Hub,In Transit,2026-05-20 13:42:02,"Regional Sorting Hub - Shibata, Niigata",Shibata,Niigata,37.455381,139.067521,18.30,Ambient,99.39,0.61,YES,"Itoigawa, Niigata",Itoigawa,Niigata,37.8014,139.0014,"Higashiyamato, Tokyo",Higashiyamato,Tokyo,35.6964,139.5719,Delivered,NO,22.60,Ambient,RFID-KZ-0004,YES,0.17,Low Risk,99.83,Excellent,None,2026-05-19 16:11:02,2026-05-23 06:15:02,2026-05-23 06:15:02,Other,239.52,86.07,0,0,0,0,0,0,1,PKG004,3,"PKG004 | Departed Origin Hub | Regional Sorting Hub - Shibata, Niigata | 18.30°C | In Transit"
PKG004,KZJP2026000004,4,In Transit Hub Scan,In Transit,2026-05-21 11:13:02,"Transit Hub Scan - Fujioka, Gunma",Fujioka,Gunma,36.657011,139.210735,20.75,Ambient,99.82,0.18,YES,"Itoigawa, Niigata",Itoigawa,Niigata,37.8014,139.0014,"Higashiyamato, Tokyo",Higashiyamato,Tokyo,35.6964,139.5719,Delivered,NO,22.60,Ambient,RFID-KZ-0004,YES,0.17,Low Risk,99.83,Excellent,None,2026-05-19 16:11:02,2026-05-23 06:15:02,2026-05-23 06:15:02,Other,239.52,86.07,0,0,0,0,0,0,1,PKG004,4,"PKG004 | In Transit Hub Scan | Transit Hub Scan - Fujioka, Gunma | 20.75°C | In Transit"
PKG004,KZJP2026000004,5,Out for Delivery,Out for Delivery,2026-05-22 11:18:57,"Destination Area Scan - Kumagaya, Saitama",Kumagaya,Saitama,36.10994,139.478901,20.11,Ambient,99.90,0.10,YES,"Itoigawa, Niigata",Itoigawa,Niigata,37.8014,139.0014,"Higashiyamato, Tokyo",Higashiyamato,Tokyo,35.6964,139.5719,Delivered,NO,22.60,Ambient,RFID-KZ-0004,YES,0.17,Low Risk,99.83,Excellent,None,2026-05-19 16:11:02,2026-05-23 06:15:02,2026-05-23 06:15:02,Other,239.52,86.07,0,0,0,0,0,0,1,PKG004,5,"PKG004 | Out for Delivery | Destination Area Scan - Kumagaya, Saitama | 20.11°C | Out for Delivery"
PKG004,KZJP2026000004,6,Delivered,Delivered,2026-05-23 06:15:02,"Higashiyamato, Tokyo",Higashiyamato,Tokyo,35.6964,139.5719,22.60,Ambient,99.83,0.17,YES,"Itoigawa, Niigata",Itoigawa,Niigata,37.8014,139.0014,"Higashiyamato, Tokyo",Higashiyamato,Tokyo,35.6964,139.5719,Delivered,NO,22.60,Ambient,RFID-KZ-0004,YES,0.17,Low Risk,99.83,Excellent,None,2026-05-19 16:11:02,2026-05-23 06:15:02,2026-05-23 06:15:02,Other,239.52,86.07,0,1,1,0,0,0,1,PKG004,6,"PKG004 | Delivered | Higashiyamato, Tokyo | 22.60°C | Delivered"
PKG005,KZJP2026000005,1,Order Placed,Order Placed,2026-05-11 19:14:02,"Fujiidera, Osaka",Fujiidera,Osaka,34.6251,135.4039,13.46,Ambient,98.73,1.27,YES,"Fujiidera, Osaka",Fujiidera,Osaka,34.6251,135.4039,"Monbetsu, Hokkaido",Monbetsu,Hokkaido,43.435,141.4992,Delivered,NO,17.60,Ambient,RFID-KZ-0005,YES,1.52,Low Risk,98.48,Excellent,None,2026-05-11 19:14:02,2026-05-15 16:10:02,2026-05-15 16:10:02,"May 10-16, 2026",1111.36,92.93,1,0,0,0,0,0,1,PKG005,1,"PKG005 | Order Placed | Fujiidera, Osaka | 13.46°C | Order Placed"
PKG005,KZJP2026000005,2,Picked Up,Picked Up,2026-05-12 02:40:07,"Origin Pickup Scan - Hikone, Shiga",Hikone,Shiga,35.248522,135.917475,14.74,Ambient,99.02,0.98,YES,"Fujiidera, Osaka",Fujiidera,Osaka,34.6251,135.4039,"Monbetsu, Hokkaido",Monbetsu,Hokkaido,43.435,141.4992,Delivered,NO,17.60,Ambient,RFID-KZ-0005,YES,1.52,Low Risk,98.48,Excellent,None,2026-05-11 19:14:02,2026-05-15 16:10:02,2026-05-15 16:10:02,"May 10-16, 2026",1111.36,92.93,0,0,0,0,0,0,1,PKG005,2,"PKG005 | Picked Up | Origin Pickup Scan - Hikone, Shiga | 14.74°C | Picked Up"
PKG005,KZJP2026000005,3,Departed Origin Hub,In Transit,2026-05-12 18:28:02,"Regional Sorting Hub - Uozu, Toyama",Uozu,Toyama,36.858313,137.038215,18.18,Ambient,99.38,0.62,YES,"Fujiidera, Osaka",Fujiidera,Osaka,34.6251,135.4039,"Monbetsu, Hokkaido",Monbetsu,Hokkaido,43.435,141.4992,Delivered,NO,17.60,Ambient,RFID-KZ-0005,YES,1.52,Low Risk,98.48,Excellent,None,2026-05-11 19:14:02,2026-05-15 16:10:02,2026-05-15 16:10:02,"May 10-16, 2026",1111.36,92.93,0,0,0,0,0,0,1,PKG005,3,"PKG005 | Departed Origin Hub | Regional Sorting Hub - Uozu, Toyama | 18.18°C | In Transit"
PKG005,KZJP2026000005,4,In Transit Hub Scan,In Transit,2026-05-13 17:42:02,"Transit Hub Scan - Joetsu, Niigata",Joetsu,Niigata,38.663031,138.606066,18.59,Ambient,98.88,1.12,YES,"Fujiidera, Osaka",Fujiidera,Osaka,34.6251,135.4039,"Monbetsu, Hokkaido",Monbetsu,Hokkaido,43.435,141.4992,Delivered,NO,17.60,Ambient,RFID-KZ-0005,YES,1.52,Low Risk,98.48,Excellent,None,2026-05-11 19:14:02,2026-05-15 16:10:02,2026-05-15 16:10:02,"May 10-16, 2026",1111.36,92.93,0,0,0,0,0,0,1,PKG005,4,"PKG005 | In Transit Hub Scan | Transit Hub Scan - Joetsu, Niigata | 18.59°C | In Transit"
PKG005,KZJP2026000005,5,Out for Delivery,Out for Delivery,2026-05-14 19:43:19,"Destination Area Scan - Hachinohe, Aomori",Hachinohe,Aomori,41.298629,140.29691,16.39,Ambient,98.58,1.42,YES,"Fujiidera, Osaka",Fujiidera,Osaka,34.6251,135.4039,"Monbetsu, Hokkaido",Monbetsu,Hokkaido,43.435,141.4992,Delivered,NO,17.60,Ambient,RFID-KZ-0005,YES,1.52,Low Risk,98.48,Excellent,None,2026-05-11 19:14:02,2026-05-15 16:10:02,2026-05-15 16:10:02,"May 10-16, 2026",1111.36,92.93,0,0,0,0,0,0,1,PKG005,5,"PKG005 | Out for Delivery | Destination Area Scan - Hachinohe, Aomori | 16.39°C | Out for Delivery"
PKG005,KZJP2026000005,6,Delivered,Delivered,2026-05-15 16:10:02,"Monbetsu, Hokkaido",Monbetsu,Hokkaido,43.435,141.4992,17.60,Ambient,98.48,1.52,YES,"Fujiidera, Osaka",Fujiidera,Osaka,34.6251,135.4039,"Monbetsu, Hokkaido",Monbetsu,Hokkaido,43.435,141.4992,Delivered,NO,17.60,Ambient,RFID-KZ-0005,YES,1.52,Low Risk,98.48,Excellent,None,2026-05-11 19:14:02,2026-05-15 16:10:02,2026-05-15 16:10:02,"May 10-16, 2026",1111.36,92.93,0,1,1,0,0,0,1,PKG005,6,"PKG005 | Delivered | Monbetsu, Hokkaido | 17.60°C | Delivered"
PKG006,KZJP2026000006,1,Order Placed,Order Placed,2026-05-21 08:15:29,"Rumoi, Hokkaido",Rumoi,Hokkaido,42.6718,141.4422,23.04,Ambient,99.25,0.75,YES,"Rumoi, Hokkaido",Rumoi,Hokkaido,42.6718,141.4422,"Tosashimizu, Kochi",Tosashimizu,Kochi,33.5796,133.6494,Delivered,NO,24.10,Ambient,RFID-KZ-0006,YES,1.18,Low Risk,98.82,Excellent,None,2026-05-21 08:15:29,2026-05-24 10:02:29,2026-05-24 10:02:29,Other,1218.09,73.78,1,0,0,0,0,0,1,PKG006,1,"PKG006 | Order Placed | Rumoi, Hokkaido | 23.04°C | Order Placed"
PKG006,KZJP2026000006,2,Picked Up,Picked Up,2026-05-21 14:09:39,"Origin Pickup Scan - Eniwa, Hokkaido",Eniwa,Hokkaido,42.182587,140.945297,21.02,Ambient,99.22,0.78,YES,"Rumoi, Hokkaido",Rumoi,Hokkaido,42.6718,141.4422,"Tosashimizu, Kochi",Tosashimizu,Kochi,33.5796,133.6494,Delivered,NO,24.10,Ambient,RFID-KZ-0006,YES,1.18,Low Risk,98.82,Excellent,None,2026-05-21 08:15:29,2026-05-24 10:02:29,2026-05-24 10:02:29,Other,1218.09,73.78,0,0,0,0,0,0,1,PKG006,2,"PKG006 | Picked Up | Origin Pickup Scan - Eniwa, Hokkaido | 21.02°C | Picked Up"
PKG006,KZJP2026000006,3,Departed Origin Hub,In Transit,2026-05-22 02:42:14,"Regional Sorting Hub - Yokote, Akita",Yokote,Akita,40.206815,139.710224,20.80,Ambient,99.42,0.58,YES,"Rumoi, Hokkaido",Rumoi,Hokkaido,42.6718,141.4422,"Tosashimizu, Kochi",Tosashimizu,Kochi,33.5796,133.6494,Delivered,NO,24.10,Ambient,RFID-KZ-0006,YES,1.18,Low Risk,98.82,Excellent,None,2026-05-21 08:15:29,2026-05-24 10:02:29,2026-05-24 10:02:29,Other,1218.09,73.78,0,0,0,0,0,0,1,PKG006,3,"PKG006 | Departed Origin Hub | Regional Sorting Hub - Yokote, Akita | 20.80°C | In Transit"
PKG006,KZJP2026000006,4,In Transit Hub Scan,In Transit,2026-05-22 21:08:59,"Transit Hub Scan - Takaoka, Toyama",Takaoka,Toyama,37.651756,137.449199,21.91,Ambient,99.04,0.96,YES,"Rumoi, Hokkaido",Rumoi,Hokkaido,42.6718,141.4422,"Tosashimizu, Kochi",Tosashimizu,Kochi,33.5796,133.6494,Delivered,NO,24.10,Ambient,RFID-KZ-0006,YES,1.18,Low Risk,98.82,Excellent,None,2026-05-21 08:15:29,2026-05-24 10:02:29,2026-05-24 10:02:29,Other,1218.09,73.78,0,0,0,0,0,0,1,PKG006,4,"PKG006 | In Transit Hub Scan | Transit Hub Scan - Takaoka, Toyama | 21.91°C | In Transit"
PKG006,KZJP2026000006,5,Out for Delivery,Out for Delivery,2026-05-23 17:48:33,"Destination Area Scan - Maizuru, Kyoto",Maizuru,Kyoto,35.367455,135.467305,24.46,Ambient,98.85,1.15,YES,"Rumoi, Hokkaido",Rumoi,Hokkaido,42.6718,141.4422,"Tosashimizu, Kochi",Tosashimizu,Kochi,33.5796,133.6494,Delivered,NO,24.10,Ambient,RFID-KZ-0006,YES,1.18,Low Risk,98.82,Excellent,None,2026-05-21 08:15:29,2026-05-24 10:02:29,2026-05-24 10:02:29,Other,1218.09,73.78,0,0,0,0,0,0,1,PKG006,5,"PKG006 | Out for Delivery | Destination Area Scan - Maizuru, Kyoto | 24.46°C | Out for Delivery"
PKG006,KZJP2026000006,6,Delivered,Delivered,2026-05-24 10:02:29,"Tosashimizu, Kochi",Tosashimizu,Kochi,33.5796,133.6494,24.10,Ambient,98.82,1.18,YES,"Rumoi, Hokkaido",Rumoi,Hokkaido,42.6718,141.4422,"Tosashimizu, Kochi",Tosashimizu,Kochi,33.5796,133.6494,Delivered,NO,24.10,Ambient,RFID-KZ-0006,YES,1.18,Low Risk,98.82,Excellent,None,2026-05-21 08:15:29,2026-05-24 10:02:29,2026-05-24 10:02:29,Other,1218.09,73.78,0,1,1,0,0,0,1,PKG006,6,"PKG006 | Delivered | Tosashimizu, Kochi | 24.10°C | Delivered"
PKG007,KZJP2026000007,1,Order Placed,Order Placed,2026-05-04 17:48:48,"Bunkyo, Tokyo",Bunkyo,Tokyo,35.607,139.6046,21.31,Ambient,99.48,0.52,YES,"Bunkyo, Tokyo",Bunkyo,Tokyo,35.607,139.6046,"Fukuroi, Shizuoka",Fukuroi,Shizuoka,34.9557,138.5008,Delivered,NO,23.90,Ambient,RFID-KZ-0007,YES,1.33,Low Risk,98.67,Excellent,None,2026-05-04 17:48:48,2026-05-07 19:46:48,2026-05-07 19:46:48,"May 3-9, 2026",123.63,73.97,1,0,0,0,0,0,1,PKG007,1,"PKG007 | Order Placed | Bunkyo, Tokyo | 21.31°C | Order Placed"
PKG007,KZJP2026000007,2,Picked Up,Picked Up,2026-05-04 23:43:50,"Origin Pickup Scan - Minamiashigara, Kanagawa",Minamiashigara,Kanagawa,35.570367,139.489971,20.01,Ambient,100.00,0.00,YES,"Bunkyo, Tokyo",Bunkyo,Tokyo,35.607,139.6046,"Fukuroi, Shizuoka",Fukuroi,Shizuoka,34.9557,138.5008,Delivered,NO,23.90,Ambient,RFID-KZ-0007,YES,1.33,Low Risk,98.67,Excellent,None,2026-05-04 17:48:48,2026-05-07 19:46:48,2026-05-07 19:46:48,"May 3-9, 2026",123.63,73.97,0,0,0,0,0,0,1,PKG007,2,"PKG007 | Picked Up | Origin Pickup Scan - Minamiashigara, Kanagawa | 20.01°C | Picked Up"
PKG007,KZJP2026000007,3,Departed Origin Hub,In Transit,2026-05-05 12:18:18,"Regional Sorting Hub - Ayase, Kanagawa",Ayase,Kanagawa,35.414675,139.35028,23.21,Ambient,99.42,0.58,YES,"Bunkyo, Tokyo",Bunkyo,Tokyo,35.607,139.6046,"Fukuroi, Shizuoka",Fukuroi,Shizuoka,34.9557,138.5008,Delivered,NO,23.90,Ambient,RFID-KZ-0007,YES,1.33,Low Risk,98.67,Excellent,None,2026-05-04 17:48:48,2026-05-07 19:46:48,2026-05-07 19:46:48,"May 3-9, 2026",123.63,73.97,0,0,0,0,0,0,1,PKG007,3,"PKG007 | Departed Origin Hub | Regional Sorting Hub - Ayase, Kanagawa | 23.21°C | In Transit"
PKG007,KZJP2026000007,4,In Transit Hub Scan,In Transit,2026-05-06 06:47:48,"Transit Hub Scan - Hadano, Kanagawa",Hadano,Kanagawa,35.316154,139.237199,22.01,Ambient,98.95,1.05,YES,"Bunkyo, Tokyo",Bunkyo,Tokyo,35.607,139.6046,"Fukuroi, Shizuoka",Fukuroi,Shizuoka,34.9557,138.5008,Delivered,NO,23.90,Ambient,RFID-KZ-0007,YES,1.33,Low Risk,98.67,Excellent,None,2026-05-04 17:48:48,2026-05-07 19:46:48,2026-05-07 19:46:48,"May 3-9, 2026",123.63,73.97,0,0,0,0,0,0,1,PKG007,4,"PKG007 | In Transit Hub Scan | Transit Hub Scan - Hadano, Kanagawa | 22.01°C | In Transit"
PKG007,KZJP2026000007,5,Out for Delivery,Out for Delivery,2026-05-07 03:30:26,"Destination Area Scan - Shizuoka, Shizuoka",Shizuoka,Shizuoka,35.110104,138.655779,24.45,Ambient,99.08,0.92,YES,"Bunkyo, Tokyo",Bunkyo,Tokyo,35.607,139.6046,"Fukuroi, Shizuoka",Fukuroi,Shizuoka,34.9557,138.5008,Delivered,NO,23.90,Ambient,RFID-KZ-0007,YES,1.33,Low Risk,98.67,Excellent,None,2026-05-04 17:48:48,2026-05-07 19:46:48,2026-05-07 19:46:48,"May 3-9, 2026",123.63,73.97,0,0,0,0,0,0,1,PKG007,5,"PKG007 | Out for Delivery | Destination Area Scan - Shizuoka, Shizuoka | 24.45°C | Out for Delivery"
PKG007,KZJP2026000007,6,Delivered,Delivered,2026-05-07 19:46:48,"Fukuroi, Shizuoka",Fukuroi,Shizuoka,34.9557,138.5008,23.90,Ambient,98.67,1.33,YES,"Bunkyo, Tokyo",Bunkyo,Tokyo,35.607,139.6046,"Fukuroi, Shizuoka",Fukuroi,Shizuoka,34.9557,138.5008,Delivered,NO,23.90,Ambient,RFID-KZ-0007,YES,1.33,Low Risk,98.67,Excellent,None,2026-05-04 17:48:48,2026-05-07 19:46:48,2026-05-07 19:46:48,"May 3-9, 2026",123.63,73.97,0,1,1,0,0,0,1,PKG007,6,"PKG007 | Delivered | Fukuroi, Shizuoka | 23.90°C | Delivered"
PKG008,KZJP2026000008,1,Order Placed,Order Placed,2026-05-12 14:32:40,"Suzu, Ishikawa",Suzu,Ishikawa,36.4786,136.5694,12.10,Ambient,98.61,1.39,YES,"Suzu, Ishikawa",Suzu,Ishikawa,36.4786,136.5694,"Nishio, Aichi",Nishio,Aichi,35.0794,136.9696,Delivered,NO,18.30,Ambient,RFID-KZ-0008,YES,2.11,Low Risk,97.89,Excellent,None,2026-05-12 14:32:40,2026-05-16 03:29:40,2026-05-16 03:29:40,"May 10-16, 2026",159.72,84.95,1,0,0,0,0,0,1,PKG008,1,"PKG008 | Order Placed | Suzu, Ishikawa | 12.10°C | Order Placed"
PKG008,KZJP2026000008,2,Picked Up,Picked Up,2026-05-12 21:20:25,"Origin Pickup Scan - Kaga, Ishikawa",Kaga,Ishikawa,36.402507,136.638039,17.11,Ambient,98.40,1.60,YES,"Suzu, Ishikawa",Suzu,Ishikawa,36.4786,136.5694,"Nishio, Aichi",Nishio,Aichi,35.0794,136.9696,Delivered,NO,18.30,Ambient,RFID-KZ-0008,YES,2.11,Low Risk,97.89,Excellent,None,2026-05-12 14:32:40,2026-05-16 03:29:40,2026-05-16 03:29:40,"May 10-16, 2026",159.72,84.95,0,0,0,0,0,0,1,PKG008,2,"PKG008 | Picked Up | Origin Pickup Scan - Kaga, Ishikawa | 17.11°C | Picked Up"
PKG008,KZJP2026000008,3,Departed Origin Hub,In Transit,2026-05-13 11:46:55,"Regional Sorting Hub - Kaga, Ishikawa",Kaga,Ishikawa,36.242154,136.658143,17.55,Ambient,97.89,2.11,YES,"Suzu, Ishikawa",Suzu,Ishikawa,36.4786,136.5694,"Nishio, Aichi",Nishio,Aichi,35.0794,136.9696,Delivered,NO,18.30,Ambient,RFID-KZ-0008,YES,2.11,Low Risk,97.89,Excellent,None,2026-05-12 14:32:40,2026-05-16 03:29:40,2026-05-16 03:29:40,"May 10-16, 2026",159.72,84.95,0,0,0,0,0,0,1,PKG008,3,"PKG008 | Departed Origin Hub | Regional Sorting Hub - Kaga, Ishikawa | 17.55°C | In Transit"
PKG008,KZJP2026000008,4,In Transit Hub Scan,In Transit,2026-05-14 09:01:10,"Transit Hub Scan - Hida, Gifu",Hida,Gifu,35.674947,136.769605,15.36,Ambient,97.91,2.09,YES,"Suzu, Ishikawa",Suzu,Ishikawa,36.4786,136.5694,"Nishio, Aichi",Nishio,Aichi,35.0794,136.9696,Delivered,NO,18.30,Ambient,RFID-KZ-0008,YES,2.11,Low Risk,97.89,Excellent,None,2026-05-12 14:32:40,2026-05-16 03:29:40,2026-05-16 03:29:40,"May 10-16, 2026",159.72,84.95,0,0,0,0,0,0,1,PKG008,4,"PKG008 | In Transit Hub Scan | Transit Hub Scan - Hida, Gifu | 15.36°C | In Transit"
PKG008,KZJP2026000008,5,Out for Delivery,Out for Delivery,2026-05-15 08:48:19,"Destination Area Scan - Kaizu, Gifu",Kaizu,Gifu,35.331779,136.781651,16.49,Ambient,98.40,1.60,YES,"Suzu, Ishikawa",Suzu,Ishikawa,36.4786,136.5694,"Nishio, Aichi",Nishio,Aichi,35.0794,136.9696,Delivered,NO,18.30,Ambient,RFID-KZ-0008,YES,2.11,Low Risk,97.89,Excellent,None,2026-05-12 14:32:40,2026-05-16 03:29:40,2026-05-16 03:29:40,"May 10-16, 2026",159.72,84.95,0,0,0,0,0,0,1,PKG008,5,"PKG008 | Out for Delivery | Destination Area Scan - Kaizu, Gifu | 16.49°C | Out for Delivery"
PKG008,KZJP2026000008,6,Delivered,Delivered,2026-05-16 03:29:40,"Nishio, Aichi",Nishio,Aichi,35.0794,136.9696,18.30,Ambient,97.89,2.11,YES,"Suzu, Ishikawa",Suzu,Ishikawa,36.4786,136.5694,"Nishio, Aichi",Nishio,Aichi,35.0794,136.9696,Delivered,NO,18.30,Ambient,RFID-KZ-0008,YES,2.11,Low Risk,97.89,Excellent,None,2026-05-12 14:32:40,2026-05-16 03:29:40,2026-05-16 03:29:40,"May 10-16, 2026",159.72,84.95,0,1,1,0,0,0,1,PKG008,6,"PKG008 | Delivered | Nishio, Aichi | 18.30°C | Delivered"
PKG009,KZJP2026000009,1,Order Placed,Order Placed,2026-05-08 09:02:00,"Tokai, Aichi",Tokai,Aichi,35.0643,136.9327,23.11,Ambient,100.00,0.00,YES,"Tokai, Aichi",Tokai,Aichi,35.0643,136.9327,"Takatsuki, Osaka",Takatsuki,Osaka,34.7136,135.6206,Delivered,NO,22.00,Ambient,RFID-KZ-0009,YES,0.76,Low Risk,99.24,Excellent,None,2026-05-08 09:02:00,2026-05-12 01:48:00,2026-05-12 01:48:00,"May 3-9, 2026",125.87,88.77,1,0,0,0,0,0,1,PKG009,1,"PKG009 | Order Placed | Tokai, Aichi | 23.11°C | Order Placed"
PKG009,KZJP2026000009,2,Picked Up,Picked Up,2026-05-08 16:08:05,"Origin Pickup Scan - Yatomi, Aichi",Yatomi,Aichi,35.038987,136.841586,19.92,Ambient,99.43,0.57,YES,"Tokai, Aichi",Tokai,Aichi,35.0643,136.9327,"Takatsuki, Osaka",Takatsuki,Osaka,34.7136,135.6206,Delivered,NO,22.00,Ambient,RFID-KZ-0009,YES,0.76,Low Risk,99.24,Excellent,None,2026-05-08 09:02:00,2026-05-12 01:48:00,2026-05-12 01:48:00,"May 3-9, 2026",125.87,88.77,0,0,0,0,0,0,1,PKG009,2,"PKG009 | Picked Up | Origin Pickup Scan - Yatomi, Aichi | 19.92°C | Picked Up"
PKG009,KZJP2026000009,3,Departed Origin Hub,In Transit,2026-05-09 07:13:30,"Regional Sorting Hub - Yokkaichi, Mie",Yokkaichi,Mie,34.955821,136.556901,20.89,Ambient,99.70,0.30,YES,"Tokai, Aichi",Tokai,Aichi,35.0643,136.9327,"Takatsuki, Osaka",Takatsuki,Osaka,34.7136,135.6206,Delivered,NO,22.00,Ambient,RFID-KZ-0009,YES,0.76,Low Risk,99.24,Excellent,None,2026-05-08 09:02:00,2026-05-12 01:48:00,2026-05-12 01:48:00,"May 3-9, 2026",125.87,88.77,0,0,0,0,0,0,1,PKG009,3,"PKG009 | Departed Origin Hub | Regional Sorting Hub - Yokkaichi, Mie | 20.89°C | In Transit"
PKG009,KZJP2026000009,4,In Transit Hub Scan,In Transit,2026-05-10 05:25:00,"Transit Hub Scan - Inabe, Mie",Inabe,Mie,34.853773,136.30365,20.78,Ambient,99.40,0.60,YES,"Tokai, Aichi",Tokai,Aichi,35.0643,136.9327,"Takatsuki, Osaka",Takatsuki,Osaka,34.7136,135.6206,Delivered,NO,22.00,Ambient,RFID-KZ-0009,YES,0.76,Low Risk,99.24,Excellent,None,2026-05-08 09:02:00,2026-05-12 01:48:00,2026-05-12 01:48:00,"May 3-9, 2026",125.87,88.77,0,0,0,0,0,0,1,PKG009,4,"PKG009 | In Transit Hub Scan | Transit Hub Scan - Inabe, Mie | 20.78°C | In Transit"
PKG009,KZJP2026000009,5,Out for Delivery,Out for Delivery,2026-05-11 06:16:17,"Destination Area Scan - Yamatotakada, Nara",Yamatotakada,Nara,34.821948,135.857018,23.17,Ambient,99.67,0.33,YES,"Tokai, Aichi",Tokai,Aichi,35.0643,136.9327,"Takatsuki, Osaka",Takatsuki,Osaka,34.7136,135.6206,Delivered,NO,22.00,Ambient,RFID-KZ-0009,YES,0.76,Low Risk,99.24,Excellent,None,2026-05-08 09:02:00,2026-05-12 01:48:00,2026-05-12 01:48:00,"May 3-9, 2026",125.87,88.77,0,0,0,0,0,0,1,PKG009,5,"PKG009 | Out for Delivery | Destination Area Scan - Yamatotakada, Nara | 23.17°C | Out for Delivery"
PKG009,KZJP2026000009,6,Delivered,Delivered,2026-05-12 01:48:00,"Takatsuki, Osaka",Takatsuki,Osaka,34.7136,135.6206,22.00,Ambient,99.24,0.76,YES,"Tokai, Aichi",Tokai,Aichi,35.0643,136.9327,"Takatsuki, Osaka",Takatsuki,Osaka,34.7136,135.6206,Delivered,NO,22.00,Ambient,RFID-KZ-0009,YES,0.76,Low Risk,99.24,Excellent,None,2026-05-08 09:02:00,2026-05-12 01:48:00,2026-05-12 01:48:00,"May 3-9, 2026",125.87,88.77,0,1,1,0,0,0,1,PKG009,6,"PKG009 | Delivered | Takatsuki, Osaka | 22.00°C | Delivered"
PKG010,KZJP2026000010,1,Order Placed,Order Placed,2026-05-04 14:49:52,"Atami, Shizuoka",Atami,Shizuoka,34.9866,138.263,1.21,Cool,99.08,0.92,YES,"Atami, Shizuoka",Atami,Shizuoka,34.9866,138.263,"Chikugo, Fukuoka",Chikugo,Fukuoka,33.705,130.3667,Delivered,YES,3.80,Cool,RFID-KZ-0010,YES,0.88,Low Risk,99.12,Excellent,None,2026-05-04 14:49:52,2026-05-06 05:55:52,2026-05-06 05:55:52,"May 3-9, 2026",738.60,39.10,1,0,0,0,0,1,1,PKG010,1,"PKG010 | Order Placed | Atami, Shizuoka | 1.21°C | Order Placed"
PKG010,KZJP2026000010,2,Picked Up,Picked Up,2026-05-04 17:57:33,"Origin Pickup Scan - Ama, Aichi",Ama,Aichi,35.007871,137.384852,4.62,Cool,99.71,0.29,YES,"Atami, Shizuoka",Atami,Shizuoka,34.9866,138.263,"Chikugo, Fukuoka",Chikugo,Fukuoka,33.705,130.3667,Delivered,YES,3.80,Cool,RFID-KZ-0010,YES,0.88,Low Risk,99.12,Excellent,None,2026-05-04 14:49:52,2026-05-06 05:55:52,2026-05-06 05:55:52,"May 3-9, 2026",738.60,39.10,0,0,0,0,0,0,1,PKG010,2,"PKG010 | Picked Up | Origin Pickup Scan - Ama, Aichi | 4.62°C | Picked Up"
PKG010,KZJP2026000010,3,Departed Origin Hub,In Transit,2026-05-05 00:36:22,"Regional Sorting Hub - Matsusaka, Mie",Matsusaka,Mie,34.718947,136.324219,2.73,Cool,99.24,0.76,YES,"Atami, Shizuoka",Atami,Shizuoka,34.9866,138.263,"Chikugo, Fukuoka",Chikugo,Fukuoka,33.705,130.3667,Delivered,YES,3.80,Cool,RFID-KZ-0010,YES,0.88,Low Risk,99.12,Excellent,None,2026-05-04 14:49:52,2026-05-06 05:55:52,2026-05-06 05:55:52,"May 3-9, 2026",738.60,39.10,0,0,0,0,0,0,1,PKG010,3,"PKG010 | Departed Origin Hub | Regional Sorting Hub - Matsusaka, Mie | 2.73°C | In Transit"
PKG010,KZJP2026000010,4,In Transit Hub Scan,In Transit,2026-05-05 10:22:52,"Transit Hub Scan - Kan'onji, Kagawa",Kan'onji,Kagawa,34.329386,134.272881,5.04,Cool,99.35,0.65,YES,"Atami, Shizuoka",Atami,Shizuoka,34.9866,138.263,"Chikugo, Fukuoka",Chikugo,Fukuoka,33.705,130.3667,Delivered,YES,3.80,Cool,RFID-KZ-0010,YES,0.88,Low Risk,99.12,Excellent,None,2026-05-04 14:49:52,2026-05-06 05:55:52,2026-05-06 05:55:52,"May 3-9, 2026",738.60,39.10,0,0,0,0,0,0,1,PKG010,4,"PKG010 | In Transit Hub Scan | Transit Hub Scan - Kan'onji, Kagawa | 5.04°C | In Transit"
PKG010,KZJP2026000010,5,Out for Delivery,Out for Delivery,2026-05-05 21:19:45,"Destination Area Scan - Onomichi, Hiroshima",Onomichi,Hiroshima,34.104162,132.181551,2.75,Cool,99.63,0.37,YES,"Atami, Shizuoka",Atami,Shizuoka,34.9866,138.263,"Chikugo, Fukuoka",Chikugo,Fukuoka,33.705,130.3667,Delivered,YES,3.80,Cool,RFID-KZ-0010,YES,0.88,Low Risk,99.12,Excellent,None,2026-05-04 14:49:52,2026-05-06 05:55:52,2026-05-06 05:55:52,"May 3-9, 2026",738.60,39.10,0,0,0,0,0,0,1,PKG010,5,"PKG010 | Out for Delivery | Destination Area Scan - Onomichi, Hiroshima | 2.75°C | Out for Delivery"
PKG010,KZJP2026000010,6,Delivered,Delivered,2026-05-06 05:55:52,"Chikugo, Fukuoka",Chikugo,Fukuoka,33.705,130.3667,3.80,Cool,99.12,0.88,YES,"Atami, Shizuoka",Atami,Shizuoka,34.9866,138.263,"Chikugo, Fukuoka",Chikugo,Fukuoka,33.705,130.3667,Delivered,YES,3.80,Cool,RFID-KZ-0010,YES,0.88,Low Risk,99.12,Excellent,None,2026-05-04 14:49:52,2026-05-06 05:55:52,2026-05-06 05:55:52,"May 3-9, 2026",738.60,39.10,0,1,1,0,0,0,1,PKG010,6,"PKG010 | Delivered | Chikugo, Fukuoka | 3.80°C | Delivered"
PKG011,KZJP2026000011,1,Order Placed,Order Placed,2026-05-09 19:39:30,"Seki, Gifu",Seki,Gifu,35.3331,136.6726,25.93,Danger Zone,99.69,0.31,YES,"Seki, Gifu",Seki,Gifu,35.3331,136.6726,"Matsumoto, Nagano",Matsumoto,Nagano,36.7684,138.2073,Delivered,NO,23.00,Ambient,RFID-KZ-0011,YES,0.24,Low Risk,99.76,Excellent,None,2026-05-09 19:39:30,2026-05-12 01:11:30,2026-05-12 01:11:30,"May 3-9, 2026",210.96,53.53,1,0,0,0,0,0,1,PKG011,1,"PKG011 | Order Placed | Seki, Gifu | 25.93°C | Order Placed"
PKG011,KZJP2026000011,2,Picked Up,Picked Up,2026-05-09 23:56:28,"Origin Pickup Scan - Hashima, Gifu",Hashima,Gifu,35.48563,136.796801,19.52,Ambient,99.87,0.13,YES,"Seki, Gifu",Seki,Gifu,35.3331,136.6726,"Matsumoto, Nagano",Matsumoto,Nagano,36.7684,138.2073,Delivered,NO,23.00,Ambient,RFID-KZ-0011,YES,0.24,Low Risk,99.76,Excellent,None,2026-05-09 19:39:30,2026-05-12 01:11:30,2026-05-12 01:11:30,"May 3-9, 2026",210.96,53.53,0,0,0,0,0,0,1,PKG011,2,"PKG011 | Picked Up | Origin Pickup Scan - Hashima, Gifu | 19.52°C | Picked Up"
PKG011,KZJP2026000011,3,Departed Origin Hub,In Transit,2026-05-10 09:02:30,"Regional Sorting Hub - Mizuho, Gifu",Mizuho,Gifu,35.635179,137.010247,22.28,Ambient,98.97,1.03,YES,"Seki, Gifu",Seki,Gifu,35.3331,136.6726,"Matsumoto, Nagano",Matsumoto,Nagano,36.7684,138.2073,Delivered,NO,23.00,Ambient,RFID-KZ-0011,YES,0.24,Low Risk,99.76,Excellent,None,2026-05-09 19:39:30,2026-05-12 01:11:30,2026-05-12 01:11:30,"May 3-9, 2026",210.96,53.53,0,0,0,0,0,0,1,PKG011,3,"PKG011 | Departed Origin Hub | Regional Sorting Hub - Mizuho, Gifu | 22.28°C | In Transit"
PKG011,KZJP2026000011,4,In Transit Hub Scan,In Transit,2026-05-10 22:25:30,"Transit Hub Scan - Kurobe, Toyama",Kurobe,Toyama,36.253254,137.373878,25.14,Danger Zone,99.60,0.40,YES,"Seki, Gifu",Seki,Gifu,35.3331,136.6726,"Matsumoto, Nagano",Matsumoto,Nagano,36.7684,138.2073,Delivered,NO,23.00,Ambient,RFID-KZ-0011,YES,0.24,Low Risk,99.76,Excellent,None,2026-05-09 19:39:30,2026-05-12 01:11:30,2026-05-12 01:11:30,"May 3-9, 2026",210.96,53.53,0,0,0,0,0,0,1,PKG011,4,"PKG011 | In Transit Hub Scan | Transit Hub Scan - Kurobe, Toyama | 25.14°C | In Transit"
PKG011,KZJP2026000011,5,Out for Delivery,Out for Delivery,2026-05-11 13:24:52,"Destination Area Scan - Iiyama, Nagano",Iiyama,Nagano,36.529109,137.966979,21.39,Ambient,100.00,0.00,YES,"Seki, Gifu",Seki,Gifu,35.3331,136.6726,"Matsumoto, Nagano",Matsumoto,Nagano,36.7684,138.2073,Delivered,NO,23.00,Ambient,RFID-KZ-0011,YES,0.24,Low Risk,99.76,Excellent,None,2026-05-09 19:39:30,2026-05-12 01:11:30,2026-05-12 01:11:30,"May 3-9, 2026",210.96,53.53,0,0,0,0,0,0,1,PKG011,5,"PKG011 | Out for Delivery | Destination Area Scan - Iiyama, Nagano | 21.39°C | Out for Delivery"
PKG011,KZJP2026000011,6,Delivered,Delivered,2026-05-12 01:11:30,"Matsumoto, Nagano",Matsumoto,Nagano,36.7684,138.2073,23.00,Ambient,99.76,0.24,YES,"Seki, Gifu",Seki,Gifu,35.3331,136.6726,"Matsumoto, Nagano",Matsumoto,Nagano,36.7684,138.2073,Delivered,NO,23.00,Ambient,RFID-KZ-0011,YES,0.24,Low Risk,99.76,Excellent,None,2026-05-09 19:39:30,2026-05-12 01:11:30,2026-05-12 01:11:30,"May 3-9, 2026",210.96,53.53,0,1,1,0,0,0,1,PKG011,6,"PKG011 | Delivered | Matsumoto, Nagano | 23.00°C | Delivered"
PKG012,KZJP2026000012,1,Order Placed,Order Placed,2026-05-09 08:11:39,"Mino, Gifu",Mino,Gifu,35.3398,136.8528,22.05,Ambient,99.78,0.22,YES,"Mino, Gifu",Mino,Gifu,35.3398,136.8528,"Nagasaki, Nagasaki",Nagasaki,Nagasaki,32.8076,129.9826,Delivered,NO,20.40,Ambient,RFID-KZ-0012,YES,0.16,Low Risk,99.84,Excellent,None,2026-05-09 08:11:39,2026-05-12 15:34:39,2026-05-12 15:34:39,"May 3-9, 2026",692.37,79.38,1,0,0,0,0,0,1,PKG012,1,"PKG012 | Order Placed | Mino, Gifu | 22.05°C | Order Placed"
PKG012,KZJP2026000012,2,Picked Up,Picked Up,2026-05-09 14:32:41,"Origin Pickup Scan - Otsu, Shiga",Otsu,Shiga,35.140866,136.19243,18.08,Ambient,99.78,0.22,YES,"Mino, Gifu",Mino,Gifu,35.3398,136.8528,"Nagasaki, Nagasaki",Nagasaki,Nagasaki,32.8076,129.9826,Delivered,NO,20.40,Ambient,RFID-KZ-0012,YES,0.16,Low Risk,99.84,Excellent,None,2026-05-09 08:11:39,2026-05-12 15:34:39,2026-05-12 15:34:39,"May 3-9, 2026",692.37,79.38,0,0,0,0,0,0,1,PKG012,2,"PKG012 | Picked Up | Origin Pickup Scan - Otsu, Shiga | 18.08°C | Picked Up"
PKG012,KZJP2026000012,3,Departed Origin Hub,In Transit,2026-05-10 04:02:24,"Regional Sorting Hub - Ono, Hyogo",Ono,Hyogo,34.777045,135.110138,16.50,Ambient,100.00,0.00,YES,"Mino, Gifu",Mino,Gifu,35.3398,136.8528,"Nagasaki, Nagasaki",Nagasaki,Nagasaki,32.8076,129.9826,Delivered,NO,20.40,Ambient,RFID-KZ-0012,YES,0.16,Low Risk,99.84,Excellent,None,2026-05-09 08:11:39,2026-05-12 15:34:39,2026-05-12 15:34:39,"May 3-9, 2026",692.37,79.38,0,0,0,0,0,0,1,PKG012,3,"PKG012 | Departed Origin Hub | Regional Sorting Hub - Ono, Hyogo | 16.50°C | In Transit"
PKG012,KZJP2026000012,4,In Transit Hub Scan,In Transit,2026-05-10 23:53:09,"Transit Hub Scan - Kami, Kochi",Kami,Kochi,33.973473,133.449643,18.32,Ambient,99.95,0.05,YES,"Mino, Gifu",Mino,Gifu,35.3398,136.8528,"Nagasaki, Nagasaki",Nagasaki,Nagasaki,32.8076,129.9826,Delivered,NO,20.40,Ambient,RFID-KZ-0012,YES,0.16,Low Risk,99.84,Excellent,None,2026-05-09 08:11:39,2026-05-12 15:34:39,2026-05-12 15:34:39,"May 3-9, 2026",692.37,79.38,0,0,0,0,0,0,1,PKG012,4,"PKG012 | In Transit Hub Scan | Transit Hub Scan - Kami, Kochi | 18.32°C | In Transit"
PKG012,KZJP2026000012,5,Out for Delivery,Out for Delivery,2026-05-11 22:06:47,"Destination Area Scan - Hikari, Yamaguchi",Hikari,Yamaguchi,33.592735,131.47749,19.13,Ambient,99.71,0.29,YES,"Mino, Gifu",Mino,Gifu,35.3398,136.8528,"Nagasaki, Nagasaki",Nagasaki,Nagasaki,32.8076,129.9826,Delivered,NO,20.40,Ambient,RFID-KZ-0012,YES,0.16,Low Risk,99.84,Excellent,None,2026-05-09 08:11:39,2026-05-12 15:34:39,2026-05-12 15:34:39,"May 3-9, 2026",692.37,79.38,0,0,0,0,0,0,1,PKG012,5,"PKG012 | Out for Delivery | Destination Area Scan - Hikari, Yamaguchi | 19.13°C | Out for Delivery"
PKG012,KZJP2026000012,6,Delivered,Delivered,2026-05-12 15:34:39,"Nagasaki, Nagasaki",Nagasaki,Nagasaki,32.8076,129.9826,20.40,Ambient,99.84,0.16,YES,"Mino, Gifu",Mino,Gifu,35.3398,136.8528,"Nagasaki, Nagasaki",Nagasaki,Nagasaki,32.8076,129.9826,Delivered,NO,20.40,Ambient,RFID-KZ-0012,YES,0.16,Low Risk,99.84,Excellent,None,2026-05-09 08:11:39,2026-05-12 15:34:39,2026-05-12 15:34:39,"May 3-9, 2026",692.37,79.38,0,1,1,0,0,0,1,PKG012,6,"PKG012 | Delivered | Nagasaki, Nagasaki | 20.40°C | Delivered"
PKG013,KZJP2026000013,1,Order Placed,Order Placed,2026-05-16 08:06:18,"Izu, Shizuoka",Izu,Shizuoka,34.9646,138.263,22.52,Ambient,99.68,0.32,YES,"Izu, Shizuoka",Izu,Shizuoka,34.9646,138.263,"Muroto, Kochi",Muroto,Kochi,33.6768,133.5574,Delivered,NO,26.00,Ambient,RFID-KZ-0013,YES,0.71,Low Risk,99.29,Excellent,None,2026-05-16 08:06:18,2026-05-18 11:57:18,2026-05-18 11:57:18,"May 10-16, 2026",455.19,51.85,1,0,0,0,0,0,1,PKG013,1,"PKG013 | Order Placed | Izu, Shizuoka | 22.52°C | Order Placed"
PKG013,KZJP2026000013,2,Picked Up,Picked Up,2026-05-16 12:15:11,"Origin Pickup Scan - Kakegawa, Shizuoka",Kakegawa,Shizuoka,34.85934,138.012532,22.92,Ambient,100.00,0.00,YES,"Izu, Shizuoka",Izu,Shizuoka,34.9646,138.263,"Muroto, Kochi",Muroto,Kochi,33.6768,133.5574,Delivered,NO,26.00,Ambient,RFID-KZ-0013,YES,0.71,Low Risk,99.29,Excellent,None,2026-05-16 08:06:18,2026-05-18 11:57:18,2026-05-18 11:57:18,"May 10-16, 2026",455.19,51.85,0,0,0,0,0,0,1,PKG013,2,"PKG013 | Picked Up | Origin Pickup Scan - Kakegawa, Shizuoka | 22.92°C | Picked Up"
PKG013,KZJP2026000013,3,Departed Origin Hub,In Transit,2026-05-16 21:04:03,"Regional Sorting Hub - Owase, Mie",Owase,Mie,34.655137,136.920816,24.89,Ambient,99.20,0.80,YES,"Izu, Shizuoka",Izu,Shizuoka,34.9646,138.263,"Muroto, Kochi",Muroto,Kochi,33.6768,133.5574,Delivered,NO,26.00,Ambient,RFID-KZ-0013,YES,0.71,Low Risk,99.29,Excellent,None,2026-05-16 08:06:18,2026-05-18 11:57:18,2026-05-18 11:57:18,"May 10-16, 2026",455.19,51.85,0,0,0,0,0,0,1,PKG013,3,"PKG013 | Departed Origin Hub | Regional Sorting Hub - Owase, Mie | 24.89°C | In Transit"
PKG013,KZJP2026000013,4,In Transit Hub Scan,In Transit,2026-05-17 10:01:48,"Transit Hub Scan - Sakurai, Nara",Sakurai,Nara,34.399267,135.902387,26.33,Danger Zone,99.36,0.64,YES,"Izu, Shizuoka",Izu,Shizuoka,34.9646,138.263,"Muroto, Kochi",Muroto,Kochi,33.6768,133.5574,Delivered,NO,26.00,Ambient,RFID-KZ-0013,YES,0.71,Low Risk,99.29,Excellent,None,2026-05-16 08:06:18,2026-05-18 11:57:18,2026-05-18 11:57:18,"May 10-16, 2026",455.19,51.85,0,0,0,0,0,0,1,PKG013,4,"PKG013 | In Transit Hub Scan | Transit Hub Scan - Sakurai, Nara | 26.33°C | In Transit"
PKG013,KZJP2026000013,5,Out for Delivery,Out for Delivery,2026-05-18 00:32:53,"Destination Area Scan - Mima, Tokushima",Mima,Tokushima,34.00224,134.645163,27.55,Danger Zone,99.80,0.20,YES,"Izu, Shizuoka",Izu,Shizuoka,34.9646,138.263,"Muroto, Kochi",Muroto,Kochi,33.6768,133.5574,Delivered,NO,26.00,Ambient,RFID-KZ-0013,YES,0.71,Low Risk,99.29,Excellent,None,2026-05-16 08:06:18,2026-05-18 11:57:18,2026-05-18 11:57:18,"May 10-16, 2026",455.19,51.85,0,0,0,0,0,0,1,PKG013,5,"PKG013 | Out for Delivery | Destination Area Scan - Mima, Tokushima | 27.55°C | Out for Delivery"
PKG013,KZJP2026000013,6,Delivered,Delivered,2026-05-18 11:57:18,"Muroto, Kochi",Muroto,Kochi,33.6768,133.5574,26.00,Ambient,99.29,0.71,YES,"Izu, Shizuoka",Izu,Shizuoka,34.9646,138.263,"Muroto, Kochi",Muroto,Kochi,33.6768,133.5574,Delivered,NO,26.00,Ambient,RFID-KZ-0013,YES,0.71,Low Risk,99.29,Excellent,None,2026-05-16 08:06:18,2026-05-18 11:57:18,2026-05-18 11:57:18,"May 10-16, 2026",455.19,51.85,0,1,1,0,0,0,1,PKG013,6,"PKG013 | Delivered | Muroto, Kochi | 26.00°C | Delivered"
PKG014,KZJP2026000014,1,Order Placed,Order Placed,2026-05-13 17:05:47,"Hachioji, Tokyo",Hachioji,Tokyo,35.8014,139.7351,21.45,Ambient,99.22,0.78,YES,"Hachioji, Tokyo",Hachioji,Tokyo,35.8014,139.7351,"Otsuki, Yamanashi",Otsuki,Yamanashi,35.5814,138.4812,Delivered,NO,21.90,Ambient,RFID-KZ-0014,YES,1.32,Low Risk,98.68,Excellent,None,2026-05-13 17:05:47,2026-05-16 11:47:47,2026-05-16 11:47:47,"May 10-16, 2026",115.85,66.70,1,0,0,0,0,0,1,PKG014,1,"PKG014 | Order Placed | Hachioji, Tokyo | 21.45°C | Order Placed"
PKG014,KZJP2026000014,2,Picked Up,Picked Up,2026-05-13 22:25:57,"Origin Pickup Scan - Tokorozawa, Saitama",Tokorozawa,Saitama,35.780324,139.743801,14.81,Ambient,99.11,0.89,YES,"Hachioji, Tokyo",Hachioji,Tokyo,35.8014,139.7351,"Otsuki, Yamanashi",Otsuki,Yamanashi,35.5814,138.4812,Delivered,NO,21.90,Ambient,RFID-KZ-0014,YES,1.32,Low Risk,98.68,Excellent,None,2026-05-13 17:05:47,2026-05-16 11:47:47,2026-05-16 11:47:47,"May 10-16, 2026",115.85,66.70,0,0,0,0,0,0,1,PKG014,2,"PKG014 | Picked Up | Origin Pickup Scan - Tokorozawa, Saitama | 14.81°C | Picked Up"
PKG014,KZJP2026000014,3,Departed Origin Hub,In Transit,2026-05-14 09:46:17,"Regional Sorting Hub - Kasukabe, Saitama",Kasukabe,Saitama,35.776121,139.444658,23.82,Ambient,98.77,1.23,YES,"Hachioji, Tokyo",Hachioji,Tokyo,35.8014,139.7351,"Otsuki, Yamanashi",Otsuki,Yamanashi,35.5814,138.4812,Delivered,NO,21.90,Ambient,RFID-KZ-0014,YES,1.32,Low Risk,98.68,Excellent,None,2026-05-13 17:05:47,2026-05-16 11:47:47,2026-05-16 11:47:47,"May 10-16, 2026",115.85,66.70,0,0,0,0,0,0,1,PKG014,3,"PKG014 | Departed Origin Hub | Regional Sorting Hub - Kasukabe, Saitama | 23.82°C | In Transit"
PKG014,KZJP2026000014,4,In Transit Hub Scan,In Transit,2026-05-15 02:26:47,"Transit Hub Scan - Kasukabe, Saitama",Kasukabe,Saitama,35.723875,139.28413,19.97,Ambient,99.08,0.92,YES,"Hachioji, Tokyo",Hachioji,Tokyo,35.8014,139.7351,"Otsuki, Yamanashi",Otsuki,Yamanashi,35.5814,138.4812,Delivered,NO,21.90,Ambient,RFID-KZ-0014,YES,1.32,Low Risk,98.68,Excellent,None,2026-05-13 17:05:47,2026-05-16 11:47:47,2026-05-16 11:47:47,"May 10-16, 2026",115.85,66.70,0,0,0,0,0,0,1,PKG014,4,"PKG014 | In Transit Hub Scan | Transit Hub Scan - Kasukabe, Saitama | 19.97°C | In Transit"
PKG014,KZJP2026000014,5,Out for Delivery,Out for Delivery,2026-05-15 21:07:21,"Destination Area Scan - Kai, Yamanashi",Kai,Yamanashi,35.651277,138.699677,23.11,Ambient,98.91,1.09,YES,"Hachioji, Tokyo",Hachioji,Tokyo,35.8014,139.7351,"Otsuki, Yamanashi",Otsuki,Yamanashi,35.5814,138.4812,Delivered,NO,21.90,Ambient,RFID-KZ-0014,YES,1.32,Low Risk,98.68,Excellent,None,2026-05-13 17:05:47,2026-05-16 11:47:47,2026-05-16 11:47:47,"May 10-16, 2026",115.85,66.70,0,0,0,0,0,0,1,PKG014,5,"PKG014 | Out for Delivery | Destination Area Scan - Kai, Yamanashi | 23.11°C | Out for Delivery"
PKG014,KZJP2026000014,6,Delivered,Delivered,2026-05-16 11:47:47,"Otsuki, Yamanashi",Otsuki,Yamanashi,35.5814,138.4812,21.90,Ambient,98.68,1.32,YES,"Hachioji, Tokyo",Hachioji,Tokyo,35.8014,139.7351,"Otsuki, Yamanashi",Otsuki,Yamanashi,35.5814,138.4812,Delivered,NO,21.90,Ambient,RFID-KZ-0014,YES,1.32,Low Risk,98.68,Excellent,None,2026-05-13 17:05:47,2026-05-16 11:47:47,2026-05-16 11:47:47,"May 10-16, 2026",115.85,66.70,0,1,1,0,0,0,1,PKG014,6,"PKG014 | Delivered | Otsuki, Yamanashi | 21.90°C | Delivered"
PKG015,KZJP2026000015,1,Order Placed,Order Placed,2026-05-13 10:58:21,"Susono, Shizuoka",Susono,Shizuoka,35.0955,138.387,3.83,Cool,98.73,1.27,YES,"Susono, Shizuoka",Susono,Shizuoka,35.0955,138.387,"Shibata, Niigata",Shibata,Niigata,37.7963,139.0409,Delivered,YES,5.50,Cool,RFID-KZ-0015,YES,2.07,Low Risk,97.93,Excellent,None,2026-05-13 10:58:21,2026-05-15 08:01:21,2026-05-15 08:01:21,"May 10-16, 2026",305.96,45.05,1,0,0,0,0,1,1,PKG015,1,"PKG015 | Order Placed | Susono, Shizuoka | 3.83°C | Order Placed"
PKG015,KZJP2026000015,2,Picked Up,Picked Up,2026-05-13 14:34:36,"Origin Pickup Scan - Chuo, Yamanashi",Chuo,Yamanashi,35.432692,138.481187,5.51,Cool,98.60,1.40,YES,"Susono, Shizuoka",Susono,Shizuoka,35.0955,138.387,"Shibata, Niigata",Shibata,Niigata,37.7963,139.0409,Delivered,YES,5.50,Cool,RFID-KZ-0015,YES,2.07,Low Risk,97.93,Excellent,None,2026-05-13 10:58:21,2026-05-15 08:01:21,2026-05-15 08:01:21,"May 10-16, 2026",305.96,45.05,0,0,0,0,0,0,1,PKG015,2,"PKG015 | Picked Up | Origin Pickup Scan - Chuo, Yamanashi | 5.51°C | Picked Up"
PKG015,KZJP2026000015,3,Departed Origin Hub,In Transit,2026-05-13 22:14:06,"Regional Sorting Hub - Fujiyoshida, Yamanashi",Fujiyoshida,Yamanashi,35.747099,138.576033,6.18,Cool,98.15,1.85,YES,"Susono, Shizuoka",Susono,Shizuoka,35.0955,138.387,"Shibata, Niigata",Shibata,Niigata,37.7963,139.0409,Delivered,YES,5.50,Cool,RFID-KZ-0015,YES,2.07,Low Risk,97.93,Excellent,None,2026-05-13 10:58:21,2026-05-15 08:01:21,2026-05-15 08:01:21,"May 10-16, 2026",305.96,45.05,0,0,0,0,0,0,1,PKG015,3,"PKG015 | Departed Origin Hub | Regional Sorting Hub - Fujiyoshida, Yamanashi | 6.18°C | In Transit"
PKG015,KZJP2026000015,4,In Transit Hub Scan,In Transit,2026-05-14 09:29:51,"Transit Hub Scan - Annaka, Gunma",Annaka,Gunma,36.470708,138.78322,7.10,Cool,98.29,1.71,YES,"Susono, Shizuoka",Susono,Shizuoka,35.0955,138.387,"Shibata, Niigata",Shibata,Niigata,37.7963,139.0409,Delivered,YES,5.50,Cool,RFID-KZ-0015,YES,2.07,Low Risk,97.93,Excellent,None,2026-05-13 10:58:21,2026-05-15 08:01:21,2026-05-15 08:01:21,"May 10-16, 2026",305.96,45.05,0,0,0,0,0,0,1,PKG015,4,"PKG015 | In Transit Hub Scan | Transit Hub Scan - Annaka, Gunma | 7.10°C | In Transit"
PKG015,KZJP2026000015,5,Out for Delivery,Out for Delivery,2026-05-14 22:06:42,"Destination Area Scan - Itoigawa, Niigata",Itoigawa,Niigata,37.408821,138.933901,3.93,Cool,98.28,1.72,YES,"Susono, Shizuoka",Susono,Shizuoka,35.0955,138.387,"Shibata, Niigata",Shibata,Niigata,37.7963,139.0409,Delivered,YES,5.50,Cool,RFID-KZ-0015,YES,2.07,Low Risk,97.93,Excellent,None,2026-05-13 10:58:21,2026-05-15 08:01:21,2026-05-15 08:01:21,"May 10-16, 2026",305.96,45.05,0,0,0,0,0,0,1,PKG015,5,"PKG015 | Out for Delivery | Destination Area Scan - Itoigawa, Niigata | 3.93°C | Out for Delivery"
PKG015,KZJP2026000015,6,Delivered,Delivered,2026-05-15 08:01:21,"Shibata, Niigata",Shibata,Niigata,37.7963,139.0409,5.50,Cool,97.93,2.07,YES,"Susono, Shizuoka",Susono,Shizuoka,35.0955,138.387,"Shibata, Niigata",Shibata,Niigata,37.7963,139.0409,Delivered,YES,5.50,Cool,RFID-KZ-0015,YES,2.07,Low Risk,97.93,Excellent,None,2026-05-13 10:58:21,2026-05-15 08:01:21,2026-05-15 08:01:21,"May 10-16, 2026",305.96,45.05,0,1,1,0,0,0,1,PKG015,6,"PKG015 | Delivered | Shibata, Niigata | 5.50°C | Delivered"
PKG016,KZJP2026000016,1,Order Placed,Order Placed,2026-05-21 08:52:33,"Tanabe, Wakayama",Tanabe,Wakayama,34.3275,135.1002,2.12,Cool,97.53,2.47,YES,"Tanabe, Wakayama",Tanabe,Wakayama,34.3275,135.1002,"Iyo, Ehime",Iyo,Ehime,33.8591,132.8839,Delivered,YES,2.50,Cool,RFID-KZ-0016,YES,2.49,Low Risk,97.51,Excellent,None,2026-05-21 08:52:33,2026-05-22 18:33:33,2026-05-22 18:33:33,Other,210.62,33.68,1,0,0,0,0,1,1,PKG016,1,"PKG016 | Order Placed | Tanabe, Wakayama | 2.12°C | Order Placed"
PKG016,KZJP2026000016,2,Picked Up,Picked Up,2026-05-21 11:34:13,"Origin Pickup Scan - Gobo, Wakayama",Gobo,Wakayama,34.286666,134.983042,1.31,Cool,97.22,2.78,YES,"Tanabe, Wakayama",Tanabe,Wakayama,34.3275,135.1002,"Iyo, Ehime",Iyo,Ehime,33.8591,132.8839,Delivered,YES,2.50,Cool,RFID-KZ-0016,YES,2.49,Low Risk,97.51,Excellent,None,2026-05-21 08:52:33,2026-05-22 18:33:33,2026-05-22 18:33:33,Other,210.62,33.68,0,0,0,0,0,0,1,PKG016,2,"PKG016 | Picked Up | Origin Pickup Scan - Gobo, Wakayama | 1.31°C | Picked Up"
PKG016,KZJP2026000016,3,Departed Origin Hub,In Transit,2026-05-21 17:17:48,"Regional Sorting Hub - Naruto, Tokushima",Naruto,Tokushima,34.185928,134.561667,0.41,Cool,98.28,1.72,YES,"Tanabe, Wakayama",Tanabe,Wakayama,34.3275,135.1002,"Iyo, Ehime",Iyo,Ehime,33.8591,132.8839,Delivered,YES,2.50,Cool,RFID-KZ-0016,YES,2.49,Low Risk,97.51,Excellent,None,2026-05-21 08:52:33,2026-05-22 18:33:33,2026-05-22 18:33:33,Other,210.62,33.68,0,0,0,0,0,0,1,PKG016,3,"PKG016 | Departed Origin Hub | Regional Sorting Hub - Naruto, Tokushima | 0.41°C | In Transit"
PKG016,KZJP2026000016,4,In Transit Hub Scan,In Transit,2026-05-22 01:43:03,"Transit Hub Scan - Higashikagawa, Kagawa",Higashikagawa,Kagawa,34.149063,134.045838,1.78,Cool,97.83,2.17,YES,"Tanabe, Wakayama",Tanabe,Wakayama,34.3275,135.1002,"Iyo, Ehime",Iyo,Ehime,33.8591,132.8839,Delivered,YES,2.50,Cool,RFID-KZ-0016,YES,2.49,Low Risk,97.51,Excellent,None,2026-05-21 08:52:33,2026-05-22 18:33:33,2026-05-22 18:33:33,Other,210.62,33.68,0,0,0,0,0,0,1,PKG016,4,"PKG016 | In Transit Hub Scan | Transit Hub Scan - Higashikagawa, Kagawa | 1.78°C | In Transit"
PKG016,KZJP2026000016,5,Out for Delivery,Out for Delivery,2026-05-22 11:08:55,"Destination Area Scan - Kami, Kochi",Kami,Kochi,33.877499,133.433052,2.09,Cool,97.67,2.33,YES,"Tanabe, Wakayama",Tanabe,Wakayama,34.3275,135.1002,"Iyo, Ehime",Iyo,Ehime,33.8591,132.8839,Delivered,YES,2.50,Cool,RFID-KZ-0016,YES,2.49,Low Risk,97.51,Excellent,None,2026-05-21 08:52:33,2026-05-22 18:33:33,2026-05-22 18:33:33,Other,210.62,33.68,0,0,0,0,0,0,1,PKG016,5,"PKG016 | Out for Delivery | Destination Area Scan - Kami, Kochi | 2.09°C | Out for Delivery"
PKG016,KZJP2026000016,6,Delivered,Delivered,2026-05-22 18:33:33,"Iyo, Ehime",Iyo,Ehime,33.8591,132.8839,2.50,Cool,97.51,2.49,YES,"Tanabe, Wakayama",Tanabe,Wakayama,34.3275,135.1002,"Iyo, Ehime",Iyo,Ehime,33.8591,132.8839,Delivered,YES,2.50,Cool,RFID-KZ-0016,YES,2.49,Low Risk,97.51,Excellent,None,2026-05-21 08:52:33,2026-05-22 18:33:33,2026-05-22 18:33:33,Other,210.62,33.68,0,1,1,0,0,0,1,PKG016,6,"PKG016 | Delivered | Iyo, Ehime | 2.50°C | Delivered"
PKG017,KZJP2026000017,1,Order Placed,Order Placed,2026-05-09 16:58:23,"Tsukuba, Ibaraki",Tsukuba,Ibaraki,36.4172,140.5398,22.69,Ambient,98.34,1.66,YES,"Tsukuba, Ibaraki",Tsukuba,Ibaraki,36.4172,140.5398,"Yokkaichi, Mie",Yokkaichi,Mie,34.8474,136.5349,Delivered,NO,25.10,Ambient,RFID-KZ-0017,YES,2.68,Low Risk,97.32,Excellent,None,2026-05-09 16:58:23,2026-05-10 16:41:23,2026-05-10 16:41:23,"May 3-9, 2026",401.79,23.72,1,0,0,0,0,0,1,PKG017,1,"PKG017 | Order Placed | Tsukuba, Ibaraki | 22.69°C | Order Placed"
PKG017,KZJP2026000017,2,Picked Up,Picked Up,2026-05-09 18:52:13,"Origin Pickup Scan - Kitaibaraki, Ibaraki",Kitaibaraki,Ibaraki,36.290919,140.301026,22.42,Ambient,97.62,2.38,YES,"Tsukuba, Ibaraki",Tsukuba,Ibaraki,36.4172,140.5398,"Yokkaichi, Mie",Yokkaichi,Mie,34.8474,136.5349,Delivered,NO,25.10,Ambient,RFID-KZ-0017,YES,2.68,Low Risk,97.32,Excellent,None,2026-05-09 16:58:23,2026-05-10 16:41:23,2026-05-10 16:41:23,"May 3-9, 2026",401.79,23.72,0,0,0,0,0,0,1,PKG017,2,"PKG017 | Picked Up | Origin Pickup Scan - Kitaibaraki, Ibaraki | 22.42°C | Picked Up"
PKG017,KZJP2026000017,3,Departed Origin Hub,In Transit,2026-05-09 22:54:08,"Regional Sorting Hub - Honjo, Saitama",Honjo,Saitama,35.993494,139.605017,21.04,Ambient,97.50,2.50,YES,"Tsukuba, Ibaraki",Tsukuba,Ibaraki,36.4172,140.5398,"Yokkaichi, Mie",Yokkaichi,Mie,34.8474,136.5349,Delivered,NO,25.10,Ambient,RFID-KZ-0017,YES,2.68,Low Risk,97.32,Excellent,None,2026-05-09 16:58:23,2026-05-10 16:41:23,2026-05-10 16:41:23,"May 3-9, 2026",401.79,23.72,0,0,0,0,0,0,1,PKG017,3,"PKG017 | Departed Origin Hub | Regional Sorting Hub - Honjo, Saitama | 21.04°C | In Transit"
PKG017,KZJP2026000017,4,In Transit Hub Scan,In Transit,2026-05-10 04:49:53,"Transit Hub Scan - Yamanashi, Yamanashi",Yamanashi,Yamanashi,35.663311,138.493562,21.60,Ambient,96.97,3.03,YES,"Tsukuba, Ibaraki",Tsukuba,Ibaraki,36.4172,140.5398,"Yokkaichi, Mie",Yokkaichi,Mie,34.8474,136.5349,Delivered,NO,25.10,Ambient,RFID-KZ-0017,YES,2.68,Low Risk,97.32,Excellent,None,2026-05-09 16:58:23,2026-05-10 16:41:23,2026-05-10 16:41:23,"May 3-9, 2026",401.79,23.72,0,0,0,0,0,0,1,PKG017,4,"PKG017 | In Transit Hub Scan | Transit Hub Scan - Yamanashi, Yamanashi | 21.60°C | In Transit"
PKG017,KZJP2026000017,5,Out for Delivery,Out for Delivery,2026-05-10 11:28:19,"Destination Area Scan - Tahara, Aichi",Tahara,Aichi,35.203903,137.301751,25.58,Danger Zone,97.05,2.95,YES,"Tsukuba, Ibaraki",Tsukuba,Ibaraki,36.4172,140.5398,"Yokkaichi, Mie",Yokkaichi,Mie,34.8474,136.5349,Delivered,NO,25.10,Ambient,RFID-KZ-0017,YES,2.68,Low Risk,97.32,Excellent,None,2026-05-09 16:58:23,2026-05-10 16:41:23,2026-05-10 16:41:23,"May 3-9, 2026",401.79,23.72,0,0,0,0,0,0,1,PKG017,5,"PKG017 | Out for Delivery | Destination Area Scan - Tahara, Aichi | 25.58°C | Out for Delivery"
PKG017,KZJP2026000017,6,Delivered,Delivered,2026-05-10 16:41:23,"Yokkaichi, Mie",Yokkaichi,Mie,34.8474,136.5349,25.10,Ambient,97.32,2.68,YES,"Tsukuba, Ibaraki",Tsukuba,Ibaraki,36.4172,140.5398,"Yokkaichi, Mie",Yokkaichi,Mie,34.8474,136.5349,Delivered,NO,25.10,Ambient,RFID-KZ-0017,YES,2.68,Low Risk,97.32,Excellent,None,2026-05-09 16:58:23,2026-05-10 16:41:23,2026-05-10 16:41:23,"May 3-9, 2026",401.79,23.72,0,1,1,0,0,0,1,PKG017,6,"PKG017 | Delivered | Yokkaichi, Mie | 25.10°C | Delivered"
PKG018,KZJP2026000018,1,Order Placed,Order Placed,2026-05-17 15:50:00,"Kitanagoya, Aichi",Kitanagoya,Aichi,35.1487,136.7909,23.18,Ambient,99.11,0.89,YES,"Kitanagoya, Aichi",Kitanagoya,Aichi,35.1487,136.7909,"Toyota, Aichi",Toyota,Aichi,35.1319,136.7971,Delivered,NO,23.80,Ambient,RFID-KZ-0018,YES,1.57,Low Risk,98.43,Excellent,None,2026-05-17 15:50:00,2026-05-21 03:48:00,2026-05-21 03:48:00,Other,1.95,83.97,1,0,0,0,0,0,1,PKG018,1,"PKG018 | Order Placed | Kitanagoya, Aichi | 23.18°C | Order Placed"
PKG018,KZJP2026000018,2,Picked Up,Picked Up,2026-05-17 22:33:03,"Origin Pickup Scan - Kitanagoya, Aichi",Kitanagoya,Aichi,35.147987,136.7762,22.34,Ambient,99.18,0.82,YES,"Kitanagoya, Aichi",Kitanagoya,Aichi,35.1487,136.7909,"Toyota, Aichi",Toyota,Aichi,35.1319,136.7971,Delivered,NO,23.80,Ambient,RFID-KZ-0018,YES,1.57,Low Risk,98.43,Excellent,None,2026-05-17 15:50:00,2026-05-21 03:48:00,2026-05-21 03:48:00,Other,1.95,83.97,0,0,0,0,0,0,1,PKG018,2,"PKG018 | Picked Up | Origin Pickup Scan - Kitanagoya, Aichi | 22.34°C | Picked Up"
PKG018,KZJP2026000018,3,Departed Origin Hub,In Transit,2026-05-18 12:49:30,"Regional Sorting Hub - Komaki, Aichi",Komaki,Aichi,35.169463,136.800085,20.20,Ambient,98.76,1.24,YES,"Kitanagoya, Aichi",Kitanagoya,Aichi,35.1487,136.7909,"Toyota, Aichi",Toyota,Aichi,35.1319,136.7971,Delivered,NO,23.80,Ambient,RFID-KZ-0018,YES,1.57,Low Risk,98.43,Excellent,None,2026-05-17 15:50:00,2026-05-21 03:48:00,2026-05-21 03:48:00,Other,1.95,83.97,0,0,0,0,0,0,1,PKG018,3,"PKG018 | Departed Origin Hub | Regional Sorting Hub - Komaki, Aichi | 20.20°C | In Transit"
PKG018,KZJP2026000018,4,In Transit Hub Scan,In Transit,2026-05-19 09:49:00,"Transit Hub Scan - Komaki, Aichi",Komaki,Aichi,35.162029,136.779548,24.16,Ambient,98.68,1.32,YES,"Kitanagoya, Aichi",Kitanagoya,Aichi,35.1487,136.7909,"Toyota, Aichi",Toyota,Aichi,35.1319,136.7971,Delivered,NO,23.80,Ambient,RFID-KZ-0018,YES,1.57,Low Risk,98.43,Excellent,None,2026-05-17 15:50:00,2026-05-21 03:48:00,2026-05-21 03:48:00,Other,1.95,83.97,0,0,0,0,0,0,1,PKG018,4,"PKG018 | In Transit Hub Scan | Transit Hub Scan - Komaki, Aichi | 24.16°C | In Transit"
PKG018,KZJP2026000018,5,Out for Delivery,Out for Delivery,2026-05-20 09:19:39,"Destination Area Scan - Inazawa, Aichi",Inazawa,Aichi,35.068654,136.834718,25.66,Danger Zone,98.69,1.31,YES,"Kitanagoya, Aichi",Kitanagoya,Aichi,35.1487,136.7909,"Toyota, Aichi",Toyota,Aichi,35.1319,136.7971,Delivered,NO,23.80,Ambient,RFID-KZ-0018,YES,1.57,Low Risk,98.43,Excellent,None,2026-05-17 15:50:00,2026-05-21 03:48:00,2026-05-21 03:48:00,Other,1.95,83.97,0,0,0,0,0,0,1,PKG018,5,"PKG018 | Out for Delivery | Destination Area Scan - Inazawa, Aichi | 25.66°C | Out for Delivery"
PKG018,KZJP2026000018,6,Delivered,Delivered,2026-05-21 03:48:00,"Toyota, Aichi",Toyota,Aichi,35.1319,136.7971,23.80,Ambient,98.43,1.57,YES,"Kitanagoya, Aichi",Kitanagoya,Aichi,35.1487,136.7909,"Toyota, Aichi",Toyota,Aichi,35.1319,136.7971,Delivered,NO,23.80,Ambient,RFID-KZ-0018,YES,1.57,Low Risk,98.43,Excellent,None,2026-05-17 15:50:00,2026-05-21 03:48:00,2026-05-21 03:48:00,Other,1.95,83.97,0,1,1,0,0,0,1,PKG018,6,"PKG018 | Delivered | Toyota, Aichi | 23.80°C | Delivered"
PKG019,KZJP2026000019,1,Order Placed,Order Placed,2026-05-05 09:44:49,"Zama, Kanagawa",Zama,Kanagawa,35.5677,139.647,20.92,Ambient,98.43,1.57,YES,"Zama, Kanagawa",Zama,Kanagawa,35.5677,139.647,"Omuta, Fukuoka",Omuta,Fukuoka,33.6872,130.3311,Delivered,NO,24.00,Ambient,RFID-KZ-0019,YES,2.33,Low Risk,97.67,Excellent,None,2026-05-05 09:44:49,2026-05-09 02:21:49,2026-05-09 02:21:49,"May 3-9, 2026",877.28,88.62,1,0,0,0,0,0,1,PKG019,1,"PKG019 | Order Placed | Zama, Kanagawa | 20.92°C | Order Placed"
PKG019,KZJP2026000019,2,Picked Up,Picked Up,2026-05-05 16:50:11,"Origin Pickup Scan - Minami-Alps, Yamanashi",Minami-Alps,Yamanashi,35.490183,138.812994,18.43,Ambient,97.73,2.27,YES,"Zama, Kanagawa",Zama,Kanagawa,35.5677,139.647,"Omuta, Fukuoka",Omuta,Fukuoka,33.6872,130.3311,Delivered,NO,24.00,Ambient,RFID-KZ-0019,YES,2.33,Low Risk,97.67,Excellent,None,2026-05-05 09:44:49,2026-05-09 02:21:49,2026-05-09 02:21:49,"May 3-9, 2026",877.28,88.62,0,0,0,0,0,0,1,PKG019,2,"PKG019 | Picked Up | Origin Pickup Scan - Minami-Alps, Yamanashi | 18.43°C | Picked Up"
PKG019,KZJP2026000019,3,Departed Origin Hub,In Transit,2026-05-06 07:54:04,"Regional Sorting Hub - Gamagori, Aichi",Gamagori,Aichi,35.128392,137.201621,20.61,Ambient,97.58,2.42,YES,"Zama, Kanagawa",Zama,Kanagawa,35.5677,139.647,"Omuta, Fukuoka",Omuta,Fukuoka,33.6872,130.3311,Delivered,NO,24.00,Ambient,RFID-KZ-0019,YES,2.33,Low Risk,97.67,Excellent,None,2026-05-05 09:44:49,2026-05-09 02:21:49,2026-05-09 02:21:49,"May 3-9, 2026",877.28,88.62,0,0,0,0,0,0,1,PKG019,3,"PKG019 | Departed Origin Hub | Regional Sorting Hub - Gamagori, Aichi | 20.61°C | In Transit"
PKG019,KZJP2026000019,4,In Transit Hub Scan,In Transit,2026-05-07 06:03:19,"Transit Hub Scan - Ako, Hyogo",Ako,Hyogo,34.634058,135.019476,22.03,Ambient,98.27,1.73,YES,"Zama, Kanagawa",Zama,Kanagawa,35.5677,139.647,"Omuta, Fukuoka",Omuta,Fukuoka,33.6872,130.3311,Delivered,NO,24.00,Ambient,RFID-KZ-0019,YES,2.33,Low Risk,97.67,Excellent,None,2026-05-05 09:44:49,2026-05-09 02:21:49,2026-05-09 02:21:49,"May 3-9, 2026",877.28,88.62,0,0,0,0,0,0,1,PKG019,4,"PKG019 | In Transit Hub Scan | Transit Hub Scan - Ako, Hyogo | 22.03°C | In Transit"
PKG019,KZJP2026000019,5,Out for Delivery,Out for Delivery,2026-05-08 06:52:05,"Destination Area Scan - Etajima, Hiroshima",Etajima,Hiroshima,34.188968,132.399092,21.60,Ambient,97.72,2.28,YES,"Zama, Kanagawa",Zama,Kanagawa,35.5677,139.647,"Omuta, Fukuoka",Omuta,Fukuoka,33.6872,130.3311,Delivered,NO,24.00,Ambient,RFID-KZ-0019,YES,2.33,Low Risk,97.67,Excellent,None,2026-05-05 09:44:49,2026-05-09 02:21:49,2026-05-09 02:21:49,"May 3-9, 2026",877.28,88.62,0,0,0,0,0,0,1,PKG019,5,"PKG019 | Out for Delivery | Destination Area Scan - Etajima, Hiroshima | 21.60°C | Out for Delivery"
PKG019,KZJP2026000019,6,Delivered,Delivered,2026-05-09 02:21:49,"Omuta, Fukuoka",Omuta,Fukuoka,33.6872,130.3311,24.00,Ambient,97.67,2.33,YES,"Zama, Kanagawa",Zama,Kanagawa,35.5677,139.647,"Omuta, Fukuoka",Omuta,Fukuoka,33.6872,130.3311,Delivered,NO,24.00,Ambient,RFID-KZ-0019,YES,2.33,Low Risk,97.67,Excellent,None,2026-05-05 09:44:49,2026-05-09 02:21:49,2026-05-09 02:21:49,"May 3-9, 2026",877.28,88.62,0,1,1,0,0,0,1,PKG019,6,"PKG019 | Delivered | Omuta, Fukuoka | 24.00°C | Delivered"
PKG020,KZJP2026000020,1,Order Placed,Order Placed,2026-05-01 14:56:06,"Tosashimizu, Kochi",Tosashimizu,Kochi,33.5796,133.6494,3.54,Cool,100.00,0.00,YES,"Tosashimizu, Kochi",Tosashimizu,Kochi,33.5796,133.6494,"Ichihara, Chiba",Ichihara,Chiba,35.7272,140.1109,Delivered,YES,5.90,Cool,RFID-KZ-0020,YES,0.24,Low Risk,99.76,Excellent,None,2026-05-01 14:56:06,2026-05-03 12:40:06,2026-05-03 12:40:06,Other,637.28,45.73,1,0,0,0,0,1,1,PKG020,1,"PKG020 | Order Placed | Tosashimizu, Kochi | 3.54°C | Order Placed"
PKG020,KZJP2026000020,2,Picked Up,Picked Up,2026-05-01 18:35:37,"Origin Pickup Scan - Yoshinogawa, Tokushima",Yoshinogawa,Tokushima,33.815333,134.266204,4.51,Cool,99.74,0.26,YES,"Tosashimizu, Kochi",Tosashimizu,Kochi,33.5796,133.6494,"Ichihara, Chiba",Ichihara,Chiba,35.7272,140.1109,Delivered,YES,5.90,Cool,RFID-KZ-0020,YES,0.24,Low Risk,99.76,Excellent,None,2026-05-01 14:56:06,2026-05-03 12:40:06,2026-05-03 12:40:06,Other,637.28,45.73,0,0,0,0,0,0,1,PKG020,2,"PKG020 | Picked Up | Origin Pickup Scan - Yoshinogawa, Tokushima | 4.51°C | Picked Up"
PKG020,KZJP2026000020,3,Departed Origin Hub,In Transit,2026-05-02 02:22:06,"Regional Sorting Hub - Shingu, Wakayama",Shingu,Wakayama,34.137406,135.286662,3.58,Cool,99.56,0.44,YES,"Tosashimizu, Kochi",Tosashimizu,Kochi,33.5796,133.6494,"Ichihara, Chiba",Ichihara,Chiba,35.7272,140.1109,Delivered,YES,5.90,Cool,RFID-KZ-0020,YES,0.24,Low Risk,99.76,Excellent,None,2026-05-01 14:56:06,2026-05-03 12:40:06,2026-05-03 12:40:06,Other,637.28,45.73,0,0,0,0,0,0,1,PKG020,3,"PKG020 | Departed Origin Hub | Regional Sorting Hub - Shingu, Wakayama | 3.58°C | In Transit"
PKG020,KZJP2026000020,4,In Transit Hub Scan,In Transit,2026-05-02 13:48:06,"Transit Hub Scan - Owase, Mie",Owase,Mie,34.676379,136.787289,4.82,Cool,99.85,0.15,YES,"Tosashimizu, Kochi",Tosashimizu,Kochi,33.5796,133.6494,"Ichihara, Chiba",Ichihara,Chiba,35.7272,140.1109,Delivered,YES,5.90,Cool,RFID-KZ-0020,YES,0.24,Low Risk,99.76,Excellent,None,2026-05-01 14:56:06,2026-05-03 12:40:06,2026-05-03 12:40:06,Other,637.28,45.73,0,0,0,0,0,0,1,PKG020,4,"PKG020 | In Transit Hub Scan | Transit Hub Scan - Owase, Mie | 4.82°C | In Transit"
PKG020,KZJP2026000020,5,Out for Delivery,Out for Delivery,2026-05-03 02:36:25,"Destination Area Scan - Shimoda, Shizuoka",Shimoda,Shizuoka,35.158394,138.587302,5.91,Cool,99.93,0.07,YES,"Tosashimizu, Kochi",Tosashimizu,Kochi,33.5796,133.6494,"Ichihara, Chiba",Ichihara,Chiba,35.7272,140.1109,Delivered,YES,5.90,Cool,RFID-KZ-0020,YES,0.24,Low Risk,99.76,Excellent,None,2026-05-01 14:56:06,2026-05-03 12:40:06,2026-05-03 12:40:06,Other,637.28,45.73,0,0,0,0,0,0,1,PKG020,5,"PKG020 | Out for Delivery | Destination Area Scan - Shimoda, Shizuoka | 5.91°C | Out for Delivery"
PKG020,KZJP2026000020,6,Delivered,Delivered,2026-05-03 12:40:06,"Ichihara, Chiba",Ichihara,Chiba,35.7272,140.1109,5.90,Cool,99.76,0.24,YES,"Tosashimizu, Kochi",Tosashimizu,Kochi,33.5796,133.6494,"Ichihara, Chiba",Ichihara,Chiba,35.7272,140.1109,Delivered,YES,5.90,Cool,RFID-KZ-0020,YES,0.24,Low Risk,99.76,Excellent,None,2026-05-01 14:56:06,2026-05-03 12:40:06,2026-05-03 12:40:06,Other,637.28,45.73,0,1,1,0,0,0,1,PKG020,6,"PKG020 | Delivered | Ichihara, Chiba | 5.90°C | Delivered"
PKG021,KZJP2026000021,1,Order Placed,Order Placed,2026-05-08 17:38:19,"Muroto, Kochi",Muroto,Kochi,33.6768,133.5574,5.48,Cool,99.71,0.29,YES,"Muroto, Kochi",Muroto,Kochi,33.6768,133.5574,"Amagasaki, Hyogo",Amagasaki,Hyogo,34.7872,135.1248,Delivered,YES,6.20,Cool,RFID-KZ-0021,YES,0.16,Low Risk,99.84,Excellent,None,2026-05-08 17:38:19,2026-05-12 14:08:19,2026-05-12 14:08:19,"May 3-9, 2026",189.75,92.50,1,0,0,0,0,1,1,PKG021,1,"PKG021 | Order Placed | Muroto, Kochi | 5.48°C | Order Placed"
PKG021,KZJP2026000021,2,Picked Up,Picked Up,2026-05-09 01:02:19,"Origin Pickup Scan - Kochi, Kochi",Kochi,Kochi,33.677647,133.683855,5.91,Cool,99.88,0.12,YES,"Muroto, Kochi",Muroto,Kochi,33.6768,133.5574,"Amagasaki, Hyogo",Amagasaki,Hyogo,34.7872,135.1248,Delivered,YES,6.20,Cool,RFID-KZ-0021,YES,0.16,Low Risk,99.84,Excellent,None,2026-05-08 17:38:19,2026-05-12 14:08:19,2026-05-12 14:08:19,"May 3-9, 2026",189.75,92.50,0,0,0,0,0,0,1,PKG021,2,"PKG021 | Picked Up | Origin Pickup Scan - Kochi, Kochi | 5.91°C | Picked Up"
PKG021,KZJP2026000021,3,Departed Origin Hub,In Transit,2026-05-09 16:45:49,"Regional Sorting Hub - Higashikagawa, Kagawa",Higashikagawa,Kagawa,34.066252,133.994577,6.83,Cool,99.72,0.28,YES,"Muroto, Kochi",Muroto,Kochi,33.6768,133.5574,"Amagasaki, Hyogo",Amagasaki,Hyogo,34.7872,135.1248,Delivered,YES,6.20,Cool,RFID-KZ-0021,YES,0.16,Low Risk,99.84,Excellent,None,2026-05-08 17:38:19,2026-05-12 14:08:19,2026-05-12 14:08:19,"May 3-9, 2026",189.75,92.50,0,0,0,0,0,0,1,PKG021,3,"PKG021 | Departed Origin Hub | Regional Sorting Hub - Higashikagawa, Kagawa | 6.83°C | In Transit"
PKG021,KZJP2026000021,4,In Transit Hub Scan,In Transit,2026-05-10 15:53:19,"Transit Hub Scan - Komatsushima, Tokushima",Komatsushima,Tokushima,34.187636,134.391535,6.26,Cool,100.00,0.00,YES,"Muroto, Kochi",Muroto,Kochi,33.6768,133.5574,"Amagasaki, Hyogo",Amagasaki,Hyogo,34.7872,135.1248,Delivered,YES,6.20,Cool,RFID-KZ-0021,YES,0.16,Low Risk,99.84,Excellent,None,2026-05-08 17:38:19,2026-05-12 14:08:19,2026-05-12 14:08:19,"May 3-9, 2026",189.75,92.50,0,0,0,0,0,0,1,PKG021,4,"PKG021 | In Transit Hub Scan | Transit Hub Scan - Komatsushima, Tokushima | 6.26°C | In Transit"
PKG021,KZJP2026000021,5,Out for Delivery,Out for Delivery,2026-05-11 17:47:19,"Destination Area Scan - Ako, Hyogo",Ako,Hyogo,34.577056,134.860764,7.03,Cool,99.80,0.20,YES,"Muroto, Kochi",Muroto,Kochi,33.6768,133.5574,"Amagasaki, Hyogo",Amagasaki,Hyogo,34.7872,135.1248,Delivered,YES,6.20,Cool,RFID-KZ-0021,YES,0.16,Low Risk,99.84,Excellent,None,2026-05-08 17:38:19,2026-05-12 14:08:19,2026-05-12 14:08:19,"May 3-9, 2026",189.75,92.50,0,0,0,0,0,0,1,PKG021,5,"PKG021 | Out for Delivery | Destination Area Scan - Ako, Hyogo | 7.03°C | Out for Delivery"
PKG021,KZJP2026000021,6,Delivered,Delivered,2026-05-12 14:08:19,"Amagasaki, Hyogo",Amagasaki,Hyogo,34.7872,135.1248,6.20,Cool,99.84,0.16,YES,"Muroto, Kochi",Muroto,Kochi,33.6768,133.5574,"Amagasaki, Hyogo",Amagasaki,Hyogo,34.7872,135.1248,Delivered,YES,6.20,Cool,RFID-KZ-0021,YES,0.16,Low Risk,99.84,Excellent,None,2026-05-08 17:38:19,2026-05-12 14:08:19,2026-05-12 14:08:19,"May 3-9, 2026",189.75,92.50,0,1,1,0,0,0,1,PKG021,6,"PKG021 | Delivered | Amagasaki, Hyogo | 6.20°C | Delivered"
PKG022,KZJP2026000022,1,Order Placed,Order Placed,2026-05-19 18:59:23,"Adachi, Tokyo",Adachi,Tokyo,35.5724,139.718,20.37,Ambient,99.79,0.21,YES,"Adachi, Tokyo",Adachi,Tokyo,35.5724,139.718,"Namerikawa, Toyama",Namerikawa,Toyama,36.6134,137.1266,Delivered,NO,23.20,Ambient,RFID-KZ-0022,YES,1.52,Low Risk,98.48,Excellent,None,2026-05-19 18:59:23,2026-05-20 19:27:23,2026-05-20 19:27:23,Other,260.02,24.47,1,0,0,0,0,0,1,PKG022,1,"PKG022 | Order Placed | Adachi, Tokyo | 20.37°C | Order Placed"
PKG022,KZJP2026000022,2,Picked Up,Picked Up,2026-05-19 20:56:50,"Origin Pickup Scan - Itabashi, Tokyo",Itabashi,Tokyo,35.67747,139.528049,22.13,Ambient,98.56,1.44,YES,"Adachi, Tokyo",Adachi,Tokyo,35.5724,139.718,"Namerikawa, Toyama",Namerikawa,Toyama,36.6134,137.1266,Delivered,NO,23.20,Ambient,RFID-KZ-0022,YES,1.52,Low Risk,98.48,Excellent,None,2026-05-19 18:59:23,2026-05-20 19:27:23,2026-05-20 19:27:23,Other,260.02,24.47,0,0,0,0,0,0,1,PKG022,2,"PKG022 | Picked Up | Origin Pickup Scan - Itabashi, Tokyo | 22.13°C | Picked Up"
PKG022,KZJP2026000022,3,Departed Origin Hub,In Transit,2026-05-20 01:06:23,"Regional Sorting Hub - Numata, Gunma",Numata,Gunma,35.997743,139.088647,22.83,Ambient,98.32,1.68,YES,"Adachi, Tokyo",Adachi,Tokyo,35.5724,139.718,"Namerikawa, Toyama",Namerikawa,Toyama,36.6134,137.1266,Delivered,NO,23.20,Ambient,RFID-KZ-0022,YES,1.52,Low Risk,98.48,Excellent,None,2026-05-19 18:59:23,2026-05-20 19:27:23,2026-05-20 19:27:23,Other,260.02,24.47,0,0,0,0,0,0,1,PKG022,3,"PKG022 | Departed Origin Hub | Regional Sorting Hub - Numata, Gunma | 22.83°C | In Transit"
PKG022,KZJP2026000022,4,In Transit Hub Scan,In Transit,2026-05-20 07:13:23,"Transit Hub Scan - Hokuto, Yamanashi",Hokuto,Yamanashi,35.975635,138.501991,24.86,Ambient,99.11,0.89,YES,"Adachi, Tokyo",Adachi,Tokyo,35.5724,139.718,"Namerikawa, Toyama",Namerikawa,Toyama,36.6134,137.1266,Delivered,NO,23.20,Ambient,RFID-KZ-0022,YES,1.52,Low Risk,98.48,Excellent,None,2026-05-19 18:59:23,2026-05-20 19:27:23,2026-05-20 19:27:23,Other,260.02,24.47,0,0,0,0,0,0,1,PKG022,4,"PKG022 | In Transit Hub Scan | Transit Hub Scan - Hokuto, Yamanashi | 24.86°C | In Transit"
PKG022,KZJP2026000022,5,Out for Delivery,Out for Delivery,2026-05-20 14:04:26,"Destination Area Scan - Iiyama, Nagano",Iiyama,Nagano,36.465711,137.839279,21.68,Ambient,98.72,1.28,YES,"Adachi, Tokyo",Adachi,Tokyo,35.5724,139.718,"Namerikawa, Toyama",Namerikawa,Toyama,36.6134,137.1266,Delivered,NO,23.20,Ambient,RFID-KZ-0022,YES,1.52,Low Risk,98.48,Excellent,None,2026-05-19 18:59:23,2026-05-20 19:27:23,2026-05-20 19:27:23,Other,260.02,24.47,0,0,0,0,0,0,1,PKG022,5,"PKG022 | Out for Delivery | Destination Area Scan - Iiyama, Nagano | 21.68°C | Out for Delivery"
PKG022,KZJP2026000022,6,Delivered,Delivered,2026-05-20 19:27:23,"Namerikawa, Toyama",Namerikawa,Toyama,36.6134,137.1266,23.20,Ambient,98.48,1.52,YES,"Adachi, Tokyo",Adachi,Tokyo,35.5724,139.718,"Namerikawa, Toyama",Namerikawa,Toyama,36.6134,137.1266,Delivered,NO,23.20,Ambient,RFID-KZ-0022,YES,1.52,Low Risk,98.48,Excellent,None,2026-05-19 18:59:23,2026-05-20 19:27:23,2026-05-20 19:27:23,Other,260.02,24.47,0,1,1,0,0,0,1,PKG022,6,"PKG022 | Delivered | Namerikawa, Toyama | 23.20°C | Delivered"
PKG023,KZJP2026000023,1,Order Placed,Order Placed,2026-05-20 19:42:48,"Yonago, Tottori",Yonago,Tottori,35.6182,134.2614,20.18,Ambient,99.25,0.75,YES,"Yonago, Tottori",Yonago,Tottori,35.6182,134.2614,"Ikoma, Nara",Ikoma,Nara,34.7872,135.8958,Delivered,NO,23.90,Ambient,RFID-KZ-0023,YES,1.08,Low Risk,98.92,Excellent,None,2026-05-20 19:42:48,2026-05-22 14:52:48,2026-05-22 14:52:48,Other,174.90,43.17,1,0,0,0,0,0,1,PKG023,1,"PKG023 | Order Placed | Yonago, Tottori | 20.18°C | Order Placed"
PKG023,KZJP2026000023,2,Picked Up,Picked Up,2026-05-20 23:10:00,"Origin Pickup Scan - Tottori, Tottori",Tottori,Tottori,35.534374,134.386202,24.66,Ambient,99.05,0.95,YES,"Yonago, Tottori",Yonago,Tottori,35.6182,134.2614,"Ikoma, Nara",Ikoma,Nara,34.7872,135.8958,Delivered,NO,23.90,Ambient,RFID-KZ-0023,YES,1.08,Low Risk,98.92,Excellent,None,2026-05-20 19:42:48,2026-05-22 14:52:48,2026-05-22 14:52:48,Other,174.90,43.17,0,0,0,0,0,0,1,PKG023,2,"PKG023 | Picked Up | Origin Pickup Scan - Tottori, Tottori | 24.66°C | Picked Up"
PKG023,KZJP2026000023,3,Departed Origin Hub,In Transit,2026-05-21 06:30:18,"Regional Sorting Hub - Tottori, Tottori",Tottori,Tottori,35.402339,134.554717,20.98,Ambient,99.15,0.85,YES,"Yonago, Tottori",Yonago,Tottori,35.6182,134.2614,"Ikoma, Nara",Ikoma,Nara,34.7872,135.8958,Delivered,NO,23.90,Ambient,RFID-KZ-0023,YES,1.08,Low Risk,98.92,Excellent,None,2026-05-20 19:42:48,2026-05-22 14:52:48,2026-05-22 14:52:48,Other,174.90,43.17,0,0,0,0,0,0,1,PKG023,3,"PKG023 | Departed Origin Hub | Regional Sorting Hub - Tottori, Tottori | 20.98°C | In Transit"
PKG023,KZJP2026000023,4,In Transit Hub Scan,In Transit,2026-05-21 17:17:48,"Transit Hub Scan - Toyooka, Hyogo",Toyooka,Hyogo,35.070963,135.128257,20.70,Ambient,99.37,0.63,YES,"Yonago, Tottori",Yonago,Tottori,35.6182,134.2614,"Ikoma, Nara",Ikoma,Nara,34.7872,135.8958,Delivered,NO,23.90,Ambient,RFID-KZ-0023,YES,1.08,Low Risk,98.92,Excellent,None,2026-05-20 19:42:48,2026-05-22 14:52:48,2026-05-22 14:52:48,Other,174.90,43.17,0,0,0,0,0,0,1,PKG023,4,"PKG023 | In Transit Hub Scan | Transit Hub Scan - Toyooka, Hyogo | 20.70°C | In Transit"
PKG023,KZJP2026000023,5,Out for Delivery,Out for Delivery,2026-05-22 05:23:00,"Destination Area Scan - Kyotanabe, Kyoto",Kyotanabe,Kyoto,34.944182,135.58108,22.91,Ambient,99.38,0.62,YES,"Yonago, Tottori",Yonago,Tottori,35.6182,134.2614,"Ikoma, Nara",Ikoma,Nara,34.7872,135.8958,Delivered,NO,23.90,Ambient,RFID-KZ-0023,YES,1.08,Low Risk,98.92,Excellent,None,2026-05-20 19:42:48,2026-05-22 14:52:48,2026-05-22 14:52:48,Other,174.90,43.17,0,0,0,0,0,0,1,PKG023,5,"PKG023 | Out for Delivery | Destination Area Scan - Kyotanabe, Kyoto | 22.91°C | Out for Delivery"
PKG023,KZJP2026000023,6,Delivered,Delivered,2026-05-22 14:52:48,"Ikoma, Nara",Ikoma,Nara,34.7872,135.8958,23.90,Ambient,98.92,1.08,YES,"Yonago, Tottori",Yonago,Tottori,35.6182,134.2614,"Ikoma, Nara",Ikoma,Nara,34.7872,135.8958,Delivered,NO,23.90,Ambient,RFID-KZ-0023,YES,1.08,Low Risk,98.92,Excellent,None,2026-05-20 19:42:48,2026-05-22 14:52:48,2026-05-22 14:52:48,Other,174.90,43.17,0,1,1,0,0,0,1,PKG023,6,"PKG023 | Delivered | Ikoma, Nara | 23.90°C | Delivered"
PKG024,KZJP2026000024,1,Order Placed,Order Placed,2026-05-22 14:14:49,"Tatsuno, Hyogo",Tatsuno,Hyogo,34.6014,135.2761,17.79,Ambient,100.00,0.00,YES,"Tatsuno, Hyogo",Tatsuno,Hyogo,34.6014,135.2761,"Itami, Hyogo",Itami,Hyogo,34.7101,135.3137,Delivered,NO,21.80,Ambient,RFID-KZ-0024,YES,0.45,Low Risk,99.55,Excellent,None,2026-05-22 14:14:49,2026-05-25 16:06:49,2026-05-25 16:06:49,Other,12.57,73.87,1,0,0,0,0,0,1,PKG024,1,"PKG024 | Order Placed | Tatsuno, Hyogo | 17.79°C | Order Placed"
PKG024,KZJP2026000024,2,Picked Up,Picked Up,2026-05-22 20:09:23,"Origin Pickup Scan - Yabu, Hyogo",Yabu,Hyogo,34.639215,135.281284,16.67,Ambient,99.74,0.26,YES,"Tatsuno, Hyogo",Tatsuno,Hyogo,34.6014,135.2761,"Itami, Hyogo",Itami,Hyogo,34.7101,135.3137,Delivered,NO,21.80,Ambient,RFID-KZ-0024,YES,0.45,Low Risk,99.55,Excellent,None,2026-05-22 14:14:49,2026-05-25 16:06:49,2026-05-25 16:06:49,Other,12.57,73.87,0,0,0,0,0,0,1,PKG024,2,"PKG024 | Picked Up | Origin Pickup Scan - Yabu, Hyogo | 16.67°C | Picked Up"
PKG024,KZJP2026000024,3,Departed Origin Hub,In Transit,2026-05-23 08:42:49,"Regional Sorting Hub - Yabu, Hyogo",Yabu,Hyogo,34.655854,135.265652,20.89,Ambient,99.98,0.02,YES,"Tatsuno, Hyogo",Tatsuno,Hyogo,34.6014,135.2761,"Itami, Hyogo",Itami,Hyogo,34.7101,135.3137,Delivered,NO,21.80,Ambient,RFID-KZ-0024,YES,0.45,Low Risk,99.55,Excellent,None,2026-05-22 14:14:49,2026-05-25 16:06:49,2026-05-25 16:06:49,Other,12.57,73.87,0,0,0,0,0,0,1,PKG024,3,"PKG024 | Departed Origin Hub | Regional Sorting Hub - Yabu, Hyogo | 20.89°C | In Transit"
PKG024,KZJP2026000024,4,In Transit Hub Scan,In Transit,2026-05-24 03:10:49,"Transit Hub Scan - Ashiya, Hyogo",Ashiya,Hyogo,34.62252,135.278814,21.06,Ambient,99.73,0.27,YES,"Tatsuno, Hyogo",Tatsuno,Hyogo,34.6014,135.2761,"Itami, Hyogo",Itami,Hyogo,34.7101,135.3137,Delivered,NO,21.80,Ambient,RFID-KZ-0024,YES,0.45,Low Risk,99.55,Excellent,None,2026-05-22 14:14:49,2026-05-25 16:06:49,2026-05-25 16:06:49,Other,12.57,73.87,0,0,0,0,0,0,1,PKG024,4,"PKG024 | In Transit Hub Scan | Transit Hub Scan - Ashiya, Hyogo | 21.06°C | In Transit"
PKG024,KZJP2026000024,5,Out for Delivery,Out for Delivery,2026-05-24 23:51:47,"Destination Area Scan - Miki, Hyogo",Miki,Hyogo,34.668592,135.284286,19.94,Ambient,99.78,0.22,YES,"Tatsuno, Hyogo",Tatsuno,Hyogo,34.6014,135.2761,"Itami, Hyogo",Itami,Hyogo,34.7101,135.3137,Delivered,NO,21.80,Ambient,RFID-KZ-0024,YES,0.45,Low Risk,99.55,Excellent,None,2026-05-22 14:14:49,2026-05-25 16:06:49,2026-05-25 16:06:49,Other,12.57,73.87,0,0,0,0,0,0,1,PKG024,5,"PKG024 | Out for Delivery | Destination Area Scan - Miki, Hyogo | 19.94°C | Out for Delivery"
PKG024,KZJP2026000024,6,Delivered,Delivered,2026-05-25 16:06:49,"Itami, Hyogo",Itami,Hyogo,34.7101,135.3137,21.80,Ambient,99.55,0.45,YES,"Tatsuno, Hyogo",Tatsuno,Hyogo,34.6014,135.2761,"Itami, Hyogo",Itami,Hyogo,34.7101,135.3137,Delivered,NO,21.80,Ambient,RFID-KZ-0024,YES,0.45,Low Risk,99.55,Excellent,None,2026-05-22 14:14:49,2026-05-25 16:06:49,2026-05-25 16:06:49,Other,12.57,73.87,0,1,1,0,0,0,1,PKG024,6,"PKG024 | Delivered | Itami, Hyogo | 21.80°C | Delivered"
PKG025,KZJP2026000025,1,Order Placed,Order Placed,2026-05-15 11:00:05,"Omihachiman, Shiga",Omihachiman,Shiga,35.0155,135.7491,18.80,Ambient,99.90,0.10,YES,"Omihachiman, Shiga",Omihachiman,Shiga,35.0155,135.7491,"Akashi, Hyogo",Akashi,Hyogo,34.7012,135.0759,Delivered,NO,22.70,Ambient,RFID-KZ-0025,YES,0.75,Low Risk,99.25,Excellent,None,2026-05-15 11:00:05,2026-05-18 22:38:05,2026-05-18 22:38:05,"May 10-16, 2026",70.67,83.63,1,0,0,0,0,0,1,PKG025,1,"PKG025 | Order Placed | Omihachiman, Shiga | 18.80°C | Order Placed"
PKG025,KZJP2026000025,2,Picked Up,Picked Up,2026-05-15 17:41:32,"Origin Pickup Scan - Ayabe, Kyoto",Ayabe,Kyoto,35.017497,135.671324,16.96,Ambient,99.65,0.35,YES,"Omihachiman, Shiga",Omihachiman,Shiga,35.0155,135.7491,"Akashi, Hyogo",Akashi,Hyogo,34.7012,135.0759,Delivered,NO,22.70,Ambient,RFID-KZ-0025,YES,0.75,Low Risk,99.25,Excellent,None,2026-05-15 11:00:05,2026-05-18 22:38:05,2026-05-18 22:38:05,"May 10-16, 2026",70.67,83.63,0,0,0,0,0,0,1,PKG025,2,"PKG025 | Picked Up | Origin Pickup Scan - Ayabe, Kyoto | 16.96°C | Picked Up"
PKG025,KZJP2026000025,3,Departed Origin Hub,In Transit,2026-05-16 07:54:35,"Regional Sorting Hub - Kyotanabe, Kyoto",Kyotanabe,Kyoto,34.972425,135.616509,24.46,Ambient,99.32,0.68,YES,"Omihachiman, Shiga",Omihachiman,Shiga,35.0155,135.7491,"Akashi, Hyogo",Akashi,Hyogo,34.7012,135.0759,Delivered,NO,22.70,Ambient,RFID-KZ-0025,YES,0.75,Low Risk,99.25,Excellent,None,2026-05-15 11:00:05,2026-05-18 22:38:05,2026-05-18 22:38:05,"May 10-16, 2026",70.67,83.63,0,0,0,0,0,0,1,PKG025,3,"PKG025 | Departed Origin Hub | Regional Sorting Hub - Kyotanabe, Kyoto | 24.46°C | In Transit"
PKG025,KZJP2026000025,4,In Transit Hub Scan,In Transit,2026-05-17 04:49:05,"Transit Hub Scan - Settsu, Osaka",Settsu,Osaka,34.835556,135.434726,19.94,Ambient,99.17,0.83,YES,"Omihachiman, Shiga",Omihachiman,Shiga,35.0155,135.7491,"Akashi, Hyogo",Akashi,Hyogo,34.7012,135.0759,Delivered,NO,22.70,Ambient,RFID-KZ-0025,YES,0.75,Low Risk,99.25,Excellent,None,2026-05-15 11:00:05,2026-05-18 22:38:05,2026-05-18 22:38:05,"May 10-16, 2026",70.67,83.63,0,0,0,0,0,0,1,PKG025,4,"PKG025 | In Transit Hub Scan | Transit Hub Scan - Settsu, Osaka | 19.94°C | In Transit"
PKG025,KZJP2026000025,5,Out for Delivery,Out for Delivery,2026-05-18 04:14:08,"Destination Area Scan - Asago, Hyogo",Asago,Hyogo,34.743832,135.168969,22.55,Ambient,98.93,1.07,YES,"Omihachiman, Shiga",Omihachiman,Shiga,35.0155,135.7491,"Akashi, Hyogo",Akashi,Hyogo,34.7012,135.0759,Delivered,NO,22.70,Ambient,RFID-KZ-0025,YES,0.75,Low Risk,99.25,Excellent,None,2026-05-15 11:00:05,2026-05-18 22:38:05,2026-05-18 22:38:05,"May 10-16, 2026",70.67,83.63,0,0,0,0,0,0,1,PKG025,5,"PKG025 | Out for Delivery | Destination Area Scan - Asago, Hyogo | 22.55°C | Out for Delivery"
PKG025,KZJP2026000025,6,Delivered,Delivered,2026-05-18 22:38:05,"Akashi, Hyogo",Akashi,Hyogo,34.7012,135.0759,22.70,Ambient,99.25,0.75,YES,"Omihachiman, Shiga",Omihachiman,Shiga,35.0155,135.7491,"Akashi, Hyogo",Akashi,Hyogo,34.7012,135.0759,Delivered,NO,22.70,Ambient,RFID-KZ-0025,YES,0.75,Low Risk,99.25,Excellent,None,2026-05-15 11:00:05,2026-05-18 22:38:05,2026-05-18 22:38:05,"May 10-16, 2026",70.67,83.63,0,1,1,0,0,0,1,PKG025,6,"PKG025 | Delivered | Akashi, Hyogo | 22.70°C | Delivered"
PKG026,KZJP2026000026,1,Order Placed,Order Placed,2026-05-16 08:44:35,"Tsuyama, Okayama",Tsuyama,Okayama,34.7521,133.849,15.66,Ambient,98.17,1.83,YES,"Tsuyama, Okayama",Tsuyama,Okayama,34.7521,133.849,"Hidaka, Saitama",Hidaka,Saitama,35.7511,139.6929,Delivered,NO,16.60,Ambient,RFID-KZ-0026,YES,2.01,Low Risk,97.99,Excellent,None,2026-05-16 08:44:35,2026-05-19 02:09:35,2026-05-19 02:09:35,"May 10-16, 2026",542.06,65.42,1,0,0,0,0,0,1,PKG026,1,"PKG026 | Order Placed | Tsuyama, Okayama | 15.66°C | Order Placed"
PKG026,KZJP2026000026,2,Picked Up,Picked Up,2026-05-16 13:58:35,"Origin Pickup Scan - Okayama, Okayama",Okayama,Okayama,34.798219,134.238794,14.06,Ambient,98.22,1.78,YES,"Tsuyama, Okayama",Tsuyama,Okayama,34.7521,133.849,"Hidaka, Saitama",Hidaka,Saitama,35.7511,139.6929,Delivered,NO,16.60,Ambient,RFID-KZ-0026,YES,2.01,Low Risk,97.99,Excellent,None,2026-05-16 08:44:35,2026-05-19 02:09:35,2026-05-19 02:09:35,"May 10-16, 2026",542.06,65.42,0,0,0,0,0,0,1,PKG026,2,"PKG026 | Picked Up | Origin Pickup Scan - Okayama, Okayama | 14.06°C | Picked Up"
PKG026,KZJP2026000026,3,Departed Origin Hub,In Transit,2026-05-17 01:05:50,"Regional Sorting Hub - Himeji, Hyogo",Himeji,Hyogo,34.933154,135.259016,17.68,Ambient,98.78,1.22,YES,"Tsuyama, Okayama",Tsuyama,Okayama,34.7521,133.849,"Hidaka, Saitama",Hidaka,Saitama,35.7511,139.6929,Delivered,NO,16.60,Ambient,RFID-KZ-0026,YES,2.01,Low Risk,97.99,Excellent,None,2026-05-16 08:44:35,2026-05-19 02:09:35,2026-05-19 02:09:35,"May 10-16, 2026",542.06,65.42,0,0,0,0,0,0,1,PKG026,3,"PKG026 | Departed Origin Hub | Regional Sorting Hub - Himeji, Hyogo | 17.68°C | In Transit"
PKG026,KZJP2026000026,4,In Transit Hub Scan,In Transit,2026-05-17 17:27:05,"Transit Hub Scan - Nakatsugawa, Gifu",Nakatsugawa,Gifu,35.263325,136.751641,15.51,Ambient,98.25,1.75,YES,"Tsuyama, Okayama",Tsuyama,Okayama,34.7521,133.849,"Hidaka, Saitama",Hidaka,Saitama,35.7511,139.6929,Delivered,NO,16.60,Ambient,RFID-KZ-0026,YES,2.01,Low Risk,97.99,Excellent,None,2026-05-16 08:44:35,2026-05-19 02:09:35,2026-05-19 02:09:35,"May 10-16, 2026",542.06,65.42,0,0,0,0,0,0,1,PKG026,4,"PKG026 | In Transit Hub Scan | Transit Hub Scan - Nakatsugawa, Gifu | 15.51°C | In Transit"
PKG026,KZJP2026000026,5,Out for Delivery,Out for Delivery,2026-05-18 11:46:05,"Destination Area Scan - Otsuki, Yamanashi",Otsuki,Yamanashi,35.533488,138.42984,13.92,Ambient,98.39,1.61,YES,"Tsuyama, Okayama",Tsuyama,Okayama,34.7521,133.849,"Hidaka, Saitama",Hidaka,Saitama,35.7511,139.6929,Delivered,NO,16.60,Ambient,RFID-KZ-0026,YES,2.01,Low Risk,97.99,Excellent,None,2026-05-16 08:44:35,2026-05-19 02:09:35,2026-05-19 02:09:35,"May 10-16, 2026",542.06,65.42,0,0,0,0,0,0,1,PKG026,5,"PKG026 | Out for Delivery | Destination Area Scan - Otsuki, Yamanashi | 13.92°C | Out for Delivery"
PKG026,KZJP2026000026,6,Delivered,Delivered,2026-05-19 02:09:35,"Hidaka, Saitama",Hidaka,Saitama,35.7511,139.6929,16.60,Ambient,97.99,2.01,YES,"Tsuyama, Okayama",Tsuyama,Okayama,34.7521,133.849,"Hidaka, Saitama",Hidaka,Saitama,35.7511,139.6929,Delivered,NO,16.60,Ambient,RFID-KZ-0026,YES,2.01,Low Risk,97.99,Excellent,None,2026-05-16 08:44:35,2026-05-19 02:09:35,2026-05-19 02:09:35,"May 10-16, 2026",542.06,65.42,0,1,1,0,0,0,1,PKG026,6,"PKG026 | Delivered | Hidaka, Saitama | 16.60°C | Delivered"
PKG027,KZJP2026000027,1,Order Placed,Order Placed,2026-05-22 14:06:14,"Miyoshi, Aichi",Miyoshi,Aichi,35.0711,136.9537,17.50,Ambient,97.96,2.04,YES,"Miyoshi, Aichi",Miyoshi,Aichi,35.0711,136.9537,"Nasukarasuyama, Tochigi",Nasukarasuyama,Tochigi,36.4403,139.8476,Delivered,NO,21.10,Ambient,RFID-KZ-0027,YES,2.69,Low Risk,97.31,Excellent,None,2026-05-22 14:06:14,2026-05-26 01:10:14,2026-05-26 01:10:14,Other,302.25,83.07,1,0,0,0,0,0,1,PKG027,1,"PKG027 | Order Placed | Miyoshi, Aichi | 17.50°C | Order Placed"
PKG027,KZJP2026000027,2,Picked Up,Picked Up,2026-05-22 20:44:57,"Origin Pickup Scan - Tahara, Aichi",Tahara,Aichi,35.171374,137.14218,19.43,Ambient,97.99,2.01,YES,"Miyoshi, Aichi",Miyoshi,Aichi,35.0711,136.9537,"Nasukarasuyama, Tochigi",Nasukarasuyama,Tochigi,36.4403,139.8476,Delivered,NO,21.10,Ambient,RFID-KZ-0027,YES,2.69,Low Risk,97.31,Excellent,None,2026-05-22 14:06:14,2026-05-26 01:10:14,2026-05-26 01:10:14,Other,302.25,83.07,0,0,0,0,0,0,1,PKG027,2,"PKG027 | Picked Up | Origin Pickup Scan - Tahara, Aichi | 19.43°C | Picked Up"
PKG027,KZJP2026000027,3,Departed Origin Hub,In Transit,2026-05-23 10:52:14,"Regional Sorting Hub - Chita, Aichi",Chita,Aichi,35.373926,137.436312,16.19,Ambient,97.91,2.09,YES,"Miyoshi, Aichi",Miyoshi,Aichi,35.0711,136.9537,"Nasukarasuyama, Tochigi",Nasukarasuyama,Tochigi,36.4403,139.8476,Delivered,NO,21.10,Ambient,RFID-KZ-0027,YES,2.69,Low Risk,97.31,Excellent,None,2026-05-22 14:06:14,2026-05-26 01:10:14,2026-05-26 01:10:14,Other,302.25,83.07,0,0,0,0,0,0,1,PKG027,3,"PKG027 | Departed Origin Hub | Regional Sorting Hub - Chita, Aichi | 16.19°C | In Transit"
PKG027,KZJP2026000027,4,In Transit Hub Scan,In Transit,2026-05-24 07:38:14,"Transit Hub Scan - Uenohara, Yamanashi",Uenohara,Yamanashi,35.731535,138.447324,22.22,Ambient,97.38,2.62,YES,"Miyoshi, Aichi",Miyoshi,Aichi,35.0711,136.9537,"Nasukarasuyama, Tochigi",Nasukarasuyama,Tochigi,36.4403,139.8476,Delivered,NO,21.10,Ambient,RFID-KZ-0027,YES,2.69,Low Risk,97.31,Excellent,None,2026-05-22 14:06:14,2026-05-26 01:10:14,2026-05-26 01:10:14,Other,302.25,83.07,0,0,0,0,0,0,1,PKG027,4,"PKG027 | In Transit Hub Scan | Transit Hub Scan - Uenohara, Yamanashi | 22.22°C | In Transit"
PKG027,KZJP2026000027,5,Out for Delivery,Out for Delivery,2026-05-25 06:53:45,"Destination Area Scan - Numata, Gunma",Numata,Gunma,36.142223,139.151129,19.09,Ambient,97.36,2.64,YES,"Miyoshi, Aichi",Miyoshi,Aichi,35.0711,136.9537,"Nasukarasuyama, Tochigi",Nasukarasuyama,Tochigi,36.4403,139.8476,Delivered,NO,21.10,Ambient,RFID-KZ-0027,YES,2.69,Low Risk,97.31,Excellent,None,2026-05-22 14:06:14,2026-05-26 01:10:14,2026-05-26 01:10:14,Other,302.25,83.07,0,0,0,0,0,0,1,PKG027,5,"PKG027 | Out for Delivery | Destination Area Scan - Numata, Gunma | 19.09°C | Out for Delivery"
PKG027,KZJP2026000027,6,Delivered,Delivered,2026-05-26 01:10:14,"Nasukarasuyama, Tochigi",Nasukarasuyama,Tochigi,36.4403,139.8476,21.10,Ambient,97.31,2.69,YES,"Miyoshi, Aichi",Miyoshi,Aichi,35.0711,136.9537,"Nasukarasuyama, Tochigi",Nasukarasuyama,Tochigi,36.4403,139.8476,Delivered,NO,21.10,Ambient,RFID-KZ-0027,YES,2.69,Low Risk,97.31,Excellent,None,2026-05-22 14:06:14,2026-05-26 01:10:14,2026-05-26 01:10:14,Other,302.25,83.07,0,1,1,0,0,0,1,PKG027,6,"PKG027 | Delivered | Nasukarasuyama, Tochigi | 21.10°C | Delivered"
PKG028,KZJP2026000028,1,Order Placed,Order Placed,2026-05-16 18:34:41,"Katano, Osaka",Katano,Osaka,34.7852,135.5799,1.78,Cool,100.00,0.00,YES,"Katano, Osaka",Katano,Osaka,34.7852,135.5799,"Konan, Aichi",Konan,Aichi,35.2639,136.8193,Delivered,YES,4.20,Cool,RFID-KZ-0028,YES,1.85,Low Risk,98.15,Excellent,None,2026-05-16 18:34:41,2026-05-18 06:06:41,2026-05-18 06:06:41,"May 10-16, 2026",124.78,35.53,1,0,0,0,0,1,1,PKG028,1,"PKG028 | Order Placed | Katano, Osaka | 1.78°C | Order Placed"
PKG028,KZJP2026000028,2,Picked Up,Picked Up,2026-05-16 21:25:15,"Origin Pickup Scan - Kyotango, Kyoto",Kyotango,Kyoto,34.851955,135.710515,4.34,Cool,98.63,1.37,YES,"Katano, Osaka",Katano,Osaka,34.7852,135.5799,"Konan, Aichi",Konan,Aichi,35.2639,136.8193,Delivered,YES,4.20,Cool,RFID-KZ-0028,YES,1.85,Low Risk,98.15,Excellent,None,2026-05-16 18:34:41,2026-05-18 06:06:41,2026-05-18 06:06:41,"May 10-16, 2026",124.78,35.53,0,0,0,0,0,0,1,PKG028,2,"PKG028 | Picked Up | Origin Pickup Scan - Kyotango, Kyoto | 4.34°C | Picked Up"
PKG028,KZJP2026000028,3,Departed Origin Hub,In Transit,2026-05-17 03:27:41,"Regional Sorting Hub - Ritto, Shiga",Ritto,Shiga,34.914206,135.953495,4.24,Cool,98.43,1.57,YES,"Katano, Osaka",Katano,Osaka,34.7852,135.5799,"Konan, Aichi",Konan,Aichi,35.2639,136.8193,Delivered,YES,4.20,Cool,RFID-KZ-0028,YES,1.85,Low Risk,98.15,Excellent,None,2026-05-16 18:34:41,2026-05-18 06:06:41,2026-05-18 06:06:41,"May 10-16, 2026",124.78,35.53,0,0,0,0,0,0,1,PKG028,3,"PKG028 | Departed Origin Hub | Regional Sorting Hub - Ritto, Shiga | 4.24°C | In Transit"
PKG028,KZJP2026000028,4,In Transit Hub Scan,In Transit,2026-05-17 12:20:41,"Transit Hub Scan - Koka, Shiga",Koka,Shiga,35.010332,136.129582,2.84,Cool,98.65,1.35,YES,"Katano, Osaka",Katano,Osaka,34.7852,135.5799,"Konan, Aichi",Konan,Aichi,35.2639,136.8193,Delivered,YES,4.20,Cool,RFID-KZ-0028,YES,1.85,Low Risk,98.15,Excellent,None,2026-05-16 18:34:41,2026-05-18 06:06:41,2026-05-18 06:06:41,"May 10-16, 2026",124.78,35.53,0,0,0,0,0,0,1,PKG028,4,"PKG028 | In Transit Hub Scan | Transit Hub Scan - Koka, Shiga | 2.84°C | In Transit"
PKG028,KZJP2026000028,5,Out for Delivery,Out for Delivery,2026-05-17 22:17:39,"Destination Area Scan - Seki, Gifu",Seki,Gifu,35.202775,136.56069,2.28,Cool,98.12,1.88,YES,"Katano, Osaka",Katano,Osaka,34.7852,135.5799,"Konan, Aichi",Konan,Aichi,35.2639,136.8193,Delivered,YES,4.20,Cool,RFID-KZ-0028,YES,1.85,Low Risk,98.15,Excellent,None,2026-05-16 18:34:41,2026-05-18 06:06:41,2026-05-18 06:06:41,"May 10-16, 2026",124.78,35.53,0,0,0,0,0,0,1,PKG028,5,"PKG028 | Out for Delivery | Destination Area Scan - Seki, Gifu | 2.28°C | Out for Delivery"
PKG028,KZJP2026000028,6,Delivered,Delivered,2026-05-18 06:06:41,"Konan, Aichi",Konan,Aichi,35.2639,136.8193,4.20,Cool,98.15,1.85,YES,"Katano, Osaka",Katano,Osaka,34.7852,135.5799,"Konan, Aichi",Konan,Aichi,35.2639,136.8193,Delivered,YES,4.20,Cool,RFID-KZ-0028,YES,1.85,Low Risk,98.15,Excellent,None,2026-05-16 18:34:41,2026-05-18 06:06:41,2026-05-18 06:06:41,"May 10-16, 2026",124.78,35.53,0,1,1,0,0,0,1,PKG028,6,"PKG028 | Delivered | Konan, Aichi | 4.20°C | Delivered"
PKG029,KZJP2026000029,1,Order Placed,Order Placed,2026-05-02 17:37:15,"Shinjuku, Tokyo",Shinjuku,Tokyo,35.6938,139.7034,23.26,Ambient,98.64,1.36,YES,"Shinjuku, Tokyo",Shinjuku,Tokyo,35.6938,139.7034,"Fuefuki, Yamanashi",Fuefuki,Yamanashi,35.766,138.6314,Delivered,NO,25.40,Ambient,RFID-KZ-0029,YES,1.94,Low Risk,98.06,Excellent,None,2026-05-02 17:37:15,2026-05-05 14:12:15,2026-05-05 14:12:15,Other,97.10,68.58,1,0,0,0,0,0,1,PKG029,1,"PKG029 | Order Placed | Shinjuku, Tokyo | 23.26°C | Order Placed"
PKG029,KZJP2026000029,2,Picked Up,Picked Up,2026-05-02 23:06:27,"Origin Pickup Scan - Shinjuku, Tokyo",Shinjuku,Tokyo,35.682498,139.667049,21.86,Ambient,98.35,1.65,YES,"Shinjuku, Tokyo",Shinjuku,Tokyo,35.6938,139.7034,"Fuefuki, Yamanashi",Fuefuki,Yamanashi,35.766,138.6314,Delivered,NO,25.40,Ambient,RFID-KZ-0029,YES,1.94,Low Risk,98.06,Excellent,None,2026-05-02 17:37:15,2026-05-05 14:12:15,2026-05-05 14:12:15,Other,97.10,68.58,0,0,0,0,0,0,1,PKG029,2,"PKG029 | Picked Up | Origin Pickup Scan - Shinjuku, Tokyo | 21.86°C | Picked Up"
PKG029,KZJP2026000029,3,Departed Origin Hub,In Transit,2026-05-03 10:46:00,"Regional Sorting Hub - Itabashi, Tokyo",Itabashi,Tokyo,35.682148,139.48067,23.42,Ambient,99.22,0.78,YES,"Shinjuku, Tokyo",Shinjuku,Tokyo,35.6938,139.7034,"Fuefuki, Yamanashi",Fuefuki,Yamanashi,35.766,138.6314,Delivered,NO,25.40,Ambient,RFID-KZ-0029,YES,1.94,Low Risk,98.06,Excellent,None,2026-05-02 17:37:15,2026-05-05 14:12:15,2026-05-05 14:12:15,Other,97.10,68.58,0,0,0,0,0,0,1,PKG029,3,"PKG029 | Departed Origin Hub | Regional Sorting Hub - Itabashi, Tokyo | 23.42°C | In Transit"
PKG029,KZJP2026000029,4,In Transit Hub Scan,In Transit,2026-05-04 03:54:45,"Transit Hub Scan - Sakado, Saitama",Sakado,Saitama,35.775969,139.314041,23.82,Ambient,98.90,1.10,YES,"Shinjuku, Tokyo",Shinjuku,Tokyo,35.6938,139.7034,"Fuefuki, Yamanashi",Fuefuki,Yamanashi,35.766,138.6314,Delivered,NO,25.40,Ambient,RFID-KZ-0029,YES,1.94,Low Risk,98.06,Excellent,None,2026-05-02 17:37:15,2026-05-05 14:12:15,2026-05-05 14:12:15,Other,97.10,68.58,0,0,0,0,0,0,1,PKG029,4,"PKG029 | In Transit Hub Scan | Transit Hub Scan - Sakado, Saitama | 23.82°C | In Transit"
PKG029,KZJP2026000029,5,Out for Delivery,Out for Delivery,2026-05-04 23:06:57,"Destination Area Scan - Kai, Yamanashi",Kai,Yamanashi,35.699599,138.796406,23.08,Ambient,98.28,1.72,YES,"Shinjuku, Tokyo",Shinjuku,Tokyo,35.6938,139.7034,"Fuefuki, Yamanashi",Fuefuki,Yamanashi,35.766,138.6314,Delivered,NO,25.40,Ambient,RFID-KZ-0029,YES,1.94,Low Risk,98.06,Excellent,None,2026-05-02 17:37:15,2026-05-05 14:12:15,2026-05-05 14:12:15,Other,97.10,68.58,0,0,0,0,0,0,1,PKG029,5,"PKG029 | Out for Delivery | Destination Area Scan - Kai, Yamanashi | 23.08°C | Out for Delivery"
PKG029,KZJP2026000029,6,Delivered,Delivered,2026-05-05 14:12:15,"Fuefuki, Yamanashi",Fuefuki,Yamanashi,35.766,138.6314,25.40,Ambient,98.06,1.94,YES,"Shinjuku, Tokyo",Shinjuku,Tokyo,35.6938,139.7034,"Fuefuki, Yamanashi",Fuefuki,Yamanashi,35.766,138.6314,Delivered,NO,25.40,Ambient,RFID-KZ-0029,YES,1.94,Low Risk,98.06,Excellent,None,2026-05-02 17:37:15,2026-05-05 14:12:15,2026-05-05 14:12:15,Other,97.10,68.58,0,1,1,0,0,0,1,PKG029,6,"PKG029 | Delivered | Fuefuki, Yamanashi | 25.40°C | Delivered"
PKG030,KZJP2026000030,1,Order Placed,Order Placed,2026-05-22 15:32:03,"Kimitsu, Chiba",Kimitsu,Chiba,35.5498,140.2117,15.96,Ambient,99.44,0.56,YES,"Kimitsu, Chiba",Kimitsu,Chiba,35.5498,140.2117,"Sayama, Saitama",Sayama,Saitama,35.7466,139.6106,Delivered,NO,19.70,Ambient,RFID-KZ-0030,YES,1.75,Low Risk,98.25,Excellent,None,2026-05-22 15:32:03,2026-05-24 13:58:03,2026-05-24 13:58:03,Other,58.56,46.43,1,0,0,0,0,0,1,PKG030,1,"PKG030 | Order Placed | Kimitsu, Chiba | 15.96°C | Order Placed"
PKG030,KZJP2026000030,2,Picked Up,Picked Up,2026-05-22 19:14:56,"Origin Pickup Scan - Shiroi, Chiba",Shiroi,Chiba,35.501665,140.211069,15.33,Ambient,98.36,1.64,YES,"Kimitsu, Chiba",Kimitsu,Chiba,35.5498,140.2117,"Sayama, Saitama",Sayama,Saitama,35.7466,139.6106,Delivered,NO,19.70,Ambient,RFID-KZ-0030,YES,1.75,Low Risk,98.25,Excellent,None,2026-05-22 15:32:03,2026-05-24 13:58:03,2026-05-24 13:58:03,Other,58.56,46.43,0,0,0,0,0,0,1,PKG030,2,"PKG030 | Picked Up | Origin Pickup Scan - Shiroi, Chiba | 15.33°C | Picked Up"
PKG030,KZJP2026000030,3,Departed Origin Hub,In Transit,2026-05-23 03:08:33,"Regional Sorting Hub - Togane, Chiba",Togane,Chiba,35.57804,140.045448,18.31,Ambient,98.13,1.87,YES,"Kimitsu, Chiba",Kimitsu,Chiba,35.5498,140.2117,"Sayama, Saitama",Sayama,Saitama,35.7466,139.6106,Delivered,NO,19.70,Ambient,RFID-KZ-0030,YES,1.75,Low Risk,98.25,Excellent,None,2026-05-22 15:32:03,2026-05-24 13:58:03,2026-05-24 13:58:03,Other,58.56,46.43,0,0,0,0,0,0,1,PKG030,3,"PKG030 | Departed Origin Hub | Regional Sorting Hub - Togane, Chiba | 18.31°C | In Transit"
PKG030,KZJP2026000030,4,In Transit Hub Scan,In Transit,2026-05-23 14:45:03,"Transit Hub Scan - Suginami, Tokyo",Suginami,Tokyo,35.654655,139.866096,14.15,Ambient,98.28,1.72,YES,"Kimitsu, Chiba",Kimitsu,Chiba,35.5498,140.2117,"Sayama, Saitama",Sayama,Saitama,35.7466,139.6106,Delivered,NO,19.70,Ambient,RFID-KZ-0030,YES,1.75,Low Risk,98.25,Excellent,None,2026-05-22 15:32:03,2026-05-24 13:58:03,2026-05-24 13:58:03,Other,58.56,46.43,0,0,0,0,0,0,1,PKG030,4,"PKG030 | In Transit Hub Scan | Transit Hub Scan - Suginami, Tokyo | 14.15°C | In Transit"
PKG030,KZJP2026000030,5,Out for Delivery,Out for Delivery,2026-05-24 03:45:08,"Destination Area Scan - Shinjuku, Tokyo",Shinjuku,Tokyo,35.687014,139.736534,19.55,Ambient,98.44,1.56,YES,"Kimitsu, Chiba",Kimitsu,Chiba,35.5498,140.2117,"Sayama, Saitama",Sayama,Saitama,35.7466,139.6106,Delivered,NO,19.70,Ambient,RFID-KZ-0030,YES,1.75,Low Risk,98.25,Excellent,None,2026-05-22 15:32:03,2026-05-24 13:58:03,2026-05-24 13:58:03,Other,58.56,46.43,0,0,0,0,0,0,1,PKG030,5,"PKG030 | Out for Delivery | Destination Area Scan - Shinjuku, Tokyo | 19.55°C | Out for Delivery"
PKG030,KZJP2026000030,6,Delivered,Delivered,2026-05-24 13:58:03,"Sayama, Saitama",Sayama,Saitama,35.7466,139.6106,19.70,Ambient,98.25,1.75,YES,"Kimitsu, Chiba",Kimitsu,Chiba,35.5498,140.2117,"Sayama, Saitama",Sayama,Saitama,35.7466,139.6106,Delivered,NO,19.70,Ambient,RFID-KZ-0030,YES,1.75,Low Risk,98.25,Excellent,None,2026-05-22 15:32:03,2026-05-24 13:58:03,2026-05-24 13:58:03,Other,58.56,46.43,0,1,1,0,0,0,1,PKG030,6,"PKG030 | Delivered | Sayama, Saitama | 19.70°C | Delivered"
PKG031,KZJP2026000031,1,Order Placed,Order Placed,2026-05-09 15:32:04,"Ota, Gunma",Ota,Gunma,36.307,138.9737,15.23,Ambient,99.08,0.92,YES,"Ota, Gunma",Ota,Gunma,36.307,138.9737,"Hirakawa, Aomori",Hirakawa,Aomori,40.9392,140.705,Delivered,NO,19.00,Ambient,RFID-KZ-0031,YES,1.91,Low Risk,98.09,Excellent,None,2026-05-09 15:32:04,2026-05-11 23:28:04,2026-05-11 23:28:04,"May 3-9, 2026",536.55,55.93,1,0,0,0,0,0,1,PKG031,1,"PKG031 | Order Placed | Ota, Gunma | 15.23°C | Order Placed"
PKG031,KZJP2026000031,2,Picked Up,Picked Up,2026-05-09 20:00:33,"Origin Pickup Scan - Takasaki, Gunma",Takasaki,Gunma,36.670034,139.095163,16.73,Ambient,98.27,1.73,YES,"Ota, Gunma",Ota,Gunma,36.307,138.9737,"Hirakawa, Aomori",Hirakawa,Aomori,40.9392,140.705,Delivered,NO,19.00,Ambient,RFID-KZ-0031,YES,1.91,Low Risk,98.09,Excellent,None,2026-05-09 15:32:04,2026-05-11 23:28:04,2026-05-11 23:28:04,"May 3-9, 2026",536.55,55.93,0,0,0,0,0,0,1,PKG031,2,"PKG031 | Picked Up | Origin Pickup Scan - Takasaki, Gunma | 16.73°C | Picked Up"
PKG031,KZJP2026000031,3,Departed Origin Hub,In Transit,2026-05-10 05:31:04,"Regional Sorting Hub - Ojiya, Niigata",Ojiya,Niigata,37.586287,139.34263,17.84,Ambient,99.05,0.95,YES,"Ota, Gunma",Ota,Gunma,36.307,138.9737,"Hirakawa, Aomori",Hirakawa,Aomori,40.9392,140.705,Delivered,NO,19.00,Ambient,RFID-KZ-0031,YES,1.91,Low Risk,98.09,Excellent,None,2026-05-09 15:32:04,2026-05-11 23:28:04,2026-05-11 23:28:04,"May 3-9, 2026",536.55,55.93,0,0,0,0,0,0,1,PKG031,3,"PKG031 | Departed Origin Hub | Regional Sorting Hub - Ojiya, Niigata | 17.84°C | In Transit"
PKG031,KZJP2026000031,4,In Transit Hub Scan,In Transit,2026-05-10 19:30:04,"Transit Hub Scan - Higashine, Yamagata",Higashine,Yamagata,38.542485,139.972582,17.28,Ambient,98.58,1.42,YES,"Ota, Gunma",Ota,Gunma,36.307,138.9737,"Hirakawa, Aomori",Hirakawa,Aomori,40.9392,140.705,Delivered,NO,19.00,Ambient,RFID-KZ-0031,YES,1.91,Low Risk,98.09,Excellent,None,2026-05-09 15:32:04,2026-05-11 23:28:04,2026-05-11 23:28:04,"May 3-9, 2026",536.55,55.93,0,0,0,0,0,0,1,PKG031,4,"PKG031 | In Transit Hub Scan | Transit Hub Scan - Higashine, Yamagata | 17.28°C | In Transit"
PKG031,KZJP2026000031,5,Out for Delivery,Out for Delivery,2026-05-11 11:09:45,"Destination Area Scan - Akita, Akita",Akita,Akita,39.860151,140.276994,19.33,Ambient,98.70,1.30,YES,"Ota, Gunma",Ota,Gunma,36.307,138.9737,"Hirakawa, Aomori",Hirakawa,Aomori,40.9392,140.705,Delivered,NO,19.00,Ambient,RFID-KZ-0031,YES,1.91,Low Risk,98.09,Excellent,None,2026-05-09 15:32:04,2026-05-11 23:28:04,2026-05-11 23:28:04,"May 3-9, 2026",536.55,55.93,0,0,0,0,0,0,1,PKG031,5,"PKG031 | Out for Delivery | Destination Area Scan - Akita, Akita | 19.33°C | Out for Delivery"
PKG031,KZJP2026000031,6,Delivered,Delivered,2026-05-11 23:28:04,"Hirakawa, Aomori",Hirakawa,Aomori,40.9392,140.705,19.00,Ambient,98.09,1.91,YES,"Ota, Gunma",Ota,Gunma,36.307,138.9737,"Hirakawa, Aomori",Hirakawa,Aomori,40.9392,140.705,Delivered,NO,19.00,Ambient,RFID-KZ-0031,YES,1.91,Low Risk,98.09,Excellent,None,2026-05-09 15:32:04,2026-05-11 23:28:04,2026-05-11 23:28:04,"May 3-9, 2026",536.55,55.93,0,1,1,0,0,0,1,PKG031,6,"PKG031 | Delivered | Hirakawa, Aomori | 19.00°C | Delivered"
PKG032,KZJP2026000032,1,Order Placed,Order Placed,2026-05-08 14:29:02,"Kudamatsu, Yamaguchi",Kudamatsu,Yamaguchi,34.1027,131.5668,23.80,Ambient,99.79,0.21,YES,"Kudamatsu, Yamaguchi",Kudamatsu,Yamaguchi,34.1027,131.5668,"Nankoku, Kochi",Nankoku,Kochi,33.5707,133.4116,Delivered,NO,27.10,Danger Zone,RFID-KZ-0032,YES,0.50,Low Risk,99.50,Excellent,None,2026-05-08 14:29:02,2026-05-11 14:19:02,2026-05-11 14:19:02,"May 3-9, 2026",180.36,71.83,1,0,0,0,0,0,1,PKG032,1,"PKG032 | Order Placed | Kudamatsu, Yamaguchi | 23.80°C | Order Placed"
PKG032,KZJP2026000032,2,Picked Up,Picked Up,2026-05-08 20:13:50,"Origin Pickup Scan - Kudamatsu, Yamaguchi",Kudamatsu,Yamaguchi,34.074136,131.678234,23.61,Ambient,99.98,0.02,YES,"Kudamatsu, Yamaguchi",Kudamatsu,Yamaguchi,34.1027,131.5668,"Nankoku, Kochi",Nankoku,Kochi,33.5707,133.4116,Delivered,NO,27.10,Danger Zone,RFID-KZ-0032,YES,0.50,Low Risk,99.50,Excellent,None,2026-05-08 14:29:02,2026-05-11 14:19:02,2026-05-11 14:19:02,"May 3-9, 2026",180.36,71.83,0,0,0,0,0,0,1,PKG032,2,"PKG032 | Picked Up | Origin Pickup Scan - Kudamatsu, Yamaguchi | 23.61°C | Picked Up"
PKG032,KZJP2026000032,3,Departed Origin Hub,In Transit,2026-05-09 08:26:32,"Regional Sorting Hub - Onomichi, Hiroshima",Onomichi,Hiroshima,34.089064,132.146557,26.32,Danger Zone,99.90,0.10,YES,"Kudamatsu, Yamaguchi",Kudamatsu,Yamaguchi,34.1027,131.5668,"Nankoku, Kochi",Nankoku,Kochi,33.5707,133.4116,Delivered,NO,27.10,Danger Zone,RFID-KZ-0032,YES,0.50,Low Risk,99.50,Excellent,None,2026-05-08 14:29:02,2026-05-11 14:19:02,2026-05-11 14:19:02,"May 3-9, 2026",180.36,71.83,0,0,0,0,0,0,1,PKG032,3,"PKG032 | Departed Origin Hub | Regional Sorting Hub - Onomichi, Hiroshima | 26.32°C | In Transit"
PKG032,KZJP2026000032,4,In Transit Hub Scan,In Transit,2026-05-10 02:24:02,"Transit Hub Scan - Yawatahama, Ehime",Yawatahama,Ehime,33.862771,132.532375,24.91,Ambient,99.55,0.45,YES,"Kudamatsu, Yamaguchi",Kudamatsu,Yamaguchi,34.1027,131.5668,"Nankoku, Kochi",Nankoku,Kochi,33.5707,133.4116,Delivered,NO,27.10,Danger Zone,RFID-KZ-0032,YES,0.50,Low Risk,99.50,Excellent,None,2026-05-08 14:29:02,2026-05-11 14:19:02,2026-05-11 14:19:02,"May 3-9, 2026",180.36,71.83,0,0,0,0,0,0,1,PKG032,4,"PKG032 | In Transit Hub Scan | Transit Hub Scan - Yawatahama, Ehime | 24.91°C | In Transit"
PKG032,KZJP2026000032,5,Out for Delivery,Out for Delivery,2026-05-10 22:30:50,"Destination Area Scan - Ozu, Ehime",Ozu,Ehime,33.716408,132.943762,28.75,Danger Zone,99.69,0.31,YES,"Kudamatsu, Yamaguchi",Kudamatsu,Yamaguchi,34.1027,131.5668,"Nankoku, Kochi",Nankoku,Kochi,33.5707,133.4116,Delivered,NO,27.10,Danger Zone,RFID-KZ-0032,YES,0.50,Low Risk,99.50,Excellent,None,2026-05-08 14:29:02,2026-05-11 14:19:02,2026-05-11 14:19:02,"May 3-9, 2026",180.36,71.83,0,0,0,0,0,0,1,PKG032,5,"PKG032 | Out for Delivery | Destination Area Scan - Ozu, Ehime | 28.75°C | Out for Delivery"
PKG032,KZJP2026000032,6,Delivered,Delivered,2026-05-11 14:19:02,"Nankoku, Kochi",Nankoku,Kochi,33.5707,133.4116,27.10,Danger Zone,99.50,0.50,YES,"Kudamatsu, Yamaguchi",Kudamatsu,Yamaguchi,34.1027,131.5668,"Nankoku, Kochi",Nankoku,Kochi,33.5707,133.4116,Delivered,NO,27.10,Danger Zone,RFID-KZ-0032,YES,0.50,Low Risk,99.50,Excellent,None,2026-05-08 14:29:02,2026-05-11 14:19:02,2026-05-11 14:19:02,"May 3-9, 2026",180.36,71.83,0,1,1,0,0,0,1,PKG032,6,"PKG032 | Delivered | Nankoku, Kochi | 27.10°C | Delivered"
PKG033,KZJP2026000033,1,Order Placed,Order Placed,2026-05-17 12:47:17,"Kameoka, Kyoto",Kameoka,Kyoto,34.9358,135.8612,18.02,Ambient,98.45,1.55,YES,"Kameoka, Kyoto",Kameoka,Kyoto,34.9358,135.8612,"Toshima, Tokyo",Toshima,Tokyo,35.7653,139.7847,Delivered,NO,22.60,Ambient,RFID-KZ-0033,YES,2.12,Low Risk,97.88,Excellent,None,2026-05-17 12:47:17,2026-05-21 04:40:17,2026-05-21 04:40:17,Other,367.57,87.88,1,0,0,0,0,0,1,PKG033,1,"PKG033 | Order Placed | Kameoka, Kyoto | 18.02°C | Order Placed"
PKG033,KZJP2026000033,2,Picked Up,Picked Up,2026-05-17 19:49:08,"Origin Pickup Scan - Koka, Shiga",Koka,Shiga,34.984543,136.137331,21.20,Ambient,98.03,1.97,YES,"Kameoka, Kyoto",Kameoka,Kyoto,34.9358,135.8612,"Toshima, Tokyo",Toshima,Tokyo,35.7653,139.7847,Delivered,NO,22.60,Ambient,RFID-KZ-0033,YES,2.12,Low Risk,97.88,Excellent,None,2026-05-17 12:47:17,2026-05-21 04:40:17,2026-05-21 04:40:17,Other,367.57,87.88,0,0,0,0,0,0,1,PKG033,2,"PKG033 | Picked Up | Origin Pickup Scan - Koka, Shiga | 21.20°C | Picked Up"
PKG033,KZJP2026000033,3,Departed Origin Hub,In Transit,2026-05-18 10:45:32,"Regional Sorting Hub - Toyota, Aichi",Toyota,Aichi,35.135682,136.81386,23.17,Ambient,98.74,1.26,YES,"Kameoka, Kyoto",Kameoka,Kyoto,34.9358,135.8612,"Toshima, Tokyo",Toshima,Tokyo,35.7653,139.7847,Delivered,NO,22.60,Ambient,RFID-KZ-0033,YES,2.12,Low Risk,97.88,Excellent,None,2026-05-17 12:47:17,2026-05-21 04:40:17,2026-05-21 04:40:17,Other,367.57,87.88,0,0,0,0,0,0,1,PKG033,3,"PKG033 | Departed Origin Hub | Regional Sorting Hub - Toyota, Aichi | 23.17°C | In Transit"
PKG033,KZJP2026000033,4,In Transit Hub Scan,In Transit,2026-05-19 08:43:47,"Transit Hub Scan - Kosai, Shizuoka",Kosai,Shizuoka,35.251833,137.999723,20.37,Ambient,97.91,2.09,YES,"Kameoka, Kyoto",Kameoka,Kyoto,34.9358,135.8612,"Toshima, Tokyo",Toshima,Tokyo,35.7653,139.7847,Delivered,NO,22.60,Ambient,RFID-KZ-0033,YES,2.12,Low Risk,97.88,Excellent,None,2026-05-17 12:47:17,2026-05-21 04:40:17,2026-05-21 04:40:17,Other,367.57,87.88,0,0,0,0,0,0,1,PKG033,4,"PKG033 | In Transit Hub Scan | Transit Hub Scan - Kosai, Shizuoka | 20.37°C | In Transit"
PKG033,KZJP2026000033,5,Out for Delivery,Out for Delivery,2026-05-20 09:20:14,"Destination Area Scan - Kai, Yamanashi",Kai,Yamanashi,35.643577,138.872258,22.92,Ambient,97.72,2.28,YES,"Kameoka, Kyoto",Kameoka,Kyoto,34.9358,135.8612,"Toshima, Tokyo",Toshima,Tokyo,35.7653,139.7847,Delivered,NO,22.60,Ambient,RFID-KZ-0033,YES,2.12,Low Risk,97.88,Excellent,None,2026-05-17 12:47:17,2026-05-21 04:40:17,2026-05-21 04:40:17,Other,367.57,87.88,0,0,0,0,0,0,1,PKG033,5,"PKG033 | Out for Delivery | Destination Area Scan - Kai, Yamanashi | 22.92°C | Out for Delivery"
PKG033,KZJP2026000033,6,Delivered,Delivered,2026-05-21 04:40:17,"Toshima, Tokyo",Toshima,Tokyo,35.7653,139.7847,22.60,Ambient,97.88,2.12,YES,"Kameoka, Kyoto",Kameoka,Kyoto,34.9358,135.8612,"Toshima, Tokyo",Toshima,Tokyo,35.7653,139.7847,Delivered,NO,22.60,Ambient,RFID-KZ-0033,YES,2.12,Low Risk,97.88,Excellent,None,2026-05-17 12:47:17,2026-05-21 04:40:17,2026-05-21 04:40:17,Other,367.57,87.88,0,1,1,0,0,0,1,PKG033,6,"PKG033 | Delivered | Toshima, Tokyo | 22.60°C | Delivered"
PKG034,KZJP2026000034,1,Order Placed,Order Placed,2026-05-10 13:14:19,"Takatsuki, Osaka",Takatsuki,Osaka,34.7136,135.6206,3.64,Cool,98.96,1.04,YES,"Takatsuki, Osaka",Takatsuki,Osaka,34.7136,135.6206,"Toba, Mie",Toba,Mie,34.8451,136.4736,Delivered,YES,4.00,Cool,RFID-KZ-0034,YES,1.89,Low Risk,98.11,Excellent,None,2026-05-10 13:14:19,2026-05-13 09:45:19,2026-05-13 09:45:19,"May 10-16, 2026",79.26,68.52,1,0,0,0,0,1,1,PKG034,1,"PKG034 | Order Placed | Takatsuki, Osaka | 3.64°C | Order Placed"
PKG034,KZJP2026000034,2,Picked Up,Picked Up,2026-05-10 18:43:12,"Origin Pickup Scan - Tenri, Nara",Tenri,Nara,34.678072,135.707387,2.85,Cool,98.63,1.37,YES,"Takatsuki, Osaka",Takatsuki,Osaka,34.7136,135.6206,"Toba, Mie",Toba,Mie,34.8451,136.4736,Delivered,YES,4.00,Cool,RFID-KZ-0034,YES,1.89,Low Risk,98.11,Excellent,None,2026-05-10 13:14:19,2026-05-13 09:45:19,2026-05-13 09:45:19,"May 10-16, 2026",79.26,68.52,0,0,0,0,0,0,1,PKG034,2,"PKG034 | Picked Up | Origin Pickup Scan - Tenri, Nara | 2.85°C | Picked Up"
PKG034,KZJP2026000034,3,Departed Origin Hub,In Transit,2026-05-11 06:22:04,"Regional Sorting Hub - Yamatotakada, Nara",Yamatotakada,Nara,34.765532,135.855222,2.33,Cool,98.45,1.55,YES,"Takatsuki, Osaka",Takatsuki,Osaka,34.7136,135.6206,"Toba, Mie",Toba,Mie,34.8451,136.4736,Delivered,YES,4.00,Cool,RFID-KZ-0034,YES,1.89,Low Risk,98.11,Excellent,None,2026-05-10 13:14:19,2026-05-13 09:45:19,2026-05-13 09:45:19,"May 10-16, 2026",79.26,68.52,0,0,0,0,0,0,1,PKG034,3,"PKG034 | Departed Origin Hub | Regional Sorting Hub - Yamatotakada, Nara | 2.33°C | In Transit"
PKG034,KZJP2026000034,4,In Transit Hub Scan,In Transit,2026-05-11 23:29:49,"Transit Hub Scan - Nara, Nara",Nara,Nara,34.771582,136.039949,2.51,Cool,98.48,1.52,YES,"Takatsuki, Osaka",Takatsuki,Osaka,34.7136,135.6206,"Toba, Mie",Toba,Mie,34.8451,136.4736,Delivered,YES,4.00,Cool,RFID-KZ-0034,YES,1.89,Low Risk,98.11,Excellent,None,2026-05-10 13:14:19,2026-05-13 09:45:19,2026-05-13 09:45:19,"May 10-16, 2026",79.26,68.52,0,0,0,0,0,0,1,PKG034,4,"PKG034 | In Transit Hub Scan | Transit Hub Scan - Nara, Nara | 2.51°C | In Transit"
PKG034,KZJP2026000034,5,Out for Delivery,Out for Delivery,2026-05-12 18:40:54,"Destination Area Scan - Inabe, Mie",Inabe,Mie,34.806289,136.315847,2.58,Cool,98.63,1.37,YES,"Takatsuki, Osaka",Takatsuki,Osaka,34.7136,135.6206,"Toba, Mie",Toba,Mie,34.8451,136.4736,Delivered,YES,4.00,Cool,RFID-KZ-0034,YES,1.89,Low Risk,98.11,Excellent,None,2026-05-10 13:14:19,2026-05-13 09:45:19,2026-05-13 09:45:19,"May 10-16, 2026",79.26,68.52,0,0,0,0,0,0,1,PKG034,5,"PKG034 | Out for Delivery | Destination Area Scan - Inabe, Mie | 2.58°C | Out for Delivery"
PKG034,KZJP2026000034,6,Delivered,Delivered,2026-05-13 09:45:19,"Toba, Mie",Toba,Mie,34.8451,136.4736,4.00,Cool,98.11,1.89,YES,"Takatsuki, Osaka",Takatsuki,Osaka,34.7136,135.6206,"Toba, Mie",Toba,Mie,34.8451,136.4736,Delivered,YES,4.00,Cool,RFID-KZ-0034,YES,1.89,Low Risk,98.11,Excellent,None,2026-05-10 13:14:19,2026-05-13 09:45:19,2026-05-13 09:45:19,"May 10-16, 2026",79.26,68.52,0,1,1,0,0,0,1,PKG034,6,"PKG034 | Delivered | Toba, Mie | 4.00°C | Delivered"
PKG035,KZJP2026000035,1,Order Placed,Order Placed,2026-05-20 15:01:19,"Itoshima, Fukuoka",Itoshima,Fukuoka,33.471,130.3883,18.94,Ambient,99.58,0.42,YES,"Itoshima, Fukuoka",Itoshima,Fukuoka,33.471,130.3883,"Iwanuma, Miyagi",Iwanuma,Miyagi,38.371,140.935,Delivered,NO,22.50,Ambient,RFID-KZ-0035,YES,1.10,Low Risk,98.90,Excellent,None,2026-05-20 15:01:19,2026-05-23 02:21:19,2026-05-23 02:21:19,Other,1093.86,59.33,1,0,0,0,0,0,1,PKG035,1,"PKG035 | Order Placed | Itoshima, Fukuoka | 18.94°C | Order Placed"
PKG035,KZJP2026000035,2,Picked Up,Picked Up,2026-05-20 19:46:07,"Origin Pickup Scan - San'yo-Onoda, Yamaguchi",San'yo-Onoda,Yamaguchi,33.925251,131.339936,22.51,Ambient,99.10,0.90,YES,"Itoshima, Fukuoka",Itoshima,Fukuoka,33.471,130.3883,"Iwanuma, Miyagi",Iwanuma,Miyagi,38.371,140.935,Delivered,NO,22.50,Ambient,RFID-KZ-0035,YES,1.10,Low Risk,98.90,Excellent,None,2026-05-20 15:01:19,2026-05-23 02:21:19,2026-05-23 02:21:19,Other,1093.86,59.33,0,0,0,0,0,0,1,PKG035,2,"PKG035 | Picked Up | Origin Pickup Scan - San'yo-Onoda, Yamaguchi | 22.51°C | Picked Up"
PKG035,KZJP2026000035,3,Departed Origin Hub,In Transit,2026-05-21 05:51:19,"Regional Sorting Hub - Hiroshima, Hiroshima",Hiroshima,Hiroshima,34.590896,132.896115,19.46,Ambient,99.77,0.23,YES,"Itoshima, Fukuoka",Itoshima,Fukuoka,33.471,130.3883,"Iwanuma, Miyagi",Iwanuma,Miyagi,38.371,140.935,Delivered,NO,22.50,Ambient,RFID-KZ-0035,YES,1.10,Low Risk,98.90,Excellent,None,2026-05-20 15:01:19,2026-05-23 02:21:19,2026-05-23 02:21:19,Other,1093.86,59.33,0,0,0,0,0,0,1,PKG035,3,"PKG035 | Departed Origin Hub | Regional Sorting Hub - Hiroshima, Hiroshima | 19.46°C | In Transit"
PKG035,KZJP2026000035,4,In Transit Hub Scan,In Transit,2026-05-21 20:41:19,"Transit Hub Scan - Ono, Fukui",Ono,Fukui,35.986692,135.783973,21.29,Ambient,99.78,0.22,YES,"Itoshima, Fukuoka",Itoshima,Fukuoka,33.471,130.3883,"Iwanuma, Miyagi",Iwanuma,Miyagi,38.371,140.935,Delivered,NO,22.50,Ambient,RFID-KZ-0035,YES,1.10,Low Risk,98.90,Excellent,None,2026-05-20 15:01:19,2026-05-23 02:21:19,2026-05-23 02:21:19,Other,1093.86,59.33,0,0,0,0,0,0,1,PKG035,4,"PKG035 | In Transit Hub Scan | Transit Hub Scan - Ono, Fukui | 21.29°C | In Transit"
PKG035,KZJP2026000035,5,Out for Delivery,Out for Delivery,2026-05-22 13:18:07,"Destination Area Scan - Komagane, Nagano",Komagane,Nagano,37.112504,138.437231,23.99,Ambient,99.51,0.49,YES,"Itoshima, Fukuoka",Itoshima,Fukuoka,33.471,130.3883,"Iwanuma, Miyagi",Iwanuma,Miyagi,38.371,140.935,Delivered,NO,22.50,Ambient,RFID-KZ-0035,YES,1.10,Low Risk,98.90,Excellent,None,2026-05-20 15:01:19,2026-05-23 02:21:19,2026-05-23 02:21:19,Other,1093.86,59.33,0,0,0,0,0,0,1,PKG035,5,"PKG035 | Out for Delivery | Destination Area Scan - Komagane, Nagano | 23.99°C | Out for Delivery"
PKG035,KZJP2026000035,6,Delivered,Delivered,2026-05-23 02:21:19,"Iwanuma, Miyagi",Iwanuma,Miyagi,38.371,140.935,22.50,Ambient,98.90,1.10,YES,"Itoshima, Fukuoka",Itoshima,Fukuoka,33.471,130.3883,"Iwanuma, Miyagi",Iwanuma,Miyagi,38.371,140.935,Delivered,NO,22.50,Ambient,RFID-KZ-0035,YES,1.10,Low Risk,98.90,Excellent,None,2026-05-20 15:01:19,2026-05-23 02:21:19,2026-05-23 02:21:19,Other,1093.86,59.33,0,1,1,0,0,0,1,PKG035,6,"PKG035 | Delivered | Iwanuma, Miyagi | 22.50°C | Delivered"
PKG036,KZJP2026000036,1,Order Placed,Order Placed,2026-05-11 15:28:36,"Toba, Mie",Toba,Mie,34.8451,136.4736,18.46,Ambient,99.78,0.22,YES,"Toba, Mie",Toba,Mie,34.8451,136.4736,"Suzaka, Nagano",Suzaka,Nagano,36.5314,138.1855,Delivered,NO,20.50,Ambient,RFID-KZ-0036,YES,1.02,Low Risk,98.98,Excellent,None,2026-05-11 15:28:36,2026-05-15 00:19:36,2026-05-15 00:19:36,"May 10-16, 2026",243.02,80.85,1,0,0,0,0,0,1,PKG036,1,"PKG036 | Order Placed | Toba, Mie | 18.46°C | Order Placed"
PKG036,KZJP2026000036,2,Picked Up,Picked Up,2026-05-11 21:56:41,"Origin Pickup Scan - Kameyama, Mie",Kameyama,Mie,34.939512,136.613672,21.61,Ambient,99.13,0.87,YES,"Toba, Mie",Toba,Mie,34.8451,136.4736,"Suzaka, Nagano",Suzaka,Nagano,36.5314,138.1855,Delivered,NO,20.50,Ambient,RFID-KZ-0036,YES,1.02,Low Risk,98.98,Excellent,None,2026-05-11 15:28:36,2026-05-15 00:19:36,2026-05-15 00:19:36,"May 10-16, 2026",243.02,80.85,0,0,0,0,0,0,1,PKG036,2,"PKG036 | Picked Up | Origin Pickup Scan - Kameyama, Mie | 21.61°C | Picked Up"
PKG036,KZJP2026000036,3,Departed Origin Hub,In Transit,2026-05-12 11:41:21,"Regional Sorting Hub - Chiryu, Aichi",Chiryu,Aichi,35.291074,136.945151,21.04,Ambient,99.20,0.80,YES,"Toba, Mie",Toba,Mie,34.8451,136.4736,"Suzaka, Nagano",Suzaka,Nagano,36.5314,138.1855,Delivered,NO,20.50,Ambient,RFID-KZ-0036,YES,1.02,Low Risk,98.98,Excellent,None,2026-05-11 15:28:36,2026-05-15 00:19:36,2026-05-15 00:19:36,"May 10-16, 2026",243.02,80.85,0,0,0,0,0,0,1,PKG036,3,"PKG036 | Departed Origin Hub | Regional Sorting Hub - Chiryu, Aichi | 21.04°C | In Transit"
PKG036,KZJP2026000036,4,In Transit Hub Scan,In Transit,2026-05-13 07:54:06,"Transit Hub Scan - Gifu, Gifu",Gifu,Gifu,35.617066,137.137455,18.12,Ambient,99.58,0.42,YES,"Toba, Mie",Toba,Mie,34.8451,136.4736,"Suzaka, Nagano",Suzaka,Nagano,36.5314,138.1855,Delivered,NO,20.50,Ambient,RFID-KZ-0036,YES,1.02,Low Risk,98.98,Excellent,None,2026-05-11 15:28:36,2026-05-15 00:19:36,2026-05-15 00:19:36,"May 10-16, 2026",243.02,80.85,0,0,0,0,0,0,1,PKG036,4,"PKG036 | In Transit Hub Scan | Transit Hub Scan - Gifu, Gifu | 18.12°C | In Transit"
PKG036,KZJP2026000036,5,Out for Delivery,Out for Delivery,2026-05-14 06:32:23,"Destination Area Scan - Suwa, Nagano",Suwa,Nagano,36.312442,137.89382,17.03,Ambient,99.37,0.63,YES,"Toba, Mie",Toba,Mie,34.8451,136.4736,"Suzaka, Nagano",Suzaka,Nagano,36.5314,138.1855,Delivered,NO,20.50,Ambient,RFID-KZ-0036,YES,1.02,Low Risk,98.98,Excellent,None,2026-05-11 15:28:36,2026-05-15 00:19:36,2026-05-15 00:19:36,"May 10-16, 2026",243.02,80.85,0,0,0,0,0,0,1,PKG036,5,"PKG036 | Out for Delivery | Destination Area Scan - Suwa, Nagano | 17.03°C | Out for Delivery"
PKG036,KZJP2026000036,6,Delivered,Delivered,2026-05-15 00:19:36,"Suzaka, Nagano",Suzaka,Nagano,36.5314,138.1855,20.50,Ambient,98.98,1.02,YES,"Toba, Mie",Toba,Mie,34.8451,136.4736,"Suzaka, Nagano",Suzaka,Nagano,36.5314,138.1855,Delivered,NO,20.50,Ambient,RFID-KZ-0036,YES,1.02,Low Risk,98.98,Excellent,None,2026-05-11 15:28:36,2026-05-15 00:19:36,2026-05-15 00:19:36,"May 10-16, 2026",243.02,80.85,0,1,1,0,0,0,1,PKG036,6,"PKG036 | Delivered | Suzaka, Nagano | 20.50°C | Delivered"
PKG037,KZJP2026000037,1,Order Placed,Order Placed,2026-05-14 10:51:45,"Saku, Nagano",Saku,Nagano,36.6314,138.2993,21.97,Ambient,99.45,0.55,YES,"Saku, Nagano",Saku,Nagano,36.6314,138.2993,"Tsurugashima, Saitama",Tsurugashima,Saitama,35.7531,139.5939,Delivered,NO,25.20,Ambient,RFID-KZ-0037,YES,1.56,Low Risk,98.44,Excellent,None,2026-05-14 10:51:45,2026-05-15 08:16:45,2026-05-15 08:16:45,"May 10-16, 2026",151.77,21.42,1,0,0,0,0,0,1,PKG037,1,"PKG037 | Order Placed | Saku, Nagano | 21.97°C | Order Placed"
PKG037,KZJP2026000037,2,Picked Up,Picked Up,2026-05-14 12:34:33,"Origin Pickup Scan - Saku, Nagano",Saku,Nagano,36.620812,138.412258,23.55,Ambient,98.26,1.74,YES,"Saku, Nagano",Saku,Nagano,36.6314,138.2993,"Tsurugashima, Saitama",Tsurugashima,Saitama,35.7531,139.5939,Delivered,NO,25.20,Ambient,RFID-KZ-0037,YES,1.56,Low Risk,98.44,Excellent,None,2026-05-14 10:51:45,2026-05-15 08:16:45,2026-05-15 08:16:45,"May 10-16, 2026",151.77,21.42,0,0,0,0,0,0,1,PKG037,2,"PKG037 | Picked Up | Origin Pickup Scan - Saku, Nagano | 23.55°C | Picked Up"
PKG037,KZJP2026000037,3,Departed Origin Hub,In Transit,2026-05-14 16:13:00,"Regional Sorting Hub - Isesaki, Gunma",Isesaki,Gunma,36.454761,138.761863,22.07,Ambient,99.29,0.71,YES,"Saku, Nagano",Saku,Nagano,36.6314,138.2993,"Tsurugashima, Saitama",Tsurugashima,Saitama,35.7531,139.5939,Delivered,NO,25.20,Ambient,RFID-KZ-0037,YES,1.56,Low Risk,98.44,Excellent,None,2026-05-14 10:51:45,2026-05-15 08:16:45,2026-05-15 08:16:45,"May 10-16, 2026",151.77,21.42,0,0,0,0,0,0,1,PKG037,3,"PKG037 | Departed Origin Hub | Regional Sorting Hub - Isesaki, Gunma | 22.07°C | In Transit"
PKG037,KZJP2026000037,4,In Transit Hub Scan,In Transit,2026-05-14 21:34:15,"Transit Hub Scan - Ota, Gunma",Ota,Gunma,36.25571,138.969565,24.29,Ambient,98.35,1.65,YES,"Saku, Nagano",Saku,Nagano,36.6314,138.2993,"Tsurugashima, Saitama",Tsurugashima,Saitama,35.7531,139.5939,Delivered,NO,25.20,Ambient,RFID-KZ-0037,YES,1.56,Low Risk,98.44,Excellent,None,2026-05-14 10:51:45,2026-05-15 08:16:45,2026-05-15 08:16:45,"May 10-16, 2026",151.77,21.42,0,0,0,0,0,0,1,PKG037,4,"PKG037 | In Transit Hub Scan | Transit Hub Scan - Ota, Gunma | 24.29°C | In Transit"
PKG037,KZJP2026000037,5,Out for Delivery,Out for Delivery,2026-05-15 03:34:03,"Destination Area Scan - Niiza, Saitama",Niiza,Saitama,35.944355,139.373552,24.87,Ambient,99.17,0.83,YES,"Saku, Nagano",Saku,Nagano,36.6314,138.2993,"Tsurugashima, Saitama",Tsurugashima,Saitama,35.7531,139.5939,Delivered,NO,25.20,Ambient,RFID-KZ-0037,YES,1.56,Low Risk,98.44,Excellent,None,2026-05-14 10:51:45,2026-05-15 08:16:45,2026-05-15 08:16:45,"May 10-16, 2026",151.77,21.42,0,0,0,0,0,0,1,PKG037,5,"PKG037 | Out for Delivery | Destination Area Scan - Niiza, Saitama | 24.87°C | Out for Delivery"
PKG037,KZJP2026000037,6,Delivered,Delivered,2026-05-15 08:16:45,"Tsurugashima, Saitama",Tsurugashima,Saitama,35.7531,139.5939,25.20,Ambient,98.44,1.56,YES,"Saku, Nagano",Saku,Nagano,36.6314,138.2993,"Tsurugashima, Saitama",Tsurugashima,Saitama,35.7531,139.5939,Delivered,NO,25.20,Ambient,RFID-KZ-0037,YES,1.56,Low Risk,98.44,Excellent,None,2026-05-14 10:51:45,2026-05-15 08:16:45,2026-05-15 08:16:45,"May 10-16, 2026",151.77,21.42,0,1,1,0,0,0,1,PKG037,6,"PKG037 | Delivered | Tsurugashima, Saitama | 25.20°C | Delivered"
PKG038,KZJP2026000038,1,Order Placed,Order Placed,2026-05-22 13:34:53,"Matsuyama, Ehime",Matsuyama,Ehime,33.8967,132.8709,16.84,Ambient,98.53,1.47,YES,"Matsuyama, Ehime",Matsuyama,Ehime,33.8967,132.8709,"Ofunato, Iwate",Ofunato,Iwate,39.8006,141.0819,Delivered,NO,21.40,Ambient,RFID-KZ-0038,YES,2.70,Low Risk,97.30,Excellent,None,2026-05-22 13:34:53,2026-05-25 15:27:53,2026-05-25 15:27:53,Other,981.42,73.88,1,0,0,0,0,0,1,PKG038,1,"PKG038 | Order Placed | Matsuyama, Ehime | 16.84°C | Order Placed"
PKG038,KZJP2026000038,2,Picked Up,Picked Up,2026-05-22 19:29:31,"Origin Pickup Scan - Akaiwa, Okayama",Akaiwa,Okayama,34.48772,133.649081,17.26,Ambient,97.28,2.72,YES,"Matsuyama, Ehime",Matsuyama,Ehime,33.8967,132.8709,"Ofunato, Iwate",Ofunato,Iwate,39.8006,141.0819,Delivered,NO,21.40,Ambient,RFID-KZ-0038,YES,2.70,Low Risk,97.30,Excellent,None,2026-05-22 13:34:53,2026-05-25 15:27:53,2026-05-25 15:27:53,Other,981.42,73.88,0,0,0,0,0,0,1,PKG038,2,"PKG038 | Picked Up | Origin Pickup Scan - Akaiwa, Okayama | 17.26°C | Picked Up"
PKG038,KZJP2026000038,3,Departed Origin Hub,In Transit,2026-05-23 08:03:08,"Regional Sorting Hub - Tottori, Tottori",Tottori,Tottori,35.457522,134.709149,20.99,Ambient,98.43,1.57,YES,"Matsuyama, Ehime",Matsuyama,Ehime,33.8967,132.8709,"Ofunato, Iwate",Ofunato,Iwate,39.8006,141.0819,Delivered,NO,21.40,Ambient,RFID-KZ-0038,YES,2.70,Low Risk,97.30,Excellent,None,2026-05-22 13:34:53,2026-05-25 15:27:53,2026-05-25 15:27:53,Other,981.42,73.88,0,0,0,0,0,0,1,PKG038,3,"PKG038 | Departed Origin Hub | Regional Sorting Hub - Tottori, Tottori | 20.99°C | In Transit"
PKG038,KZJP2026000038,4,In Transit Hub Scan,In Transit,2026-05-24 02:31:23,"Transit Hub Scan - Uozu, Toyama",Uozu,Toyama,36.808908,137.056478,20.44,Ambient,97.48,2.52,YES,"Matsuyama, Ehime",Matsuyama,Ehime,33.8967,132.8709,"Ofunato, Iwate",Ofunato,Iwate,39.8006,141.0819,Delivered,NO,21.40,Ambient,RFID-KZ-0038,YES,2.70,Low Risk,97.30,Excellent,None,2026-05-22 13:34:53,2026-05-25 15:27:53,2026-05-25 15:27:53,Other,981.42,73.88,0,0,0,0,0,0,1,PKG038,4,"PKG038 | In Transit Hub Scan | Transit Hub Scan - Uozu, Toyama | 20.44°C | In Transit"
PKG038,KZJP2026000038,5,Out for Delivery,Out for Delivery,2026-05-24 23:12:37,"Destination Area Scan - Tokamachi, Niigata",Tokamachi,Niigata,38.352468,139.24739,21.59,Ambient,97.53,2.47,YES,"Matsuyama, Ehime",Matsuyama,Ehime,33.8967,132.8709,"Ofunato, Iwate",Ofunato,Iwate,39.8006,141.0819,Delivered,NO,21.40,Ambient,RFID-KZ-0038,YES,2.70,Low Risk,97.30,Excellent,None,2026-05-22 13:34:53,2026-05-25 15:27:53,2026-05-25 15:27:53,Other,981.42,73.88,0,0,0,0,0,0,1,PKG038,5,"PKG038 | Out for Delivery | Destination Area Scan - Tokamachi, Niigata | 21.59°C | Out for Delivery"
PKG038,KZJP2026000038,6,Delivered,Delivered,2026-05-25 15:27:53,"Ofunato, Iwate",Ofunato,Iwate,39.8006,141.0819,21.40,Ambient,97.30,2.70,YES,"Matsuyama, Ehime",Matsuyama,Ehime,33.8967,132.8709,"Ofunato, Iwate",Ofunato,Iwate,39.8006,141.0819,Delivered,NO,21.40,Ambient,RFID-KZ-0038,YES,2.70,Low Risk,97.30,Excellent,None,2026-05-22 13:34:53,2026-05-25 15:27:53,2026-05-25 15:27:53,Other,981.42,73.88,0,1,1,0,0,0,1,PKG038,6,"PKG038 | Delivered | Ofunato, Iwate | 21.40°C | Delivered"
PKG039,KZJP2026000039,1,Order Placed,Order Placed,2026-05-09 17:16:26,"Kimitsu, Chiba",Kimitsu,Chiba,35.5498,140.2117,5.27,Cool,99.03,0.97,YES,"Kimitsu, Chiba",Kimitsu,Chiba,35.5498,140.2117,"Kiyosu, Aichi",Kiyosu,Aichi,35.3001,136.8889,Delivered,YES,7.20,Cool,RFID-KZ-0039,YES,1.22,Low Risk,98.78,Excellent,None,2026-05-09 17:16:26,2026-05-12 20:29:26,2026-05-12 20:29:26,"May 3-9, 2026",302.34,75.22,1,0,0,0,0,1,1,PKG039,1,"PKG039 | Order Placed | Kimitsu, Chiba | 5.27°C | Order Placed"
PKG039,KZJP2026000039,2,Picked Up,Picked Up,2026-05-09 23:17:28,"Origin Pickup Scan - Sanmu, Chiba",Sanmu,Chiba,35.547243,139.932446,6.68,Cool,99.33,0.67,YES,"Kimitsu, Chiba",Kimitsu,Chiba,35.5498,140.2117,"Kiyosu, Aichi",Kiyosu,Aichi,35.3001,136.8889,Delivered,YES,7.20,Cool,RFID-KZ-0039,YES,1.22,Low Risk,98.78,Excellent,None,2026-05-09 17:16:26,2026-05-12 20:29:26,2026-05-12 20:29:26,"May 3-9, 2026",302.34,75.22,0,0,0,0,0,0,1,PKG039,2,"PKG039 | Picked Up | Origin Pickup Scan - Sanmu, Chiba | 6.68°C | Picked Up"
PKG039,KZJP2026000039,3,Departed Origin Hub,In Transit,2026-05-10 12:04:41,"Regional Sorting Hub - Miura, Kanagawa",Miura,Kanagawa,35.513514,139.423037,5.37,Cool,99.65,0.35,YES,"Kimitsu, Chiba",Kimitsu,Chiba,35.5498,140.2117,"Kiyosu, Aichi",Kiyosu,Aichi,35.3001,136.8889,Delivered,YES,7.20,Cool,RFID-KZ-0039,YES,1.22,Low Risk,98.78,Excellent,None,2026-05-09 17:16:26,2026-05-12 20:29:26,2026-05-12 20:29:26,"May 3-9, 2026",302.34,75.22,0,0,0,0,0,0,1,PKG039,3,"PKG039 | Departed Origin Hub | Regional Sorting Hub - Miura, Kanagawa | 5.37°C | In Transit"
PKG039,KZJP2026000039,4,In Transit Hub Scan,In Transit,2026-05-11 06:52:56,"Transit Hub Scan - Nirasaki, Yamanashi",Nirasaki,Yamanashi,35.431205,138.548435,7.53,Cool,98.66,1.34,YES,"Kimitsu, Chiba",Kimitsu,Chiba,35.5498,140.2117,"Kiyosu, Aichi",Kiyosu,Aichi,35.3001,136.8889,Delivered,YES,7.20,Cool,RFID-KZ-0039,YES,1.22,Low Risk,98.78,Excellent,None,2026-05-09 17:16:26,2026-05-12 20:29:26,2026-05-12 20:29:26,"May 3-9, 2026",302.34,75.22,0,0,0,0,0,0,1,PKG039,4,"PKG039 | In Transit Hub Scan | Transit Hub Scan - Nirasaki, Yamanashi | 7.53°C | In Transit"
PKG039,KZJP2026000039,5,Out for Delivery,Out for Delivery,2026-05-12 03:56:34,"Destination Area Scan - Chita, Aichi",Chita,Aichi,35.342825,137.428973,6.73,Cool,98.62,1.38,YES,"Kimitsu, Chiba",Kimitsu,Chiba,35.5498,140.2117,"Kiyosu, Aichi",Kiyosu,Aichi,35.3001,136.8889,Delivered,YES,7.20,Cool,RFID-KZ-0039,YES,1.22,Low Risk,98.78,Excellent,None,2026-05-09 17:16:26,2026-05-12 20:29:26,2026-05-12 20:29:26,"May 3-9, 2026",302.34,75.22,0,0,0,0,0,0,1,PKG039,5,"PKG039 | Out for Delivery | Destination Area Scan - Chita, Aichi | 6.73°C | Out for Delivery"
PKG039,KZJP2026000039,6,Delivered,Delivered,2026-05-12 20:29:26,"Kiyosu, Aichi",Kiyosu,Aichi,35.3001,136.8889,7.20,Cool,98.78,1.22,YES,"Kimitsu, Chiba",Kimitsu,Chiba,35.5498,140.2117,"Kiyosu, Aichi",Kiyosu,Aichi,35.3001,136.8889,Delivered,YES,7.20,Cool,RFID-KZ-0039,YES,1.22,Low Risk,98.78,Excellent,None,2026-05-09 17:16:26,2026-05-12 20:29:26,2026-05-12 20:29:26,"May 3-9, 2026",302.34,75.22,0,1,1,0,0,0,1,PKG039,6,"PKG039 | Delivered | Kiyosu, Aichi | 7.20°C | Delivered"
PKG040,KZJP2026000040,1,Order Placed,Order Placed,2026-05-17 13:32:20,"Hakusan, Ishikawa",Hakusan,Ishikawa,36.6632,136.7196,20.48,Ambient,99.33,0.67,YES,"Hakusan, Ishikawa",Hakusan,Ishikawa,36.6632,136.7196,"Shimotsuke, Tochigi",Shimotsuke,Tochigi,36.4531,139.9458,Delivered,NO,23.40,Ambient,RFID-KZ-0040,YES,0.40,Low Risk,99.60,Excellent,None,2026-05-17 13:32:20,2026-05-19 15:43:20,2026-05-19 15:43:20,Other,289.09,50.18,1,0,0,0,0,0,1,PKG040,1,"PKG040 | Order Placed | Hakusan, Ishikawa | 20.48°C | Order Placed"
PKG040,KZJP2026000040,2,Picked Up,Picked Up,2026-05-17 17:33:12,"Origin Pickup Scan - Himi, Toyama",Himi,Toyama,36.722457,137.036322,21.47,Ambient,99.87,0.13,YES,"Hakusan, Ishikawa",Hakusan,Ishikawa,36.6632,136.7196,"Shimotsuke, Tochigi",Shimotsuke,Tochigi,36.4531,139.9458,Delivered,NO,23.40,Ambient,RFID-KZ-0040,YES,0.40,Low Risk,99.60,Excellent,None,2026-05-17 13:32:20,2026-05-19 15:43:20,2026-05-19 15:43:20,Other,289.09,50.18,0,0,0,0,0,0,1,PKG040,2,"PKG040 | Picked Up | Origin Pickup Scan - Himi, Toyama | 21.47°C | Picked Up"
PKG040,KZJP2026000040,3,Departed Origin Hub,In Transit,2026-05-18 02:05:05,"Regional Sorting Hub - Tonami, Toyama",Tonami,Toyama,36.613536,137.443397,22.61,Ambient,99.23,0.77,YES,"Hakusan, Ishikawa",Hakusan,Ishikawa,36.6632,136.7196,"Shimotsuke, Tochigi",Shimotsuke,Tochigi,36.4531,139.9458,Delivered,NO,23.40,Ambient,RFID-KZ-0040,YES,0.40,Low Risk,99.60,Excellent,None,2026-05-17 13:32:20,2026-05-19 15:43:20,2026-05-19 15:43:20,Other,289.09,50.18,0,0,0,0,0,0,1,PKG040,3,"PKG040 | Departed Origin Hub | Regional Sorting Hub - Tonami, Toyama | 22.61°C | In Transit"
PKG040,KZJP2026000040,4,In Transit Hub Scan,In Transit,2026-05-18 14:37:50,"Transit Hub Scan - Komoro, Nagano",Komoro,Nagano,36.564733,138.324637,22.51,Ambient,99.33,0.67,YES,"Hakusan, Ishikawa",Hakusan,Ishikawa,36.6632,136.7196,"Shimotsuke, Tochigi",Shimotsuke,Tochigi,36.4531,139.9458,Delivered,NO,23.40,Ambient,RFID-KZ-0040,YES,0.40,Low Risk,99.60,Excellent,None,2026-05-17 13:32:20,2026-05-19 15:43:20,2026-05-19 15:43:20,Other,289.09,50.18,0,0,0,0,0,0,1,PKG040,4,"PKG040 | In Transit Hub Scan | Transit Hub Scan - Komoro, Nagano | 22.51°C | In Transit"
PKG040,KZJP2026000040,5,Out for Delivery,Out for Delivery,2026-05-19 04:40:54,"Destination Area Scan - Shibukawa, Gunma",Shibukawa,Gunma,36.440986,139.241459,23.55,Ambient,99.58,0.42,YES,"Hakusan, Ishikawa",Hakusan,Ishikawa,36.6632,136.7196,"Shimotsuke, Tochigi",Shimotsuke,Tochigi,36.4531,139.9458,Delivered,NO,23.40,Ambient,RFID-KZ-0040,YES,0.40,Low Risk,99.60,Excellent,None,2026-05-17 13:32:20,2026-05-19 15:43:20,2026-05-19 15:43:20,Other,289.09,50.18,0,0,0,0,0,0,1,PKG040,5,"PKG040 | Out for Delivery | Destination Area Scan - Shibukawa, Gunma | 23.55°C | Out for Delivery"
PKG040,KZJP2026000040,6,Delivered,Delivered,2026-05-19 15:43:20,"Shimotsuke, Tochigi",Shimotsuke,Tochigi,36.4531,139.9458,23.40,Ambient,99.60,0.40,YES,"Hakusan, Ishikawa",Hakusan,Ishikawa,36.6632,136.7196,"Shimotsuke, Tochigi",Shimotsuke,Tochigi,36.4531,139.9458,Delivered,NO,23.40,Ambient,RFID-KZ-0040,YES,0.40,Low Risk,99.60,Excellent,None,2026-05-17 13:32:20,2026-05-19 15:43:20,2026-05-19 15:43:20,Other,289.09,50.18,0,1,1,0,0,0,1,PKG040,6,"PKG040 | Delivered | Shimotsuke, Tochigi | 23.40°C | Delivered"
PKG041,KZJP2026000041,1,Order Placed,Order Placed,2026-05-12 14:03:44,"Wakkanai, Hokkaido",Wakkanai,Hokkaido,42.8705,141.7055,3.78,Cool,99.16,0.84,YES,"Wakkanai, Hokkaido",Wakkanai,Hokkaido,42.8705,141.7055,"Nasushiobara, Tochigi",Nasushiobara,Tochigi,36.6046,139.7733,Delivered,YES,4.50,Cool,RFID-KZ-0041,YES,0.93,Low Risk,99.07,Excellent,None,2026-05-12 14:03:44,2026-05-13 09:20:44,2026-05-13 09:20:44,"May 10-16, 2026",716.00,19.28,1,0,0,0,0,1,1,PKG041,1,"PKG041 | Order Placed | Wakkanai, Hokkaido | 3.78°C | Order Placed"
PKG041,KZJP2026000041,2,Picked Up,Picked Up,2026-05-12 15:36:18,"Origin Pickup Scan - Rumoi, Hokkaido",Rumoi,Hokkaido,42.51184,141.523189,3.29,Cool,99.85,0.15,YES,"Wakkanai, Hokkaido",Wakkanai,Hokkaido,42.8705,141.7055,"Nasushiobara, Tochigi",Nasushiobara,Tochigi,36.6046,139.7733,Delivered,YES,4.50,Cool,RFID-KZ-0041,YES,0.93,Low Risk,99.07,Excellent,None,2026-05-12 14:03:44,2026-05-13 09:20:44,2026-05-13 09:20:44,"May 10-16, 2026",716.00,19.28,0,0,0,0,0,0,1,PKG041,2,"PKG041 | Picked Up | Origin Pickup Scan - Rumoi, Hokkaido | 3.29°C | Picked Up"
PKG041,KZJP2026000041,3,Departed Origin Hub,In Transit,2026-05-12 18:52:59,"Regional Sorting Hub - Aomori, Aomori",Aomori,Aomori,41.150727,141.11238,4.62,Cool,98.99,1.01,YES,"Wakkanai, Hokkaido",Wakkanai,Hokkaido,42.8705,141.7055,"Nasushiobara, Tochigi",Nasushiobara,Tochigi,36.6046,139.7733,Delivered,YES,4.50,Cool,RFID-KZ-0041,YES,0.93,Low Risk,99.07,Excellent,None,2026-05-12 14:03:44,2026-05-13 09:20:44,2026-05-13 09:20:44,"May 10-16, 2026",716.00,19.28,0,0,0,0,0,0,1,PKG041,3,"PKG041 | Departed Origin Hub | Regional Sorting Hub - Aomori, Aomori | 4.62°C | In Transit"
PKG041,KZJP2026000041,4,In Transit Hub Scan,In Transit,2026-05-12 23:42:14,"Transit Hub Scan - Hanamaki, Iwate",Hanamaki,Iwate,39.756578,140.814232,4.26,Cool,99.81,0.19,YES,"Wakkanai, Hokkaido",Wakkanai,Hokkaido,42.8705,141.7055,"Nasushiobara, Tochigi",Nasushiobara,Tochigi,36.6046,139.7733,Delivered,YES,4.50,Cool,RFID-KZ-0041,YES,0.93,Low Risk,99.07,Excellent,None,2026-05-12 14:03:44,2026-05-13 09:20:44,2026-05-13 09:20:44,"May 10-16, 2026",716.00,19.28,0,0,0,0,0,0,1,PKG041,4,"PKG041 | In Transit Hub Scan | Transit Hub Scan - Hanamaki, Iwate | 4.26°C | In Transit"
PKG041,KZJP2026000041,5,Out for Delivery,Out for Delivery,2026-05-13 05:06:12,"Destination Area Scan - Nan'yo, Yamagata",Nan'yo,Yamagata,38.046635,140.259806,4.73,Cool,99.35,0.65,YES,"Wakkanai, Hokkaido",Wakkanai,Hokkaido,42.8705,141.7055,"Nasushiobara, Tochigi",Nasushiobara,Tochigi,36.6046,139.7733,Delivered,YES,4.50,Cool,RFID-KZ-0041,YES,0.93,Low Risk,99.07,Excellent,None,2026-05-12 14:03:44,2026-05-13 09:20:44,2026-05-13 09:20:44,"May 10-16, 2026",716.00,19.28,0,0,0,0,0,0,1,PKG041,5,"PKG041 | Out for Delivery | Destination Area Scan - Nan'yo, Yamagata | 4.73°C | Out for Delivery"
PKG041,KZJP2026000041,6,Delivered,Delivered,2026-05-13 09:20:44,"Nasushiobara, Tochigi",Nasushiobara,Tochigi,36.6046,139.7733,4.50,Cool,99.07,0.93,YES,"Wakkanai, Hokkaido",Wakkanai,Hokkaido,42.8705,141.7055,"Nasushiobara, Tochigi",Nasushiobara,Tochigi,36.6046,139.7733,Delivered,YES,4.50,Cool,RFID-KZ-0041,YES,0.93,Low Risk,99.07,Excellent,None,2026-05-12 14:03:44,2026-05-13 09:20:44,2026-05-13 09:20:44,"May 10-16, 2026",716.00,19.28,0,1,1,0,0,0,1,PKG041,6,"PKG041 | Delivered | Nasushiobara, Tochigi | 4.50°C | Delivered"
PKG042,KZJP2026000042,1,Order Placed,Order Placed,2026-05-10 09:05:03,"Hida, Gifu",Hida,Gifu,35.5355,136.7642,19.59,Ambient,99.18,0.82,YES,"Hida, Gifu",Hida,Gifu,35.5355,136.7642,"Nagasaki, Nagasaki",Nagasaki,Nagasaki,32.8076,129.9826,Delivered,NO,20.90,Ambient,RFID-KZ-0042,YES,0.85,Low Risk,99.15,Excellent,None,2026-05-10 09:05:03,2026-05-13 09:34:03,2026-05-13 09:34:03,"May 10-16, 2026",693.49,72.48,1,0,0,0,0,0,1,PKG042,1,"PKG042 | Order Placed | Hida, Gifu | 19.59°C | Order Placed"
PKG042,KZJP2026000042,2,Picked Up,Picked Up,2026-05-10 14:52:58,"Origin Pickup Scan - Otsu, Shiga",Otsu,Shiga,35.196311,136.097519,18.82,Ambient,99.09,0.91,YES,"Hida, Gifu",Hida,Gifu,35.5355,136.7642,"Nagasaki, Nagasaki",Nagasaki,Nagasaki,32.8076,129.9826,Delivered,NO,20.90,Ambient,RFID-KZ-0042,YES,0.85,Low Risk,99.15,Excellent,None,2026-05-10 09:05:03,2026-05-13 09:34:03,2026-05-13 09:34:03,"May 10-16, 2026",693.49,72.48,0,0,0,0,0,0,1,PKG042,2,"PKG042 | Picked Up | Origin Pickup Scan - Otsu, Shiga | 18.82°C | Picked Up"
PKG042,KZJP2026000042,3,Departed Origin Hub,In Transit,2026-05-11 03:12:18,"Regional Sorting Hub - Toyooka, Hyogo",Toyooka,Hyogo,34.859805,135.156364,19.21,Ambient,99.87,0.13,YES,"Hida, Gifu",Hida,Gifu,35.5355,136.7642,"Nagasaki, Nagasaki",Nagasaki,Nagasaki,32.8076,129.9826,Delivered,NO,20.90,Ambient,RFID-KZ-0042,YES,0.85,Low Risk,99.15,Excellent,None,2026-05-10 09:05:03,2026-05-13 09:34:03,2026-05-13 09:34:03,"May 10-16, 2026",693.49,72.48,0,0,0,0,0,0,1,PKG042,3,"PKG042 | Departed Origin Hub | Regional Sorting Hub - Toyooka, Hyogo | 19.21°C | In Transit"
PKG042,KZJP2026000042,4,In Transit Hub Scan,In Transit,2026-05-11 21:19:33,"Transit Hub Scan - Zentsuji, Kagawa",Zentsuji,Kagawa,34.26683,133.580024,17.15,Ambient,99.81,0.19,YES,"Hida, Gifu",Hida,Gifu,35.5355,136.7642,"Nagasaki, Nagasaki",Nagasaki,Nagasaki,32.8076,129.9826,Delivered,NO,20.90,Ambient,RFID-KZ-0042,YES,0.85,Low Risk,99.15,Excellent,None,2026-05-10 09:05:03,2026-05-13 09:34:03,2026-05-13 09:34:03,"May 10-16, 2026",693.49,72.48,0,0,0,0,0,0,1,PKG042,4,"PKG042 | In Transit Hub Scan | Transit Hub Scan - Zentsuji, Kagawa | 17.15°C | In Transit"
PKG042,KZJP2026000042,5,Out for Delivery,Out for Delivery,2026-05-12 17:37:16,"Destination Area Scan - Hikari, Yamaguchi",Hikari,Yamaguchi,33.64907,131.495244,19.94,Ambient,99.28,0.72,YES,"Hida, Gifu",Hida,Gifu,35.5355,136.7642,"Nagasaki, Nagasaki",Nagasaki,Nagasaki,32.8076,129.9826,Delivered,NO,20.90,Ambient,RFID-KZ-0042,YES,0.85,Low Risk,99.15,Excellent,None,2026-05-10 09:05:03,2026-05-13 09:34:03,2026-05-13 09:34:03,"May 10-16, 2026",693.49,72.48,0,0,0,0,0,0,1,PKG042,5,"PKG042 | Out for Delivery | Destination Area Scan - Hikari, Yamaguchi | 19.94°C | Out for Delivery"
PKG042,KZJP2026000042,6,Delivered,Delivered,2026-05-13 09:34:03,"Nagasaki, Nagasaki",Nagasaki,Nagasaki,32.8076,129.9826,20.90,Ambient,99.15,0.85,YES,"Hida, Gifu",Hida,Gifu,35.5355,136.7642,"Nagasaki, Nagasaki",Nagasaki,Nagasaki,32.8076,129.9826,Delivered,NO,20.90,Ambient,RFID-KZ-0042,YES,0.85,Low Risk,99.15,Excellent,None,2026-05-10 09:05:03,2026-05-13 09:34:03,2026-05-13 09:34:03,"May 10-16, 2026",693.49,72.48,0,1,1,0,0,0,1,PKG042,6,"PKG042 | Delivered | Nagasaki, Nagasaki | 20.90°C | Delivered"
PKG043,KZJP2026000043,1,Order Placed,Order Placed,2026-05-16 15:31:33,"Marugame, Kagawa",Marugame,Kagawa,34.4599,134.0729,21.60,Ambient,98.86,1.14,YES,"Marugame, Kagawa",Marugame,Kagawa,34.4599,134.0729,"Tsukuba, Ibaraki",Tsukuba,Ibaraki,36.4172,140.5398,Delivered,NO,21.80,Ambient,RFID-KZ-0043,YES,1.66,Low Risk,98.34,Excellent,None,2026-05-16 15:31:33,2026-05-19 00:53:33,2026-05-19 00:53:33,"May 10-16, 2026",624.82,57.37,1,0,0,0,0,0,1,PKG043,1,"PKG043 | Order Placed | Marugame, Kagawa | 21.60°C | Order Placed"
PKG043,KZJP2026000043,2,Picked Up,Picked Up,2026-05-16 20:06:54,"Origin Pickup Scan - Naruto, Tokushima",Naruto,Tokushima,34.479225,134.590522,19.78,Ambient,98.37,1.63,YES,"Marugame, Kagawa",Marugame,Kagawa,34.4599,134.0729,"Tsukuba, Ibaraki",Tsukuba,Ibaraki,36.4172,140.5398,Delivered,NO,21.80,Ambient,RFID-KZ-0043,YES,1.66,Low Risk,98.34,Excellent,None,2026-05-16 15:31:33,2026-05-19 00:53:33,2026-05-19 00:53:33,"May 10-16, 2026",624.82,57.37,0,0,0,0,0,0,1,PKG043,2,"PKG043 | Picked Up | Origin Pickup Scan - Naruto, Tokushima | 19.78°C | Picked Up"
PKG043,KZJP2026000043,3,Departed Origin Hub,In Transit,2026-05-17 05:52:03,"Regional Sorting Hub - Uji, Kyoto",Uji,Kyoto,34.937692,135.683165,20.18,Ambient,99.09,0.91,YES,"Marugame, Kagawa",Marugame,Kagawa,34.4599,134.0729,"Tsukuba, Ibaraki",Tsukuba,Ibaraki,36.4172,140.5398,Delivered,NO,21.80,Ambient,RFID-KZ-0043,YES,1.66,Low Risk,98.34,Excellent,None,2026-05-16 15:31:33,2026-05-19 00:53:33,2026-05-19 00:53:33,"May 10-16, 2026",624.82,57.37,0,0,0,0,0,0,1,PKG043,3,"PKG043 | Departed Origin Hub | Regional Sorting Hub - Uji, Kyoto | 20.18°C | In Transit"
PKG043,KZJP2026000043,4,In Transit Hub Scan,In Transit,2026-05-17 20:12:33,"Transit Hub Scan - Nagakute, Aichi",Nagakute,Aichi,35.365498,137.228316,20.82,Ambient,98.03,1.97,YES,"Marugame, Kagawa",Marugame,Kagawa,34.4599,134.0729,"Tsukuba, Ibaraki",Tsukuba,Ibaraki,36.4172,140.5398,Delivered,NO,21.80,Ambient,RFID-KZ-0043,YES,1.66,Low Risk,98.34,Excellent,None,2026-05-16 15:31:33,2026-05-19 00:53:33,2026-05-19 00:53:33,"May 10-16, 2026",624.82,57.37,0,0,0,0,0,0,1,PKG043,4,"PKG043 | In Transit Hub Scan | Transit Hub Scan - Nagakute, Aichi | 20.82°C | In Transit"
PKG043,KZJP2026000043,5,Out for Delivery,Out for Delivery,2026-05-18 12:16:18,"Destination Area Scan - Numata, Gunma",Numata,Gunma,36.099149,139.032064,21.41,Ambient,98.81,1.19,YES,"Marugame, Kagawa",Marugame,Kagawa,34.4599,134.0729,"Tsukuba, Ibaraki",Tsukuba,Ibaraki,36.4172,140.5398,Delivered,NO,21.80,Ambient,RFID-KZ-0043,YES,1.66,Low Risk,98.34,Excellent,None,2026-05-16 15:31:33,2026-05-19 00:53:33,2026-05-19 00:53:33,"May 10-16, 2026",624.82,57.37,0,0,0,0,0,0,1,PKG043,5,"PKG043 | Out for Delivery | Destination Area Scan - Numata, Gunma | 21.41°C | Out for Delivery"
PKG043,KZJP2026000043,6,Delivered,Delivered,2026-05-19 00:53:33,"Tsukuba, Ibaraki",Tsukuba,Ibaraki,36.4172,140.5398,21.80,Ambient,98.34,1.66,YES,"Marugame, Kagawa",Marugame,Kagawa,34.4599,134.0729,"Tsukuba, Ibaraki",Tsukuba,Ibaraki,36.4172,140.5398,Delivered,NO,21.80,Ambient,RFID-KZ-0043,YES,1.66,Low Risk,98.34,Excellent,None,2026-05-16 15:31:33,2026-05-19 00:53:33,2026-05-19 00:53:33,"May 10-16, 2026",624.82,57.37,0,1,1,0,0,0,1,PKG043,6,"PKG043 | Delivered | Tsukuba, Ibaraki | 21.80°C | Delivered"
PKG044,KZJP2026000044,1,Order Placed,Order Placed,2026-05-08 18:21:20,"Takizawa, Iwate",Takizawa,Iwate,39.6016,141.2157,2.95,Cool,98.74,1.26,YES,"Takizawa, Iwate",Takizawa,Iwate,39.6016,141.2157,"Nakano, Nagano",Nakano,Nagano,36.7661,138.146,Delivered,YES,6.80,Cool,RFID-KZ-0044,YES,2.47,Low Risk,97.53,Excellent,None,2026-05-08 18:21:20,2026-05-12 00:04:20,2026-05-12 00:04:20,"May 3-9, 2026",413.94,77.72,1,0,0,0,0,1,1,PKG044,1,"PKG044 | Order Placed | Takizawa, Iwate | 2.95°C | Order Placed"
PKG044,KZJP2026000044,2,Picked Up,Picked Up,2026-05-09 00:34:23,"Origin Pickup Scan - Kitakami, Iwate",Kitakami,Iwate,39.493296,140.990486,4.02,Cool,98.55,1.45,YES,"Takizawa, Iwate",Takizawa,Iwate,39.6016,141.2157,"Nakano, Nagano",Nakano,Nagano,36.7661,138.146,Delivered,YES,6.80,Cool,RFID-KZ-0044,YES,2.47,Low Risk,97.53,Excellent,None,2026-05-08 18:21:20,2026-05-12 00:04:20,2026-05-12 00:04:20,"May 3-9, 2026",413.94,77.72,0,0,0,0,0,0,1,PKG044,2,"PKG044 | Picked Up | Origin Pickup Scan - Kitakami, Iwate | 4.02°C | Picked Up"
PKG044,KZJP2026000044,3,Departed Origin Hub,In Transit,2026-05-09 13:47:05,"Regional Sorting Hub - Yonezawa, Yamagata",Yonezawa,Yamagata,38.68653,140.438464,6.06,Cool,97.61,2.39,YES,"Takizawa, Iwate",Takizawa,Iwate,39.6016,141.2157,"Nakano, Nagano",Nakano,Nagano,36.7661,138.146,Delivered,YES,6.80,Cool,RFID-KZ-0044,YES,2.47,Low Risk,97.53,Excellent,None,2026-05-08 18:21:20,2026-05-12 00:04:20,2026-05-12 00:04:20,"May 3-9, 2026",413.94,77.72,0,0,0,0,0,0,1,PKG044,3,"PKG044 | Departed Origin Hub | Regional Sorting Hub - Yonezawa, Yamagata | 6.06°C | In Transit"
PKG044,KZJP2026000044,4,In Transit Hub Scan,In Transit,2026-05-10 09:12:50,"Transit Hub Scan - Sakata, Yamagata",Sakata,Yamagata,38.194999,139.892282,6.15,Cool,97.49,2.51,YES,"Takizawa, Iwate",Takizawa,Iwate,39.6016,141.2157,"Nakano, Nagano",Nakano,Nagano,36.7661,138.146,Delivered,YES,6.80,Cool,RFID-KZ-0044,YES,2.47,Low Risk,97.53,Excellent,None,2026-05-08 18:21:20,2026-05-12 00:04:20,2026-05-12 00:04:20,"May 3-9, 2026",413.94,77.72,0,0,0,0,0,0,1,PKG044,4,"PKG044 | In Transit Hub Scan | Transit Hub Scan - Sakata, Yamagata | 6.15°C | In Transit"
PKG044,KZJP2026000044,5,Out for Delivery,Out for Delivery,2026-05-11 06:58:29,"Destination Area Scan - Tainai, Niigata",Tainai,Niigata,37.544743,138.837414,6.57,Cool,97.64,2.36,YES,"Takizawa, Iwate",Takizawa,Iwate,39.6016,141.2157,"Nakano, Nagano",Nakano,Nagano,36.7661,138.146,Delivered,YES,6.80,Cool,RFID-KZ-0044,YES,2.47,Low Risk,97.53,Excellent,None,2026-05-08 18:21:20,2026-05-12 00:04:20,2026-05-12 00:04:20,"May 3-9, 2026",413.94,77.72,0,0,0,0,0,0,1,PKG044,5,"PKG044 | Out for Delivery | Destination Area Scan - Tainai, Niigata | 6.57°C | Out for Delivery"
PKG044,KZJP2026000044,6,Delivered,Delivered,2026-05-12 00:04:20,"Nakano, Nagano",Nakano,Nagano,36.7661,138.146,6.80,Cool,97.53,2.47,YES,"Takizawa, Iwate",Takizawa,Iwate,39.6016,141.2157,"Nakano, Nagano",Nakano,Nagano,36.7661,138.146,Delivered,YES,6.80,Cool,RFID-KZ-0044,YES,2.47,Low Risk,97.53,Excellent,None,2026-05-08 18:21:20,2026-05-12 00:04:20,2026-05-12 00:04:20,"May 3-9, 2026",413.94,77.72,0,1,1,0,0,0,1,PKG044,6,"PKG044 | Delivered | Nakano, Nagano | 6.80°C | Delivered"
PKG045,KZJP2026000045,1,Order Placed,Order Placed,2026-05-11 13:50:54,"Zama, Kanagawa",Zama,Kanagawa,35.5677,139.647,19.55,Ambient,100.00,0.00,YES,"Zama, Kanagawa",Zama,Kanagawa,35.5677,139.647,"Gotemba, Shizuoka",Gotemba,Shizuoka,34.8736,138.4457,Delivered,NO,21.10,Ambient,RFID-KZ-0045,YES,0.51,Low Risk,99.49,Excellent,None,2026-05-11 13:50:54,2026-05-13 17:22:54,2026-05-13 17:22:54,"May 10-16, 2026",133.66,51.53,1,0,0,0,0,0,1,PKG045,1,"PKG045 | Order Placed | Zama, Kanagawa | 19.55°C | Order Placed"
PKG045,KZJP2026000045,2,Picked Up,Picked Up,2026-05-11 17:58:16,"Origin Pickup Scan - Minamiashigara, Kanagawa",Minamiashigara,Kanagawa,35.519513,139.549128,19.23,Ambient,99.40,0.60,YES,"Zama, Kanagawa",Zama,Kanagawa,35.5677,139.647,"Gotemba, Shizuoka",Gotemba,Shizuoka,34.8736,138.4457,Delivered,NO,21.10,Ambient,RFID-KZ-0045,YES,0.51,Low Risk,99.49,Excellent,None,2026-05-11 13:50:54,2026-05-13 17:22:54,2026-05-13 17:22:54,"May 10-16, 2026",133.66,51.53,0,0,0,0,0,0,1,PKG045,2,"PKG045 | Picked Up | Origin Pickup Scan - Minamiashigara, Kanagawa | 19.23°C | Picked Up"
PKG045,KZJP2026000045,3,Departed Origin Hub,In Transit,2026-05-12 02:43:54,"Regional Sorting Hub - Ayase, Kanagawa",Ayase,Kanagawa,35.431022,139.458678,17.90,Ambient,100.00,0.00,YES,"Zama, Kanagawa",Zama,Kanagawa,35.5677,139.647,"Gotemba, Shizuoka",Gotemba,Shizuoka,34.8736,138.4457,Delivered,NO,21.10,Ambient,RFID-KZ-0045,YES,0.51,Low Risk,99.49,Excellent,None,2026-05-11 13:50:54,2026-05-13 17:22:54,2026-05-13 17:22:54,"May 10-16, 2026",133.66,51.53,0,0,0,0,0,0,1,PKG045,3,"PKG045 | Departed Origin Hub | Regional Sorting Hub - Ayase, Kanagawa | 17.90°C | In Transit"
PKG045,KZJP2026000045,4,In Transit Hub Scan,In Transit,2026-05-12 15:36:54,"Transit Hub Scan - Minami-Alps, Yamanashi",Minami-Alps,Yamanashi,35.336575,138.880455,21.25,Ambient,99.28,0.72,YES,"Zama, Kanagawa",Zama,Kanagawa,35.5677,139.647,"Gotemba, Shizuoka",Gotemba,Shizuoka,34.8736,138.4457,Delivered,NO,21.10,Ambient,RFID-KZ-0045,YES,0.51,Low Risk,99.49,Excellent,None,2026-05-11 13:50:54,2026-05-13 17:22:54,2026-05-13 17:22:54,"May 10-16, 2026",133.66,51.53,0,0,0,0,0,0,1,PKG045,4,"PKG045 | In Transit Hub Scan | Transit Hub Scan - Minami-Alps, Yamanashi | 21.25°C | In Transit"
PKG045,KZJP2026000045,5,Out for Delivery,Out for Delivery,2026-05-13 06:02:40,"Destination Area Scan - Shimada, Shizuoka",Shimada,Shizuoka,35.013513,138.695459,19.20,Ambient,99.48,0.52,YES,"Zama, Kanagawa",Zama,Kanagawa,35.5677,139.647,"Gotemba, Shizuoka",Gotemba,Shizuoka,34.8736,138.4457,Delivered,NO,21.10,Ambient,RFID-KZ-0045,YES,0.51,Low Risk,99.49,Excellent,None,2026-05-11 13:50:54,2026-05-13 17:22:54,2026-05-13 17:22:54,"May 10-16, 2026",133.66,51.53,0,0,0,0,0,0,1,PKG045,5,"PKG045 | Out for Delivery | Destination Area Scan - Shimada, Shizuoka | 19.20°C | Out for Delivery"
PKG045,KZJP2026000045,6,Delivered,Delivered,2026-05-13 17:22:54,"Gotemba, Shizuoka",Gotemba,Shizuoka,34.8736,138.4457,21.10,Ambient,99.49,0.51,YES,"Zama, Kanagawa",Zama,Kanagawa,35.5677,139.647,"Gotemba, Shizuoka",Gotemba,Shizuoka,34.8736,138.4457,Delivered,NO,21.10,Ambient,RFID-KZ-0045,YES,0.51,Low Risk,99.49,Excellent,None,2026-05-11 13:50:54,2026-05-13 17:22:54,2026-05-13 17:22:54,"May 10-16, 2026",133.66,51.53,0,1,1,0,0,0,1,PKG045,6,"PKG045 | Delivered | Gotemba, Shizuoka | 21.10°C | Delivered"
PKG046,KZJP2026000046,1,Order Placed,Order Placed,2026-05-21 16:03:53,"Anan, Tokushima",Anan,Tokushima,34.0821,134.4394,20.98,Ambient,75.47,24.53,YES,"Anan, Tokushima",Anan,Tokushima,34.0821,134.4394,"Takahama, Aichi",Takahama,Aichi,35.2101,136.7899,Not Delivered,NO,26.40,Danger Zone,RFID-KZ-0046,NO,25.84,High Risk,74.16,At Risk,RFID verification issue at sorting facility,2026-05-21 16:03:53,2026-05-27 12:34:53,2026-05-26 05:34:53,Other,248.92,140.52,1,0,0,0,0,0,1,PKG046,1,"PKG046 | Order Placed | Anan, Tokushima | 20.98°C | Order Placed"
PKG046,KZJP2026000046,2,Picked Up,Picked Up,2026-05-22 00:49:33,"Origin Pickup Scan - Tokushima, Tokushima",Tokushima,Tokushima,34.114596,134.645164,24.48,Ambient,74.42,25.58,YES,"Anan, Tokushima",Anan,Tokushima,34.0821,134.4394,"Takahama, Aichi",Takahama,Aichi,35.2101,136.7899,Not Delivered,NO,26.40,Danger Zone,RFID-KZ-0046,NO,25.84,High Risk,74.16,At Risk,RFID verification issue at sorting facility,2026-05-21 16:03:53,2026-05-27 12:34:53,2026-05-26 05:34:53,Other,248.92,140.52,0,0,0,0,0,0,1,PKG046,2,"PKG046 | Picked Up | Origin Pickup Scan - Tokushima, Tokushima | 24.48°C | Picked Up"
PKG046,KZJP2026000046,3,Departed Origin Hub,In Transit,2026-05-22 19:26:38,"Regional Sorting Hub - Tanabe, Wakayama",Tanabe,Wakayama,34.316034,135.074894,24.10,Ambient,73.51,26.49,YES,"Anan, Tokushima",Anan,Tokushima,34.0821,134.4394,"Takahama, Aichi",Takahama,Aichi,35.2101,136.7899,Not Delivered,NO,26.40,Danger Zone,RFID-KZ-0046,NO,25.84,High Risk,74.16,At Risk,RFID verification issue at sorting facility,2026-05-21 16:03:53,2026-05-27 12:34:53,2026-05-26 05:34:53,Other,248.92,140.52,0,0,0,0,0,0,1,PKG046,3,"PKG046 | Departed Origin Hub | Regional Sorting Hub - Tanabe, Wakayama | 24.10°C | In Transit"
PKG046,KZJP2026000046,4,In Transit Hub Scan,In Transit,2026-05-23 22:49:23,"Transit Hub Scan - Tondabayashi, Osaka",Tondabayashi,Osaka,34.665852,135.636227,25.01,Danger Zone,72.69,27.31,YES,"Anan, Tokushima",Anan,Tokushima,34.0821,134.4394,"Takahama, Aichi",Takahama,Aichi,35.2101,136.7899,Not Delivered,NO,26.40,Danger Zone,RFID-KZ-0046,NO,25.84,High Risk,74.16,At Risk,RFID verification issue at sorting facility,2026-05-21 16:03:53,2026-05-27 12:34:53,2026-05-26 05:34:53,Other,248.92,140.52,0,0,0,0,0,0,1,PKG046,4,"PKG046 | In Transit Hub Scan | Transit Hub Scan - Tondabayashi, Osaka | 25.01°C | In Transit"
PKG046,KZJP2026000046,5,Out for Delivery,Out for Delivery,2026-05-25 05:29:15,"Destination Area Scan - Ise, Mie",Ise,Mie,34.914204,136.375241,27.83,Danger Zone,73.17,26.83,YES,"Anan, Tokushima",Anan,Tokushima,34.0821,134.4394,"Takahama, Aichi",Takahama,Aichi,35.2101,136.7899,Not Delivered,NO,26.40,Danger Zone,RFID-KZ-0046,NO,25.84,High Risk,74.16,At Risk,RFID verification issue at sorting facility,2026-05-21 16:03:53,2026-05-27 12:34:53,2026-05-26 05:34:53,Other,248.92,140.52,0,0,0,0,0,0,1,PKG046,5,"PKG046 | Out for Delivery | Destination Area Scan - Ise, Mie | 27.83°C | Out for Delivery"
PKG046,KZJP2026000046,6,Not Delivered,Not Delivered,2026-05-26 05:34:53,"Takahama Exception Hub, Aichi",Shinshiro,Aichi,35.247657,136.82051,26.40,Danger Zone,74.16,25.84,NO,"Anan, Tokushima",Anan,Tokushima,34.0821,134.4394,"Takahama, Aichi",Takahama,Aichi,35.2101,136.7899,Not Delivered,NO,26.40,Danger Zone,RFID-KZ-0046,NO,25.84,High Risk,74.16,At Risk,RFID verification issue at sorting facility,2026-05-21 16:03:53,2026-05-27 12:34:53,2026-05-26 05:34:53,Other,248.92,140.52,0,1,0,0,1,0,1,PKG046,6,"PKG046 | Not Delivered | Takahama Exception Hub, Aichi | 26.40°C | Not Delivered"
PKG047,KZJP2026000047,1,Order Placed,Order Placed,2026-05-16 19:21:01,"Nakatsugawa, Gifu",Nakatsugawa,Gifu,35.2957,136.7642,12.75,Ambient,98.91,1.09,YES,"Nakatsugawa, Gifu",Nakatsugawa,Gifu,35.2957,136.7642,"Uozu, Toyama",Uozu,Toyama,36.7929,137.1431,Delivered,NO,20.30,Ambient,RFID-KZ-0047,YES,1.26,Low Risk,98.74,Excellent,None,2026-05-16 19:21:01,2026-05-19 10:21:01,2026-05-19 10:21:01,"May 10-16, 2026",169.93,63.00,1,0,0,0,0,0,1,PKG047,1,"PKG047 | Order Placed | Nakatsugawa, Gifu | 12.75°C | Order Placed"
PKG047,KZJP2026000047,2,Picked Up,Picked Up,2026-05-17 00:23:25,"Origin Pickup Scan - Ena, Gifu",Ena,Gifu,35.469854,136.744169,21.78,Ambient,99.31,0.69,YES,"Nakatsugawa, Gifu",Nakatsugawa,Gifu,35.2957,136.7642,"Uozu, Toyama",Uozu,Toyama,36.7929,137.1431,Delivered,NO,20.30,Ambient,RFID-KZ-0047,YES,1.26,Low Risk,98.74,Excellent,None,2026-05-16 19:21:01,2026-05-19 10:21:01,2026-05-19 10:21:01,"May 10-16, 2026",169.93,63.00,0,0,0,0,0,0,1,PKG047,2,"PKG047 | Picked Up | Origin Pickup Scan - Ena, Gifu | 21.78°C | Picked Up"
PKG047,KZJP2026000047,3,Departed Origin Hub,In Transit,2026-05-17 11:06:01,"Regional Sorting Hub - Ogaki, Gifu",Ogaki,Gifu,35.645585,136.831677,21.57,Ambient,98.77,1.23,YES,"Nakatsugawa, Gifu",Nakatsugawa,Gifu,35.2957,136.7642,"Uozu, Toyama",Uozu,Toyama,36.7929,137.1431,Delivered,NO,20.30,Ambient,RFID-KZ-0047,YES,1.26,Low Risk,98.74,Excellent,None,2026-05-16 19:21:01,2026-05-19 10:21:01,2026-05-19 10:21:01,"May 10-16, 2026",169.93,63.00,0,0,0,0,0,0,1,PKG047,3,"PKG047 | Departed Origin Hub | Regional Sorting Hub - Ogaki, Gifu | 21.57°C | In Transit"
PKG047,KZJP2026000047,4,In Transit Hub Scan,In Transit,2026-05-18 02:51:01,"Transit Hub Scan - Hakui, Ishikawa",Hakui,Ishikawa,36.213904,136.857848,19.63,Ambient,98.91,1.09,YES,"Nakatsugawa, Gifu",Nakatsugawa,Gifu,35.2957,136.7642,"Uozu, Toyama",Uozu,Toyama,36.7929,137.1431,Delivered,NO,20.30,Ambient,RFID-KZ-0047,YES,1.26,Low Risk,98.74,Excellent,None,2026-05-16 19:21:01,2026-05-19 10:21:01,2026-05-19 10:21:01,"May 10-16, 2026",169.93,63.00,0,0,0,0,0,0,1,PKG047,4,"PKG047 | In Transit Hub Scan | Transit Hub Scan - Hakui, Ishikawa | 19.63°C | In Transit"
PKG047,KZJP2026000047,5,Out for Delivery,Out for Delivery,2026-05-18 20:29:25,"Destination Area Scan - Namerikawa, Toyama",Namerikawa,Toyama,36.480627,137.101749,19.14,Ambient,99.16,0.84,YES,"Nakatsugawa, Gifu",Nakatsugawa,Gifu,35.2957,136.7642,"Uozu, Toyama",Uozu,Toyama,36.7929,137.1431,Delivered,NO,20.30,Ambient,RFID-KZ-0047,YES,1.26,Low Risk,98.74,Excellent,None,2026-05-16 19:21:01,2026-05-19 10:21:01,2026-05-19 10:21:01,"May 10-16, 2026",169.93,63.00,0,0,0,0,0,0,1,PKG047,5,"PKG047 | Out for Delivery | Destination Area Scan - Namerikawa, Toyama | 19.14°C | Out for Delivery"
PKG047,KZJP2026000047,6,Delivered,Delivered,2026-05-19 10:21:01,"Uozu, Toyama",Uozu,Toyama,36.7929,137.1431,20.30,Ambient,98.74,1.26,YES,"Nakatsugawa, Gifu",Nakatsugawa,Gifu,35.2957,136.7642,"Uozu, Toyama",Uozu,Toyama,36.7929,137.1431,Delivered,NO,20.30,Ambient,RFID-KZ-0047,YES,1.26,Low Risk,98.74,Excellent,None,2026-05-16 19:21:01,2026-05-19 10:21:01,2026-05-19 10:21:01,"May 10-16, 2026",169.93,63.00,0,1,1,0,0,0,1,PKG047,6,"PKG047 | Delivered | Uozu, Toyama | 20.30°C | Delivered"
PKG048,KZJP2026000048,1,Order Placed,Order Placed,2026-05-18 10:58:36,"Motosu, Gifu",Motosu,Gifu,35.4981,136.6726,18.53,Ambient,99.46,0.54,YES,"Motosu, Gifu",Motosu,Gifu,35.4981,136.6726,"Kumano, Mie",Kumano,Mie,34.6283,136.5718,Delivered,NO,20.90,Ambient,RFID-KZ-0048,YES,1.38,Low Risk,98.62,Excellent,None,2026-05-18 10:58:36,2026-05-22 00:15:36,2026-05-22 00:15:36,Other,97.15,85.28,1,0,0,0,0,0,1,PKG048,1,"PKG048 | Order Placed | Motosu, Gifu | 18.53°C | Order Placed"
PKG048,KZJP2026000048,2,Picked Up,Picked Up,2026-05-18 17:47:58,"Origin Pickup Scan - Tajimi, Gifu",Tajimi,Gifu,35.42731,136.652052,22.21,Ambient,99.06,0.94,YES,"Motosu, Gifu",Motosu,Gifu,35.4981,136.6726,"Kumano, Mie",Kumano,Mie,34.6283,136.5718,Delivered,NO,20.90,Ambient,RFID-KZ-0048,YES,1.38,Low Risk,98.62,Excellent,None,2026-05-18 10:58:36,2026-05-22 00:15:36,2026-05-22 00:15:36,Other,97.15,85.28,0,0,0,0,0,0,1,PKG048,2,"PKG048 | Picked Up | Origin Pickup Scan - Tajimi, Gifu | 22.21°C | Picked Up"
PKG048,KZJP2026000048,3,Departed Origin Hub,In Transit,2026-05-19 08:17:51,"Regional Sorting Hub - Seki, Gifu",Seki,Gifu,35.304133,136.647814,16.86,Ambient,99.06,0.94,YES,"Motosu, Gifu",Motosu,Gifu,35.4981,136.6726,"Kumano, Mie",Kumano,Mie,34.6283,136.5718,Delivered,NO,20.90,Ambient,RFID-KZ-0048,YES,1.38,Low Risk,98.62,Excellent,None,2026-05-18 10:58:36,2026-05-22 00:15:36,2026-05-22 00:15:36,Other,97.15,85.28,0,0,0,0,0,0,1,PKG048,3,"PKG048 | Departed Origin Hub | Regional Sorting Hub - Seki, Gifu | 16.86°C | In Transit"
PKG048,KZJP2026000048,4,In Transit Hub Scan,In Transit,2026-05-20 05:37:06,"Transit Hub Scan - Toyota, Aichi",Toyota,Aichi,35.084254,136.702208,21.07,Ambient,98.73,1.27,YES,"Motosu, Gifu",Motosu,Gifu,35.4981,136.6726,"Kumano, Mie",Kumano,Mie,34.6283,136.5718,Delivered,NO,20.90,Ambient,RFID-KZ-0048,YES,1.38,Low Risk,98.62,Excellent,None,2026-05-18 10:58:36,2026-05-22 00:15:36,2026-05-22 00:15:36,Other,97.15,85.28,0,0,0,0,0,0,1,PKG048,4,"PKG048 | In Transit Hub Scan | Transit Hub Scan - Toyota, Aichi | 21.07°C | In Transit"
PKG048,KZJP2026000048,5,Out for Delivery,Out for Delivery,2026-05-21 05:29:52,"Destination Area Scan - Yokkaichi, Mie",Yokkaichi,Mie,34.81943,136.53675,21.06,Ambient,98.64,1.36,YES,"Motosu, Gifu",Motosu,Gifu,35.4981,136.6726,"Kumano, Mie",Kumano,Mie,34.6283,136.5718,Delivered,NO,20.90,Ambient,RFID-KZ-0048,YES,1.38,Low Risk,98.62,Excellent,None,2026-05-18 10:58:36,2026-05-22 00:15:36,2026-05-22 00:15:36,Other,97.15,85.28,0,0,0,0,0,0,1,PKG048,5,"PKG048 | Out for Delivery | Destination Area Scan - Yokkaichi, Mie | 21.06°C | Out for Delivery"
PKG048,KZJP2026000048,6,Delivered,Delivered,2026-05-22 00:15:36,"Kumano, Mie",Kumano,Mie,34.6283,136.5718,20.90,Ambient,98.62,1.38,YES,"Motosu, Gifu",Motosu,Gifu,35.4981,136.6726,"Kumano, Mie",Kumano,Mie,34.6283,136.5718,Delivered,NO,20.90,Ambient,RFID-KZ-0048,YES,1.38,Low Risk,98.62,Excellent,None,2026-05-18 10:58:36,2026-05-22 00:15:36,2026-05-22 00:15:36,Other,97.15,85.28,0,1,1,0,0,0,1,PKG048,6,"PKG048 | Delivered | Kumano, Mie | 20.90°C | Delivered"
PKG049,KZJP2026000049,1,Order Placed,Order Placed,2026-05-17 19:52:01,"Nakano, Tokyo",Nakano,Tokyo,35.5875,139.7549,18.27,Ambient,99.32,0.68,YES,"Nakano, Tokyo",Nakano,Tokyo,35.5875,139.7549,"Takashima, Shiga",Takashima,Shiga,35.054,135.7593,Delivered,NO,22.80,Ambient,RFID-KZ-0049,YES,0.93,Low Risk,99.07,Excellent,None,2026-05-17 19:52:01,2026-05-20 07:05:01,2026-05-20 07:05:01,Other,367.30,59.22,1,0,0,0,0,0,1,PKG049,1,"PKG049 | Order Placed | Nakano, Tokyo | 18.27°C | Order Placed"
PKG049,KZJP2026000049,2,Picked Up,Picked Up,2026-05-18 00:36:15,"Origin Pickup Scan - Miura, Kanagawa",Miura,Kanagawa,35.543644,139.443399,21.67,Ambient,99.67,0.33,YES,"Nakano, Tokyo",Nakano,Tokyo,35.5875,139.7549,"Takashima, Shiga",Takashima,Shiga,35.054,135.7593,Delivered,NO,22.80,Ambient,RFID-KZ-0049,YES,0.93,Low Risk,99.07,Excellent,None,2026-05-17 19:52:01,2026-05-20 07:05:01,2026-05-20 07:05:01,Other,367.30,59.22,0,0,0,0,0,0,1,PKG049,2,"PKG049 | Picked Up | Origin Pickup Scan - Miura, Kanagawa | 21.67°C | Picked Up"
PKG049,KZJP2026000049,3,Departed Origin Hub,In Transit,2026-05-18 10:40:16,"Regional Sorting Hub - Minami-Alps, Yamanashi",Minami-Alps,Yamanashi,35.516175,138.733414,18.43,Ambient,99.63,0.37,YES,"Nakano, Tokyo",Nakano,Tokyo,35.5875,139.7549,"Takashima, Shiga",Takashima,Shiga,35.054,135.7593,Delivered,NO,22.80,Ambient,RFID-KZ-0049,YES,0.93,Low Risk,99.07,Excellent,None,2026-05-17 19:52:01,2026-05-20 07:05:01,2026-05-20 07:05:01,Other,367.30,59.22,0,0,0,0,0,0,1,PKG049,3,"PKG049 | Departed Origin Hub | Regional Sorting Hub - Minami-Alps, Yamanashi | 18.43°C | In Transit"
PKG049,KZJP2026000049,4,In Transit Hub Scan,In Transit,2026-05-19 01:28:31,"Transit Hub Scan - Yaizu, Shizuoka",Yaizu,Shizuoka,35.178011,137.92232,22.67,Ambient,98.46,1.54,YES,"Nakano, Tokyo",Nakano,Tokyo,35.5875,139.7549,"Takashima, Shiga",Takashima,Shiga,35.054,135.7593,Delivered,NO,22.80,Ambient,RFID-KZ-0049,YES,0.93,Low Risk,99.07,Excellent,None,2026-05-17 19:52:01,2026-05-20 07:05:01,2026-05-20 07:05:01,Other,367.30,59.22,0,0,0,0,0,0,1,PKG049,4,"PKG049 | In Transit Hub Scan | Transit Hub Scan - Yaizu, Shizuoka | 22.67°C | In Transit"
PKG049,KZJP2026000049,5,Out for Delivery,Out for Delivery,2026-05-19 18:03:21,"Destination Area Scan - Gero, Gifu",Gero,Gifu,35.250032,136.633779,21.40,Ambient,99.05,0.95,YES,"Nakano, Tokyo",Nakano,Tokyo,35.5875,139.7549,"Takashima, Shiga",Takashima,Shiga,35.054,135.7593,Delivered,NO,22.80,Ambient,RFID-KZ-0049,YES,0.93,Low Risk,99.07,Excellent,None,2026-05-17 19:52:01,2026-05-20 07:05:01,2026-05-20 07:05:01,Other,367.30,59.22,0,0,0,0,0,0,1,PKG049,5,"PKG049 | Out for Delivery | Destination Area Scan - Gero, Gifu | 21.40°C | Out for Delivery"
PKG049,KZJP2026000049,6,Delivered,Delivered,2026-05-20 07:05:01,"Takashima, Shiga",Takashima,Shiga,35.054,135.7593,22.80,Ambient,99.07,0.93,YES,"Nakano, Tokyo",Nakano,Tokyo,35.5875,139.7549,"Takashima, Shiga",Takashima,Shiga,35.054,135.7593,Delivered,NO,22.80,Ambient,RFID-KZ-0049,YES,0.93,Low Risk,99.07,Excellent,None,2026-05-17 19:52:01,2026-05-20 07:05:01,2026-05-20 07:05:01,Other,367.30,59.22,0,1,1,0,0,0,1,PKG049,6,"PKG049 | Delivered | Takashima, Shiga | 22.80°C | Delivered"
PKG050,KZJP2026000050,1,Order Placed,Order Placed,2026-05-07 10:56:37,"Ebetsu, Hokkaido",Ebetsu,Hokkaido,43.4447,141.2377,20.34,Ambient,99.73,0.27,YES,"Ebetsu, Hokkaido",Ebetsu,Hokkaido,43.4447,141.2377,"Tonami, Toyama",Tonami,Toyama,36.6201,137.3068,Delivered,NO,22.70,Ambient,RFID-KZ-0050,YES,0.56,Low Risk,99.44,Excellent,None,2026-05-07 10:56:37,2026-05-09 05:02:37,2026-05-09 05:02:37,"May 3-9, 2026",829.12,42.10,1,0,0,0,0,0,1,PKG050,1,"PKG050 | Order Placed | Ebetsu, Hokkaido | 20.34°C | Order Placed"
PKG050,KZJP2026000050,2,Picked Up,Picked Up,2026-05-07 14:18:41,"Origin Pickup Scan - Iwamizawa, Hokkaido",Iwamizawa,Hokkaido,42.864523,140.972618,19.36,Ambient,99.24,0.76,YES,"Ebetsu, Hokkaido",Ebetsu,Hokkaido,43.4447,141.2377,"Tonami, Toyama",Tonami,Toyama,36.6201,137.3068,Delivered,NO,22.70,Ambient,RFID-KZ-0050,YES,0.56,Low Risk,99.44,Excellent,None,2026-05-07 10:56:37,2026-05-09 05:02:37,2026-05-09 05:02:37,"May 3-9, 2026",829.12,42.10,0,0,0,0,0,0,1,PKG050,2,"PKG050 | Picked Up | Origin Pickup Scan - Iwamizawa, Hokkaido | 19.36°C | Picked Up"
PKG050,KZJP2026000050,3,Departed Origin Hub,In Transit,2026-05-07 21:28:07,"Regional Sorting Hub - Hachinohe, Aomori",Hachinohe,Aomori,41.460248,140.390576,21.13,Ambient,99.32,0.68,YES,"Ebetsu, Hokkaido",Ebetsu,Hokkaido,43.4447,141.2377,"Tonami, Toyama",Tonami,Toyama,36.6201,137.3068,Delivered,NO,22.70,Ambient,RFID-KZ-0050,YES,0.56,Low Risk,99.44,Excellent,None,2026-05-07 10:56:37,2026-05-09 05:02:37,2026-05-09 05:02:37,"May 3-9, 2026",829.12,42.10,0,0,0,0,0,0,1,PKG050,3,"PKG050 | Departed Origin Hub | Regional Sorting Hub - Hachinohe, Aomori | 21.13°C | In Transit"
PKG050,KZJP2026000050,4,In Transit Hub Scan,In Transit,2026-05-08 07:59:37,"Transit Hub Scan - Nikaho, Akita",Nikaho,Akita,39.954291,139.576241,24.63,Ambient,99.63,0.37,YES,"Ebetsu, Hokkaido",Ebetsu,Hokkaido,43.4447,141.2377,"Tonami, Toyama",Tonami,Toyama,36.6201,137.3068,Delivered,NO,22.70,Ambient,RFID-KZ-0050,YES,0.56,Low Risk,99.44,Excellent,None,2026-05-07 10:56:37,2026-05-09 05:02:37,2026-05-09 05:02:37,"May 3-9, 2026",829.12,42.10,0,0,0,0,0,0,1,PKG050,4,"PKG050 | In Transit Hub Scan | Transit Hub Scan - Nikaho, Akita | 24.63°C | In Transit"
PKG050,KZJP2026000050,5,Out for Delivery,Out for Delivery,2026-05-08 19:46:53,"Destination Area Scan - Sanjo, Niigata",Sanjo,Niigata,38.05764,138.438101,22.12,Ambient,99.76,0.24,YES,"Ebetsu, Hokkaido",Ebetsu,Hokkaido,43.4447,141.2377,"Tonami, Toyama",Tonami,Toyama,36.6201,137.3068,Delivered,NO,22.70,Ambient,RFID-KZ-0050,YES,0.56,Low Risk,99.44,Excellent,None,2026-05-07 10:56:37,2026-05-09 05:02:37,2026-05-09 05:02:37,"May 3-9, 2026",829.12,42.10,0,0,0,0,0,0,1,PKG050,5,"PKG050 | Out for Delivery | Destination Area Scan - Sanjo, Niigata | 22.12°C | Out for Delivery"
PKG050,KZJP2026000050,6,Delivered,Delivered,2026-05-09 05:02:37,"Tonami, Toyama",Tonami,Toyama,36.6201,137.3068,22.70,Ambient,99.44,0.56,YES,"Ebetsu, Hokkaido",Ebetsu,Hokkaido,43.4447,141.2377,"Tonami, Toyama",Tonami,Toyama,36.6201,137.3068,Delivered,NO,22.70,Ambient,RFID-KZ-0050,YES,0.56,Low Risk,99.44,Excellent,None,2026-05-07 10:56:37,2026-05-09 05:02:37,2026-05-09 05:02:37,"May 3-9, 2026",829.12,42.10,0,1,1,0,0,0,1,PKG050,6,"PKG050 | Delivered | Tonami, Toyama | 22.70°C | Delivered"
PKG051,KZJP2026000051,1,Order Placed,Order Placed,2026-05-16 17:57:09,"Kashihara, Nara",Kashihara,Nara,34.6026,135.7456,4.98,Cool,97.38,2.62,YES,"Kashihara, Nara",Kashihara,Nara,34.6026,135.7456,"Akishima, Tokyo",Akishima,Tokyo,35.6916,139.8117,In Transit,YES,7.30,Cool,RFID-KZ-0051,YES,3.18,Low Risk,96.82,Good,Shipment still within estimated delivery window,2026-05-16 17:57:09,2026-05-18 06:50:09,2026-05-17 19:50:09,"May 10-16, 2026",388.98,36.88,1,0,0,0,0,1,1,PKG051,1,"PKG051 | Order Placed | Kashihara, Nara | 4.98°C | Order Placed"
PKG051,KZJP2026000051,2,Picked Up,Picked Up,2026-05-16 20:01:24,"Origin Pickup Scan - Sakurai, Nara",Sakurai,Nara,34.62499,135.837374,5.92,Cool,97.11,2.89,YES,"Kashihara, Nara",Kashihara,Nara,34.6026,135.7456,"Akishima, Tokyo",Akishima,Tokyo,35.6916,139.8117,In Transit,YES,7.30,Cool,RFID-KZ-0051,YES,3.18,Low Risk,96.82,Good,Shipment still within estimated delivery window,2026-05-16 17:57:09,2026-05-18 06:50:09,2026-05-17 19:50:09,"May 10-16, 2026",388.98,36.88,0,0,0,0,0,0,1,PKG051,2,"PKG051 | Picked Up | Origin Pickup Scan - Sakurai, Nara | 5.92°C | Picked Up"
PKG051,KZJP2026000051,3,Departed Origin Hub,In Transit,2026-05-17 00:25:24,"Regional Sorting Hub - Gose, Nara",Gose,Nara,34.735478,136.064471,6.23,Cool,97.11,2.89,YES,"Kashihara, Nara",Kashihara,Nara,34.6026,135.7456,"Akishima, Tokyo",Akishima,Tokyo,35.6916,139.8117,In Transit,YES,7.30,Cool,RFID-KZ-0051,YES,3.18,Low Risk,96.82,Good,Shipment still within estimated delivery window,2026-05-16 17:57:09,2026-05-18 06:50:09,2026-05-17 19:50:09,"May 10-16, 2026",388.98,36.88,0,0,0,0,0,0,1,PKG051,3,"PKG051 | Departed Origin Hub | Regional Sorting Hub - Gose, Nara | 6.23°C | In Transit"
PKG051,KZJP2026000051,4,In Transit Hub Scan,In Transit,2026-05-17 06:53:39,"Transit Hub Scan - Inabe, Mie",Inabe,Mie,34.825078,136.359742,6.63,Cool,97.05,2.95,YES,"Kashihara, Nara",Kashihara,Nara,34.6026,135.7456,"Akishima, Tokyo",Akishima,Tokyo,35.6916,139.8117,In Transit,YES,7.30,Cool,RFID-KZ-0051,YES,3.18,Low Risk,96.82,Good,Shipment still within estimated delivery window,2026-05-16 17:57:09,2026-05-18 06:50:09,2026-05-17 19:50:09,"May 10-16, 2026",388.98,36.88,0,0,0,0,0,0,1,PKG051,4,"PKG051 | In Transit Hub Scan | Transit Hub Scan - Inabe, Mie | 6.63°C | In Transit"
PKG051,KZJP2026000051,5,Out for Delivery,Out for Delivery,2026-05-17 14:08:30,"Destination Area Scan - Iwakura, Aichi",Iwakura,Aichi,35.061377,136.750429,6.76,Cool,97.26,2.74,YES,"Kashihara, Nara",Kashihara,Nara,34.6026,135.7456,"Akishima, Tokyo",Akishima,Tokyo,35.6916,139.8117,In Transit,YES,7.30,Cool,RFID-KZ-0051,YES,3.18,Low Risk,96.82,Good,Shipment still within estimated delivery window,2026-05-16 17:57:09,2026-05-18 06:50:09,2026-05-17 19:50:09,"May 10-16, 2026",388.98,36.88,0,0,0,0,0,0,1,PKG051,5,"PKG051 | Out for Delivery | Destination Area Scan - Iwakura, Aichi | 6.76°C | Out for Delivery"
PKG051,KZJP2026000051,6,In Transit,In Transit,2026-05-17 19:50:09,"Kasugai Transfer Center, Aichi",Kasugai,Aichi,35.1056,136.9995,7.30,Cool,96.82,3.18,YES,"Kashihara, Nara",Kashihara,Nara,34.6026,135.7456,"Akishima, Tokyo",Akishima,Tokyo,35.6916,139.8117,In Transit,YES,7.30,Cool,RFID-KZ-0051,YES,3.18,Low Risk,96.82,Good,Shipment still within estimated delivery window,2026-05-16 17:57:09,2026-05-18 06:50:09,2026-05-17 19:50:09,"May 10-16, 2026",388.98,36.88,0,1,0,1,0,0,1,PKG051,6,"PKG051 | In Transit | Kasugai Transfer Center, Aichi | 7.30°C | In Transit"
PKG052,KZJP2026000052,1,Order Placed,Order Placed,2026-05-15 16:05:46,"Kurayoshi, Tottori",Kurayoshi,Tottori,35.5981,134.1645,13.31,Ambient,99.86,0.14,YES,"Kurayoshi, Tottori",Kurayoshi,Tottori,35.5981,134.1645,"Monbetsu, Hokkaido",Monbetsu,Hokkaido,43.435,141.4992,Delivered,NO,17.80,Ambient,RFID-KZ-0052,YES,1.03,Low Risk,98.97,Excellent,None,2026-05-15 16:05:46,2026-05-19 03:08:46,2026-05-19 03:08:46,"May 10-16, 2026",1073.84,83.05,1,0,0,0,0,0,1,PKG052,1,"PKG052 | Order Placed | Kurayoshi, Tottori | 13.31°C | Order Placed"
PKG052,KZJP2026000052,2,Picked Up,Picked Up,2026-05-15 22:44:24,"Origin Pickup Scan - Tottori, Tottori",Tottori,Tottori,35.9231,134.611652,13.05,Ambient,99.89,0.11,YES,"Kurayoshi, Tottori",Kurayoshi,Tottori,35.5981,134.1645,"Monbetsu, Hokkaido",Monbetsu,Hokkaido,43.435,141.4992,Delivered,NO,17.80,Ambient,RFID-KZ-0052,YES,1.03,Low Risk,98.97,Excellent,None,2026-05-15 16:05:46,2026-05-19 03:08:46,2026-05-19 03:08:46,"May 10-16, 2026",1073.84,83.05,0,0,0,0,0,0,1,PKG052,2,"PKG052 | Picked Up | Origin Pickup Scan - Tottori, Tottori | 13.05°C | Picked Up"
PKG052,KZJP2026000052,3,Departed Origin Hub,In Transit,2026-05-16 12:51:31,"Regional Sorting Hub - Komatsu, Ishikawa",Komatsu,Ishikawa,37.283558,136.232065,15.24,Ambient,98.87,1.13,YES,"Kurayoshi, Tottori",Kurayoshi,Tottori,35.5981,134.1645,"Monbetsu, Hokkaido",Monbetsu,Hokkaido,43.435,141.4992,Delivered,NO,17.80,Ambient,RFID-KZ-0052,YES,1.03,Low Risk,98.97,Excellent,None,2026-05-15 16:05:46,2026-05-19 03:08:46,2026-05-19 03:08:46,"May 10-16, 2026",1073.84,83.05,0,0,0,0,0,0,1,PKG052,3,"PKG052 | Departed Origin Hub | Regional Sorting Hub - Komatsu, Ishikawa | 15.24°C | In Transit"
PKG052,KZJP2026000052,4,In Transit Hub Scan,In Transit,2026-05-17 09:37:16,"Transit Hub Scan - Joetsu, Niigata",Joetsu,Niigata,38.995147,138.217548,18.55,Ambient,99.31,0.69,YES,"Kurayoshi, Tottori",Kurayoshi,Tottori,35.5981,134.1645,"Monbetsu, Hokkaido",Monbetsu,Hokkaido,43.435,141.4992,Delivered,NO,17.80,Ambient,RFID-KZ-0052,YES,1.03,Low Risk,98.97,Excellent,None,2026-05-15 16:05:46,2026-05-19 03:08:46,2026-05-19 03:08:46,"May 10-16, 2026",1073.84,83.05,0,0,0,0,0,0,1,PKG052,4,"PKG052 | In Transit Hub Scan | Transit Hub Scan - Joetsu, Niigata | 18.55°C | In Transit"
PKG052,KZJP2026000052,5,Out for Delivery,Out for Delivery,2026-05-18 08:52:30,"Destination Area Scan - Hachinohe, Aomori",Hachinohe,Aomori,41.452925,140.13776,15.67,Ambient,98.74,1.26,YES,"Kurayoshi, Tottori",Kurayoshi,Tottori,35.5981,134.1645,"Monbetsu, Hokkaido",Monbetsu,Hokkaido,43.435,141.4992,Delivered,NO,17.80,Ambient,RFID-KZ-0052,YES,1.03,Low Risk,98.97,Excellent,None,2026-05-15 16:05:46,2026-05-19 03:08:46,2026-05-19 03:08:46,"May 10-16, 2026",1073.84,83.05,0,0,0,0,0,0,1,PKG052,5,"PKG052 | Out for Delivery | Destination Area Scan - Hachinohe, Aomori | 15.67°C | Out for Delivery"
PKG052,KZJP2026000052,6,Delivered,Delivered,2026-05-19 03:08:46,"Monbetsu, Hokkaido",Monbetsu,Hokkaido,43.435,141.4992,17.80,Ambient,98.97,1.03,YES,"Kurayoshi, Tottori",Kurayoshi,Tottori,35.5981,134.1645,"Monbetsu, Hokkaido",Monbetsu,Hokkaido,43.435,141.4992,Delivered,NO,17.80,Ambient,RFID-KZ-0052,YES,1.03,Low Risk,98.97,Excellent,None,2026-05-15 16:05:46,2026-05-19 03:08:46,2026-05-19 03:08:46,"May 10-16, 2026",1073.84,83.05,0,1,1,0,0,0,1,PKG052,6,"PKG052 | Delivered | Monbetsu, Hokkaido | 17.80°C | Delivered"
PKG053,KZJP2026000053,1,Order Placed,Order Placed,2026-05-17 09:45:53,"Yoshinogawa, Tokushima",Yoshinogawa,Tokushima,33.9886,134.4718,4.82,Cool,98.73,1.27,YES,"Yoshinogawa, Tokushima",Yoshinogawa,Tokushima,33.9886,134.4718,"Hanamaki, Iwate",Hanamaki,Iwate,39.7146,141.033,Delivered,YES,7.50,Cool,RFID-KZ-0053,YES,2.52,Low Risk,97.48,Excellent,None,2026-05-17 09:45:53,2026-05-18 11:06:53,2026-05-18 11:06:53,Other,863.32,25.35,1,0,0,0,0,1,1,PKG053,1,"PKG053 | Order Placed | Yoshinogawa, Tokushima | 4.82°C | Order Placed"
PKG053,KZJP2026000053,2,Picked Up,Picked Up,2026-05-17 11:47:34,"Origin Pickup Scan - Tanabe, Wakayama",Tanabe,Wakayama,34.391034,135.041147,5.95,Cool,98.24,1.76,YES,"Yoshinogawa, Tokushima",Yoshinogawa,Tokushima,33.9886,134.4718,"Hanamaki, Iwate",Hanamaki,Iwate,39.7146,141.033,Delivered,YES,7.50,Cool,RFID-KZ-0053,YES,2.52,Low Risk,97.48,Excellent,None,2026-05-17 09:45:53,2026-05-18 11:06:53,2026-05-18 11:06:53,Other,863.32,25.35,0,0,0,0,0,0,1,PKG053,2,"PKG053 | Picked Up | Origin Pickup Scan - Tanabe, Wakayama | 5.95°C | Picked Up"
PKG053,KZJP2026000053,3,Departed Origin Hub,In Transit,2026-05-17 16:06:08,"Regional Sorting Hub - Yasu, Shiga",Yasu,Shiga,35.284356,136.05143,8.48,Cool,98.38,1.62,YES,"Yoshinogawa, Tokushima",Yoshinogawa,Tokushima,33.9886,134.4718,"Hanamaki, Iwate",Hanamaki,Iwate,39.7146,141.033,Delivered,YES,7.50,Cool,RFID-KZ-0053,YES,2.52,Low Risk,97.48,Excellent,None,2026-05-17 09:45:53,2026-05-18 11:06:53,2026-05-18 11:06:53,Other,863.32,25.35,0,0,0,0,0,0,1,PKG053,3,"PKG053 | Departed Origin Hub | Regional Sorting Hub - Yasu, Shiga | 8.48°C | In Transit"
PKG053,KZJP2026000053,4,In Transit Hub Scan,In Transit,2026-05-17 22:26:23,"Transit Hub Scan - Omachi, Nagano",Omachi,Nagano,36.798064,137.85942,6.06,Cool,97.05,2.95,YES,"Yoshinogawa, Tokushima",Yoshinogawa,Tokushima,33.9886,134.4718,"Hanamaki, Iwate",Hanamaki,Iwate,39.7146,141.033,Delivered,YES,7.50,Cool,RFID-KZ-0053,YES,2.52,Low Risk,97.48,Excellent,None,2026-05-17 09:45:53,2026-05-18 11:06:53,2026-05-18 11:06:53,Other,863.32,25.35,0,0,0,0,0,0,1,PKG053,4,"PKG053 | In Transit Hub Scan | Transit Hub Scan - Omachi, Nagano | 6.06°C | In Transit"
PKG053,KZJP2026000053,5,Out for Delivery,Out for Delivery,2026-05-18 05:32:16,"Destination Area Scan - Sado, Niigata",Sado,Niigata,38.289948,139.385676,6.11,Cool,97.72,2.28,YES,"Yoshinogawa, Tokushima",Yoshinogawa,Tokushima,33.9886,134.4718,"Hanamaki, Iwate",Hanamaki,Iwate,39.7146,141.033,Delivered,YES,7.50,Cool,RFID-KZ-0053,YES,2.52,Low Risk,97.48,Excellent,None,2026-05-17 09:45:53,2026-05-18 11:06:53,2026-05-18 11:06:53,Other,863.32,25.35,0,0,0,0,0,0,1,PKG053,5,"PKG053 | Out for Delivery | Destination Area Scan - Sado, Niigata | 6.11°C | Out for Delivery"
PKG053,KZJP2026000053,6,Delivered,Delivered,2026-05-18 11:06:53,"Hanamaki, Iwate",Hanamaki,Iwate,39.7146,141.033,7.50,Cool,97.48,2.52,YES,"Yoshinogawa, Tokushima",Yoshinogawa,Tokushima,33.9886,134.4718,"Hanamaki, Iwate",Hanamaki,Iwate,39.7146,141.033,Delivered,YES,7.50,Cool,RFID-KZ-0053,YES,2.52,Low Risk,97.48,Excellent,None,2026-05-17 09:45:53,2026-05-18 11:06:53,2026-05-18 11:06:53,Other,863.32,25.35,0,1,1,0,0,0,1,PKG053,6,"PKG053 | Delivered | Hanamaki, Iwate | 7.50°C | Delivered"
PKG054,KZJP2026000054,1,Order Placed,Order Placed,2026-05-22 18:22:42,"Tanabe, Wakayama",Tanabe,Wakayama,34.3275,135.1002,3.36,Cool,98.25,1.75,YES,"Tanabe, Wakayama",Tanabe,Wakayama,34.3275,135.1002,"Kaga, Ishikawa",Kaga,Ishikawa,36.4412,136.661,Delivered,YES,3.60,Cool,RFID-KZ-0054,YES,2.48,Low Risk,97.52,Excellent,None,2026-05-22 18:22:42,2026-05-26 00:59:42,2026-05-26 00:59:42,Other,274.33,78.62,1,0,0,0,0,1,1,PKG054,1,"PKG054 | Order Placed | Tanabe, Wakayama | 3.36°C | Order Placed"
PKG054,KZJP2026000054,2,Picked Up,Picked Up,2026-05-23 00:40:04,"Origin Pickup Scan - Takarazuka, Hyogo",Takarazuka,Hyogo,34.502945,135.291667,2.28,Cool,98.95,1.05,YES,"Tanabe, Wakayama",Tanabe,Wakayama,34.3275,135.1002,"Kaga, Ishikawa",Kaga,Ishikawa,36.4412,136.661,Delivered,YES,3.60,Cool,RFID-KZ-0054,YES,2.48,Low Risk,97.52,Excellent,None,2026-05-22 18:22:42,2026-05-26 00:59:42,2026-05-26 00:59:42,Other,274.33,78.62,0,0,0,0,0,0,1,PKG054,2,"PKG054 | Picked Up | Origin Pickup Scan - Takarazuka, Hyogo | 2.28°C | Picked Up"
PKG054,KZJP2026000054,3,Departed Origin Hub,In Transit,2026-05-23 14:01:57,"Regional Sorting Hub - Kawachinagano, Osaka",Kawachinagano,Osaka,34.875609,135.509838,1.61,Cool,98.74,1.26,YES,"Tanabe, Wakayama",Tanabe,Wakayama,34.3275,135.1002,"Kaga, Ishikawa",Kaga,Ishikawa,36.4412,136.661,Delivered,YES,3.60,Cool,RFID-KZ-0054,YES,2.48,Low Risk,97.52,Excellent,None,2026-05-22 18:22:42,2026-05-26 00:59:42,2026-05-26 00:59:42,Other,274.33,78.62,0,0,0,0,0,0,1,PKG054,3,"PKG054 | Departed Origin Hub | Regional Sorting Hub - Kawachinagano, Osaka | 1.61°C | In Transit"
PKG054,KZJP2026000054,4,In Transit Hub Scan,In Transit,2026-05-24 09:41:12,"Transit Hub Scan - Hikone, Shiga",Hikone,Shiga,35.294026,135.880777,2.03,Cool,98.26,1.74,YES,"Tanabe, Wakayama",Tanabe,Wakayama,34.3275,135.1002,"Kaga, Ishikawa",Kaga,Ishikawa,36.4412,136.661,Delivered,YES,3.60,Cool,RFID-KZ-0054,YES,2.48,Low Risk,97.52,Excellent,None,2026-05-22 18:22:42,2026-05-26 00:59:42,2026-05-26 00:59:42,Other,274.33,78.62,0,0,0,0,0,0,1,PKG054,4,"PKG054 | In Transit Hub Scan | Transit Hub Scan - Hikone, Shiga | 2.03°C | In Transit"
PKG054,KZJP2026000054,5,Out for Delivery,Out for Delivery,2026-05-25 07:41:58,"Destination Area Scan - Awara, Fukui",Awara,Fukui,35.959155,136.318363,4.56,Cool,97.76,2.24,YES,"Tanabe, Wakayama",Tanabe,Wakayama,34.3275,135.1002,"Kaga, Ishikawa",Kaga,Ishikawa,36.4412,136.661,Delivered,YES,3.60,Cool,RFID-KZ-0054,YES,2.48,Low Risk,97.52,Excellent,None,2026-05-22 18:22:42,2026-05-26 00:59:42,2026-05-26 00:59:42,Other,274.33,78.62,0,0,0,0,0,0,1,PKG054,5,"PKG054 | Out for Delivery | Destination Area Scan - Awara, Fukui | 4.56°C | Out for Delivery"
PKG054,KZJP2026000054,6,Delivered,Delivered,2026-05-26 00:59:42,"Kaga, Ishikawa",Kaga,Ishikawa,36.4412,136.661,3.60,Cool,97.52,2.48,YES,"Tanabe, Wakayama",Tanabe,Wakayama,34.3275,135.1002,"Kaga, Ishikawa",Kaga,Ishikawa,36.4412,136.661,Delivered,YES,3.60,Cool,RFID-KZ-0054,YES,2.48,Low Risk,97.52,Excellent,None,2026-05-22 18:22:42,2026-05-26 00:59:42,2026-05-26 00:59:42,Other,274.33,78.62,0,1,1,0,0,0,1,PKG054,6,"PKG054 | Delivered | Kaga, Ishikawa | 3.60°C | Delivered"
PKG055,KZJP2026000055,1,Order Placed,Order Placed,2026-05-11 14:01:41,"Shiojiri, Nagano",Shiojiri,Nagano,36.5493,138.2442,18.85,Ambient,98.12,1.88,YES,"Shiojiri, Nagano",Shiojiri,Nagano,36.5493,138.2442,"Nakatsugawa, Gifu",Nakatsugawa,Gifu,35.2957,136.7642,Delivered,NO,22.50,Ambient,RFID-KZ-0055,YES,2.64,Low Risk,97.36,Excellent,None,2026-05-11 14:01:41,2026-05-12 23:29:41,2026-05-12 23:29:41,"May 10-16, 2026",192.85,33.47,1,0,0,0,0,0,1,PKG055,1,"PKG055 | Order Placed | Shiojiri, Nagano | 18.85°C | Order Placed"
PKG055,KZJP2026000055,2,Picked Up,Picked Up,2026-05-11 16:42:19,"Origin Pickup Scan - Suwa, Nagano",Suwa,Nagano,36.513642,138.048745,22.69,Ambient,98.22,1.78,YES,"Shiojiri, Nagano",Shiojiri,Nagano,36.5493,138.2442,"Nakatsugawa, Gifu",Nakatsugawa,Gifu,35.2957,136.7642,Delivered,NO,22.50,Ambient,RFID-KZ-0055,YES,2.64,Low Risk,97.36,Excellent,None,2026-05-11 14:01:41,2026-05-12 23:29:41,2026-05-12 23:29:41,"May 10-16, 2026",192.85,33.47,0,0,0,0,0,0,1,PKG055,2,"PKG055 | Picked Up | Origin Pickup Scan - Suwa, Nagano | 22.69°C | Picked Up"
PKG055,KZJP2026000055,3,Departed Origin Hub,In Transit,2026-05-11 22:23:41,"Regional Sorting Hub - Suwa, Nagano",Suwa,Nagano,36.399925,137.947919,22.02,Ambient,97.50,2.50,YES,"Shiojiri, Nagano",Shiojiri,Nagano,36.5493,138.2442,"Nakatsugawa, Gifu",Nakatsugawa,Gifu,35.2957,136.7642,Delivered,NO,22.50,Ambient,RFID-KZ-0055,YES,2.64,Low Risk,97.36,Excellent,None,2026-05-11 14:01:41,2026-05-12 23:29:41,2026-05-12 23:29:41,"May 10-16, 2026",192.85,33.47,0,0,0,0,0,0,1,PKG055,3,"PKG055 | Departed Origin Hub | Regional Sorting Hub - Suwa, Nagano | 22.02°C | In Transit"
PKG055,KZJP2026000055,4,In Transit Hub Scan,In Transit,2026-05-12 06:45:41,"Transit Hub Scan - Kurobe, Toyama",Kurobe,Toyama,36.176436,137.380442,22.63,Ambient,97.45,2.55,YES,"Shiojiri, Nagano",Shiojiri,Nagano,36.5493,138.2442,"Nakatsugawa, Gifu",Nakatsugawa,Gifu,35.2957,136.7642,Delivered,NO,22.50,Ambient,RFID-KZ-0055,YES,2.64,Low Risk,97.36,Excellent,None,2026-05-11 14:01:41,2026-05-12 23:29:41,2026-05-12 23:29:41,"May 10-16, 2026",192.85,33.47,0,0,0,0,0,0,1,PKG055,4,"PKG055 | In Transit Hub Scan | Transit Hub Scan - Kurobe, Toyama | 22.63°C | In Transit"
PKG055,KZJP2026000055,5,Out for Delivery,Out for Delivery,2026-05-12 16:07:55,"Destination Area Scan - Gifu, Gifu",Gifu,Gifu,35.550995,136.987155,21.64,Ambient,97.69,2.31,YES,"Shiojiri, Nagano",Shiojiri,Nagano,36.5493,138.2442,"Nakatsugawa, Gifu",Nakatsugawa,Gifu,35.2957,136.7642,Delivered,NO,22.50,Ambient,RFID-KZ-0055,YES,2.64,Low Risk,97.36,Excellent,None,2026-05-11 14:01:41,2026-05-12 23:29:41,2026-05-12 23:29:41,"May 10-16, 2026",192.85,33.47,0,0,0,0,0,0,1,PKG055,5,"PKG055 | Out for Delivery | Destination Area Scan - Gifu, Gifu | 21.64°C | Out for Delivery"
PKG055,KZJP2026000055,6,Delivered,Delivered,2026-05-12 23:29:41,"Nakatsugawa, Gifu",Nakatsugawa,Gifu,35.2957,136.7642,22.50,Ambient,97.36,2.64,YES,"Shiojiri, Nagano",Shiojiri,Nagano,36.5493,138.2442,"Nakatsugawa, Gifu",Nakatsugawa,Gifu,35.2957,136.7642,Delivered,NO,22.50,Ambient,RFID-KZ-0055,YES,2.64,Low Risk,97.36,Excellent,None,2026-05-11 14:01:41,2026-05-12 23:29:41,2026-05-12 23:29:41,"May 10-16, 2026",192.85,33.47,0,1,1,0,0,0,1,PKG055,6,"PKG055 | Delivered | Nakatsugawa, Gifu | 22.50°C | Delivered"
PKG056,KZJP2026000056,1,Order Placed,Order Placed,2026-05-13 11:13:20,"Tochigi, Tochigi",Tochigi,Tochigi,36.6521,139.812,11.72,Ambient,99.55,0.45,YES,"Tochigi, Tochigi",Tochigi,Tochigi,36.6521,139.812,"Miyako, Iwate",Miyako,Iwate,39.8207,141.1788,Delivered,NO,14.80,Ambient,RFID-KZ-0056,YES,0.97,Low Risk,99.03,Excellent,None,2026-05-13 11:13:20,2026-05-14 16:42:20,2026-05-14 16:42:20,"May 10-16, 2026",371.99,29.48,1,0,0,0,0,0,1,PKG056,1,"PKG056 | Order Placed | Tochigi, Tochigi | 11.72°C | Order Placed"
PKG056,KZJP2026000056,2,Picked Up,Picked Up,2026-05-13 13:34:51,"Origin Pickup Scan - Ashikaga, Tochigi",Ashikaga,Tochigi,36.839325,139.905889,10.67,Ambient,99.39,0.61,YES,"Tochigi, Tochigi",Tochigi,Tochigi,36.6521,139.812,"Miyako, Iwate",Miyako,Iwate,39.8207,141.1788,Delivered,NO,14.80,Ambient,RFID-KZ-0056,YES,0.97,Low Risk,99.03,Excellent,None,2026-05-13 11:13:20,2026-05-14 16:42:20,2026-05-14 16:42:20,"May 10-16, 2026",371.99,29.48,0,0,0,0,0,0,1,PKG056,2,"PKG056 | Picked Up | Origin Pickup Scan - Ashikaga, Tochigi | 10.67°C | Picked Up"
PKG056,KZJP2026000056,3,Departed Origin Hub,In Transit,2026-05-13 18:35:35,"Regional Sorting Hub - Shirakawa, Fukushima",Shirakawa,Fukushima,37.571466,140.21937,14.03,Ambient,99.15,0.85,YES,"Tochigi, Tochigi",Tochigi,Tochigi,36.6521,139.812,"Miyako, Iwate",Miyako,Iwate,39.8207,141.1788,Delivered,NO,14.80,Ambient,RFID-KZ-0056,YES,0.97,Low Risk,99.03,Excellent,None,2026-05-13 11:13:20,2026-05-14 16:42:20,2026-05-14 16:42:20,"May 10-16, 2026",371.99,29.48,0,0,0,0,0,0,1,PKG056,3,"PKG056 | Departed Origin Hub | Regional Sorting Hub - Shirakawa, Fukushima | 14.03°C | In Transit"
PKG056,KZJP2026000056,4,In Transit Hub Scan,In Transit,2026-05-14 01:57:50,"Transit Hub Scan - Murayama, Yamagata",Murayama,Yamagata,38.261717,140.497379,12.63,Ambient,98.81,1.19,YES,"Tochigi, Tochigi",Tochigi,Tochigi,36.6521,139.812,"Miyako, Iwate",Miyako,Iwate,39.8207,141.1788,Delivered,NO,14.80,Ambient,RFID-KZ-0056,YES,0.97,Low Risk,99.03,Excellent,None,2026-05-13 11:13:20,2026-05-14 16:42:20,2026-05-14 16:42:20,"May 10-16, 2026",371.99,29.48,0,0,0,0,0,0,1,PKG056,4,"PKG056 | In Transit Hub Scan | Transit Hub Scan - Murayama, Yamagata | 12.63°C | In Transit"
PKG056,KZJP2026000056,5,Out for Delivery,Out for Delivery,2026-05-14 10:13:09,"Destination Area Scan - Oshu, Iwate",Oshu,Iwate,39.31604,140.997417,14.57,Ambient,99.49,0.51,YES,"Tochigi, Tochigi",Tochigi,Tochigi,36.6521,139.812,"Miyako, Iwate",Miyako,Iwate,39.8207,141.1788,Delivered,NO,14.80,Ambient,RFID-KZ-0056,YES,0.97,Low Risk,99.03,Excellent,None,2026-05-13 11:13:20,2026-05-14 16:42:20,2026-05-14 16:42:20,"May 10-16, 2026",371.99,29.48,0,0,0,0,0,0,1,PKG056,5,"PKG056 | Out for Delivery | Destination Area Scan - Oshu, Iwate | 14.57°C | Out for Delivery"
PKG056,KZJP2026000056,6,Delivered,Delivered,2026-05-14 16:42:20,"Miyako, Iwate",Miyako,Iwate,39.8207,141.1788,14.80,Ambient,99.03,0.97,YES,"Tochigi, Tochigi",Tochigi,Tochigi,36.6521,139.812,"Miyako, Iwate",Miyako,Iwate,39.8207,141.1788,Delivered,NO,14.80,Ambient,RFID-KZ-0056,YES,0.97,Low Risk,99.03,Excellent,None,2026-05-13 11:13:20,2026-05-14 16:42:20,2026-05-14 16:42:20,"May 10-16, 2026",371.99,29.48,0,1,1,0,0,0,1,PKG056,6,"PKG056 | Delivered | Miyako, Iwate | 14.80°C | Delivered"
PKG057,KZJP2026000057,1,Order Placed,Order Placed,2026-05-21 15:42:52,"Kameoka, Kyoto",Kameoka,Kyoto,34.9358,135.8612,18.94,Ambient,100.00,0.00,YES,"Kameoka, Kyoto",Kameoka,Kyoto,34.9358,135.8612,"Akiruno, Tokyo",Akiruno,Tokyo,35.7352,139.5807,Delivered,NO,22.50,Ambient,RFID-KZ-0057,YES,0.25,Low Risk,99.75,Excellent,None,2026-05-21 15:42:52,2026-05-24 04:23:52,2026-05-24 04:23:52,Other,348.88,60.68,1,0,0,0,0,0,1,PKG057,1,"PKG057 | Order Placed | Kameoka, Kyoto | 18.94°C | Order Placed"
PKG057,KZJP2026000057,2,Picked Up,Picked Up,2026-05-21 20:34:09,"Origin Pickup Scan - Koka, Shiga",Koka,Shiga,35.002842,136.091788,22.86,Ambient,99.85,0.15,YES,"Kameoka, Kyoto",Kameoka,Kyoto,34.9358,135.8612,"Akiruno, Tokyo",Akiruno,Tokyo,35.7352,139.5807,Delivered,NO,22.50,Ambient,RFID-KZ-0057,YES,0.25,Low Risk,99.75,Excellent,None,2026-05-21 15:42:52,2026-05-24 04:23:52,2026-05-24 04:23:52,Other,348.88,60.68,0,0,0,0,0,0,1,PKG057,2,"PKG057 | Picked Up | Origin Pickup Scan - Koka, Shiga | 22.86°C | Picked Up"
PKG057,KZJP2026000057,3,Departed Origin Hub,In Transit,2026-05-22 06:53:07,"Regional Sorting Hub - Kariya, Aichi",Kariya,Aichi,35.212307,136.830175,24.26,Ambient,99.73,0.27,YES,"Kameoka, Kyoto",Kameoka,Kyoto,34.9358,135.8612,"Akiruno, Tokyo",Akiruno,Tokyo,35.7352,139.5807,Delivered,NO,22.50,Ambient,RFID-KZ-0057,YES,0.25,Low Risk,99.75,Excellent,None,2026-05-21 15:42:52,2026-05-24 04:23:52,2026-05-24 04:23:52,Other,348.88,60.68,0,0,0,0,0,0,1,PKG057,3,"PKG057 | Departed Origin Hub | Regional Sorting Hub - Kariya, Aichi | 24.26°C | In Transit"
PKG057,KZJP2026000057,4,In Transit Hub Scan,In Transit,2026-05-22 22:03:22,"Transit Hub Scan - Yaizu, Shizuoka",Yaizu,Shizuoka,35.277337,137.910619,22.37,Ambient,100.00,0.00,YES,"Kameoka, Kyoto",Kameoka,Kyoto,34.9358,135.8612,"Akiruno, Tokyo",Akiruno,Tokyo,35.7352,139.5807,Delivered,NO,22.50,Ambient,RFID-KZ-0057,YES,0.25,Low Risk,99.75,Excellent,None,2026-05-21 15:42:52,2026-05-24 04:23:52,2026-05-24 04:23:52,Other,348.88,60.68,0,0,0,0,0,0,1,PKG057,4,"PKG057 | In Transit Hub Scan | Transit Hub Scan - Yaizu, Shizuoka | 22.37°C | In Transit"
PKG057,KZJP2026000057,5,Out for Delivery,Out for Delivery,2026-05-23 15:02:51,"Destination Area Scan - Minami-Alps, Yamanashi",Minami-Alps,Yamanashi,35.576126,138.692553,19.65,Ambient,99.65,0.35,YES,"Kameoka, Kyoto",Kameoka,Kyoto,34.9358,135.8612,"Akiruno, Tokyo",Akiruno,Tokyo,35.7352,139.5807,Delivered,NO,22.50,Ambient,RFID-KZ-0057,YES,0.25,Low Risk,99.75,Excellent,None,2026-05-21 15:42:52,2026-05-24 04:23:52,2026-05-24 04:23:52,Other,348.88,60.68,0,0,0,0,0,0,1,PKG057,5,"PKG057 | Out for Delivery | Destination Area Scan - Minami-Alps, Yamanashi | 19.65°C | Out for Delivery"
PKG057,KZJP2026000057,6,Delivered,Delivered,2026-05-24 04:23:52,"Akiruno, Tokyo",Akiruno,Tokyo,35.7352,139.5807,22.50,Ambient,99.75,0.25,YES,"Kameoka, Kyoto",Kameoka,Kyoto,34.9358,135.8612,"Akiruno, Tokyo",Akiruno,Tokyo,35.7352,139.5807,Delivered,NO,22.50,Ambient,RFID-KZ-0057,YES,0.25,Low Risk,99.75,Excellent,None,2026-05-21 15:42:52,2026-05-24 04:23:52,2026-05-24 04:23:52,Other,348.88,60.68,0,1,1,0,0,0,1,PKG057,6,"PKG057 | Delivered | Akiruno, Tokyo | 22.50°C | Delivered"
PKG058,KZJP2026000058,1,Order Placed,Order Placed,2026-05-16 14:51:53,"Yachimata, Chiba",Yachimata,Chiba,35.5387,140.008,1.98,Cool,97.90,2.10,YES,"Yachimata, Chiba",Yachimata,Chiba,35.5387,140.008,"Izunokuni, Shizuoka",Izunokuni,Shizuoka,34.9181,138.4878,Delivered,YES,4.80,Cool,RFID-KZ-0058,YES,2.52,Low Risk,97.48,Excellent,None,2026-05-16 14:51:53,2026-05-18 23:17:53,2026-05-18 23:17:53,"May 10-16, 2026",154.36,56.43,1,0,0,0,0,1,1,PKG058,1,"PKG058 | Order Placed | Yachimata, Chiba | 1.98°C | Order Placed"
PKG058,KZJP2026000058,2,Picked Up,Picked Up,2026-05-16 19:22:46,"Origin Pickup Scan - Yachimata, Chiba",Yachimata,Chiba,35.478457,139.940249,7.05,Cool,98.02,1.98,YES,"Yachimata, Chiba",Yachimata,Chiba,35.5387,140.008,"Izunokuni, Shizuoka",Izunokuni,Shizuoka,34.9181,138.4878,Delivered,YES,4.80,Cool,RFID-KZ-0058,YES,2.52,Low Risk,97.48,Excellent,None,2026-05-16 14:51:53,2026-05-18 23:17:53,2026-05-18 23:17:53,"May 10-16, 2026",154.36,56.43,0,0,0,0,0,0,1,PKG058,2,"PKG058 | Picked Up | Origin Pickup Scan - Yachimata, Chiba | 7.05°C | Picked Up"
PKG058,KZJP2026000058,3,Departed Origin Hub,In Transit,2026-05-17 04:58:23,"Regional Sorting Hub - Atsugi, Kanagawa",Atsugi,Kanagawa,35.355272,139.618382,4.76,Cool,97.96,2.04,YES,"Yachimata, Chiba",Yachimata,Chiba,35.5387,140.008,"Izunokuni, Shizuoka",Izunokuni,Shizuoka,34.9181,138.4878,Delivered,YES,4.80,Cool,RFID-KZ-0058,YES,2.52,Low Risk,97.48,Excellent,None,2026-05-16 14:51:53,2026-05-18 23:17:53,2026-05-18 23:17:53,"May 10-16, 2026",154.36,56.43,0,0,0,0,0,0,1,PKG058,3,"PKG058 | Departed Origin Hub | Regional Sorting Hub - Atsugi, Kanagawa | 4.76°C | In Transit"
PKG058,KZJP2026000058,4,In Transit Hub Scan,In Transit,2026-05-17 19:04:53,"Transit Hub Scan - Hadano, Kanagawa",Hadano,Kanagawa,35.348024,139.313562,2.90,Cool,97.58,2.42,YES,"Yachimata, Chiba",Yachimata,Chiba,35.5387,140.008,"Izunokuni, Shizuoka",Izunokuni,Shizuoka,34.9181,138.4878,Delivered,YES,4.80,Cool,RFID-KZ-0058,YES,2.52,Low Risk,97.48,Excellent,None,2026-05-16 14:51:53,2026-05-18 23:17:53,2026-05-18 23:17:53,"May 10-16, 2026",154.36,56.43,0,0,0,0,0,0,1,PKG058,4,"PKG058 | In Transit Hub Scan | Transit Hub Scan - Hadano, Kanagawa | 2.90°C | In Transit"
PKG058,KZJP2026000058,5,Out for Delivery,Out for Delivery,2026-05-18 10:52:58,"Destination Area Scan - Shimada, Shizuoka",Shimada,Shizuoka,35.039708,138.720378,3.81,Cool,97.70,2.30,YES,"Yachimata, Chiba",Yachimata,Chiba,35.5387,140.008,"Izunokuni, Shizuoka",Izunokuni,Shizuoka,34.9181,138.4878,Delivered,YES,4.80,Cool,RFID-KZ-0058,YES,2.52,Low Risk,97.48,Excellent,None,2026-05-16 14:51:53,2026-05-18 23:17:53,2026-05-18 23:17:53,"May 10-16, 2026",154.36,56.43,0,0,0,0,0,0,1,PKG058,5,"PKG058 | Out for Delivery | Destination Area Scan - Shimada, Shizuoka | 3.81°C | Out for Delivery"
PKG058,KZJP2026000058,6,Delivered,Delivered,2026-05-18 23:17:53,"Izunokuni, Shizuoka",Izunokuni,Shizuoka,34.9181,138.4878,4.80,Cool,97.48,2.52,YES,"Yachimata, Chiba",Yachimata,Chiba,35.5387,140.008,"Izunokuni, Shizuoka",Izunokuni,Shizuoka,34.9181,138.4878,Delivered,YES,4.80,Cool,RFID-KZ-0058,YES,2.52,Low Risk,97.48,Excellent,None,2026-05-16 14:51:53,2026-05-18 23:17:53,2026-05-18 23:17:53,"May 10-16, 2026",154.36,56.43,0,1,1,0,0,0,1,PKG058,6,"PKG058 | Delivered | Izunokuni, Shizuoka | 4.80°C | Delivered"
PKG059,KZJP2026000059,1,Order Placed,Order Placed,2026-05-09 10:04:50,"Ureshino, Saga",Ureshino,Saga,33.3656,130.3639,23.41,Ambient,99.74,0.26,YES,"Ureshino, Saga",Ureshino,Saga,33.3656,130.3639,"Komae, Tokyo",Komae,Tokyo,35.7841,139.6178,Delivered,NO,26.00,Ambient,RFID-KZ-0059,YES,0.64,Low Risk,99.36,Excellent,None,2026-05-09 10:04:50,2026-05-12 17:14:50,2026-05-12 17:14:50,"May 3-9, 2026",888.48,79.17,1,0,0,0,0,0,1,PKG059,1,"PKG059 | Order Placed | Ureshino, Saga | 23.41°C | Order Placed"
PKG059,KZJP2026000059,2,Picked Up,Picked Up,2026-05-09 16:24:50,"Origin Pickup Scan - Onoda, Yamaguchi",Onoda,Yamaguchi,33.771542,131.202172,24.09,Ambient,99.76,0.24,YES,"Ureshino, Saga",Ureshino,Saga,33.3656,130.3639,"Komae, Tokyo",Komae,Tokyo,35.7841,139.6178,Delivered,NO,26.00,Ambient,RFID-KZ-0059,YES,0.64,Low Risk,99.36,Excellent,None,2026-05-09 10:04:50,2026-05-12 17:14:50,2026-05-12 17:14:50,"May 3-9, 2026",888.48,79.17,0,0,0,0,0,0,1,PKG059,2,"PKG059 | Picked Up | Origin Pickup Scan - Onoda, Yamaguchi | 24.09°C | Picked Up"
PKG059,KZJP2026000059,3,Departed Origin Hub,In Transit,2026-05-10 05:52:20,"Regional Sorting Hub - Seiyo, Ehime",Seiyo,Ehime,33.960619,132.716107,27.26,Danger Zone,99.22,0.78,YES,"Ureshino, Saga",Ureshino,Saga,33.3656,130.3639,"Komae, Tokyo",Komae,Tokyo,35.7841,139.6178,Delivered,NO,26.00,Ambient,RFID-KZ-0059,YES,0.64,Low Risk,99.36,Excellent,None,2026-05-09 10:04:50,2026-05-12 17:14:50,2026-05-12 17:14:50,"May 3-9, 2026",888.48,79.17,0,0,0,0,0,0,1,PKG059,3,"PKG059 | Departed Origin Hub | Regional Sorting Hub - Seiyo, Ehime | 27.26°C | In Transit"
PKG059,KZJP2026000059,4,In Transit Hub Scan,In Transit,2026-05-11 01:39:50,"Transit Hub Scan - Ako, Hyogo",Ako,Hyogo,34.612738,134.988324,26.95,Danger Zone,99.35,0.65,YES,"Ureshino, Saga",Ureshino,Saga,33.3656,130.3639,"Komae, Tokyo",Komae,Tokyo,35.7841,139.6178,Delivered,NO,26.00,Ambient,RFID-KZ-0059,YES,0.64,Low Risk,99.36,Excellent,None,2026-05-09 10:04:50,2026-05-12 17:14:50,2026-05-12 17:14:50,"May 3-9, 2026",888.48,79.17,0,0,0,0,0,0,1,PKG059,4,"PKG059 | In Transit Hub Scan | Transit Hub Scan - Ako, Hyogo | 26.95°C | In Transit"
PKG059,KZJP2026000059,5,Out for Delivery,Out for Delivery,2026-05-11 23:49:50,"Destination Area Scan - Toyokawa, Aichi",Toyokawa,Aichi,35.267866,137.418304,25.67,Danger Zone,99.08,0.92,YES,"Ureshino, Saga",Ureshino,Saga,33.3656,130.3639,"Komae, Tokyo",Komae,Tokyo,35.7841,139.6178,Delivered,NO,26.00,Ambient,RFID-KZ-0059,YES,0.64,Low Risk,99.36,Excellent,None,2026-05-09 10:04:50,2026-05-12 17:14:50,2026-05-12 17:14:50,"May 3-9, 2026",888.48,79.17,0,0,0,0,0,0,1,PKG059,5,"PKG059 | Out for Delivery | Destination Area Scan - Toyokawa, Aichi | 25.67°C | Out for Delivery"
PKG059,KZJP2026000059,6,Delivered,Delivered,2026-05-12 17:14:50,"Komae, Tokyo",Komae,Tokyo,35.7841,139.6178,26.00,Ambient,99.36,0.64,YES,"Ureshino, Saga",Ureshino,Saga,33.3656,130.3639,"Komae, Tokyo",Komae,Tokyo,35.7841,139.6178,Delivered,NO,26.00,Ambient,RFID-KZ-0059,YES,0.64,Low Risk,99.36,Excellent,None,2026-05-09 10:04:50,2026-05-12 17:14:50,2026-05-12 17:14:50,"May 3-9, 2026",888.48,79.17,0,1,1,0,0,0,1,PKG059,6,"PKG059 | Delivered | Komae, Tokyo | 26.00°C | Delivered"
PKG060,KZJP2026000060,1,Order Placed,Order Placed,2026-05-10 19:17:23,"Matsudo, Chiba",Matsudo,Chiba,35.5315,140.1995,22.32,Ambient,97.93,2.07,YES,"Matsudo, Chiba",Matsudo,Chiba,35.5315,140.1995,"Awa, Tokushima",Awa,Tokushima,33.9512,134.5634,Delivered,NO,24.30,Ambient,RFID-KZ-0060,YES,1.98,Low Risk,98.02,Excellent,None,2026-05-10 19:17:23,2026-05-13 18:18:23,2026-05-13 18:18:23,"May 10-16, 2026",544.04,71.02,1,0,0,0,0,0,1,PKG060,1,"PKG060 | Order Placed | Matsudo, Chiba | 22.32°C | Order Placed"
PKG060,KZJP2026000060,2,Picked Up,Picked Up,2026-05-11 00:58:16,"Origin Pickup Scan - Odawara, Kanagawa",Odawara,Kanagawa,35.465045,139.762411,24.26,Ambient,98.99,1.01,YES,"Matsudo, Chiba",Matsudo,Chiba,35.5315,140.1995,"Awa, Tokushima",Awa,Tokushima,33.9512,134.5634,Delivered,NO,24.30,Ambient,RFID-KZ-0060,YES,1.98,Low Risk,98.02,Excellent,None,2026-05-10 19:17:23,2026-05-13 18:18:23,2026-05-13 18:18:23,"May 10-16, 2026",544.04,71.02,0,0,0,0,0,0,1,PKG060,2,"PKG060 | Picked Up | Origin Pickup Scan - Odawara, Kanagawa | 24.26°C | Picked Up"
PKG060,KZJP2026000060,3,Departed Origin Hub,In Transit,2026-05-11 13:02:38,"Regional Sorting Hub - Makinohara, Shizuoka",Makinohara,Shizuoka,35.078518,138.68586,25.60,Danger Zone,98.49,1.51,YES,"Matsudo, Chiba",Matsudo,Chiba,35.5315,140.1995,"Awa, Tokushima",Awa,Tokushima,33.9512,134.5634,Delivered,NO,24.30,Ambient,RFID-KZ-0060,YES,1.98,Low Risk,98.02,Excellent,None,2026-05-10 19:17:23,2026-05-13 18:18:23,2026-05-13 18:18:23,"May 10-16, 2026",544.04,71.02,0,0,0,0,0,0,1,PKG060,3,"PKG060 | Departed Origin Hub | Regional Sorting Hub - Makinohara, Shizuoka | 25.60°C | In Transit"
PKG060,KZJP2026000060,4,In Transit Hub Scan,In Transit,2026-05-12 06:47:53,"Transit Hub Scan - Kasugai, Aichi",Kasugai,Aichi,34.881539,137.249497,22.73,Ambient,98.44,1.56,YES,"Matsudo, Chiba",Matsudo,Chiba,35.5315,140.1995,"Awa, Tokushima",Awa,Tokushima,33.9512,134.5634,Delivered,NO,24.30,Ambient,RFID-KZ-0060,YES,1.98,Low Risk,98.02,Excellent,None,2026-05-10 19:17:23,2026-05-13 18:18:23,2026-05-13 18:18:23,"May 10-16, 2026",544.04,71.02,0,0,0,0,0,0,1,PKG060,4,"PKG060 | In Transit Hub Scan | Transit Hub Scan - Kasugai, Aichi | 22.73°C | In Transit"
PKG060,KZJP2026000060,5,Out for Delivery,Out for Delivery,2026-05-13 02:40:58,"Destination Area Scan - Sakurai, Nara",Sakurai,Nara,34.404339,135.794247,22.25,Ambient,97.89,2.11,YES,"Matsudo, Chiba",Matsudo,Chiba,35.5315,140.1995,"Awa, Tokushima",Awa,Tokushima,33.9512,134.5634,Delivered,NO,24.30,Ambient,RFID-KZ-0060,YES,1.98,Low Risk,98.02,Excellent,None,2026-05-10 19:17:23,2026-05-13 18:18:23,2026-05-13 18:18:23,"May 10-16, 2026",544.04,71.02,0,0,0,0,0,0,1,PKG060,5,"PKG060 | Out for Delivery | Destination Area Scan - Sakurai, Nara | 22.25°C | Out for Delivery"
PKG060,KZJP2026000060,6,Delivered,Delivered,2026-05-13 18:18:23,"Awa, Tokushima",Awa,Tokushima,33.9512,134.5634,24.30,Ambient,98.02,1.98,YES,"Matsudo, Chiba",Matsudo,Chiba,35.5315,140.1995,"Awa, Tokushima",Awa,Tokushima,33.9512,134.5634,Delivered,NO,24.30,Ambient,RFID-KZ-0060,YES,1.98,Low Risk,98.02,Excellent,None,2026-05-10 19:17:23,2026-05-13 18:18:23,2026-05-13 18:18:23,"May 10-16, 2026",544.04,71.02,0,1,1,0,0,0,1,PKG060,6,"PKG060 | Delivered | Awa, Tokushima | 24.30°C | Delivered"
PKG061,KZJP2026000061,1,Order Placed,Order Placed,2026-05-18 15:39:59,"Date, Hokkaido",Date,Hokkaido,43.4618,141.3693,23.50,Ambient,99.60,0.40,YES,"Date, Hokkaido",Date,Hokkaido,43.4618,141.3693,"Nagai, Yamagata",Nagai,Yamagata,38.3427,140.4264,Delivered,NO,20.70,Ambient,RFID-KZ-0061,YES,0.92,Low Risk,99.08,Excellent,None,2026-05-18 15:39:59,2026-05-22 03:47:59,2026-05-22 03:47:59,Other,574.70,84.13,1,0,0,0,0,0,1,PKG061,1,"PKG061 | Order Placed | Date, Hokkaido | 23.50°C | Order Placed"
PKG061,KZJP2026000061,2,Picked Up,Picked Up,2026-05-18 22:23:50,"Origin Pickup Scan - Takikawa, Hokkaido",Takikawa,Hokkaido,43.171735,141.233565,17.53,Ambient,99.66,0.34,YES,"Date, Hokkaido",Date,Hokkaido,43.4618,141.3693,"Nagai, Yamagata",Nagai,Yamagata,38.3427,140.4264,Delivered,NO,20.70,Ambient,RFID-KZ-0061,YES,0.92,Low Risk,99.08,Excellent,None,2026-05-18 15:39:59,2026-05-22 03:47:59,2026-05-22 03:47:59,Other,574.70,84.13,0,0,0,0,0,0,1,PKG061,2,"PKG061 | Picked Up | Origin Pickup Scan - Takikawa, Hokkaido | 17.53°C | Picked Up"
PKG061,KZJP2026000061,3,Departed Origin Hub,In Transit,2026-05-19 12:41:59,"Regional Sorting Hub - Eniwa, Hokkaido",Eniwa,Hokkaido,42.338741,141.170952,18.94,Ambient,99.67,0.33,YES,"Date, Hokkaido",Date,Hokkaido,43.4618,141.3693,"Nagai, Yamagata",Nagai,Yamagata,38.3427,140.4264,Delivered,NO,20.70,Ambient,RFID-KZ-0061,YES,0.92,Low Risk,99.08,Excellent,None,2026-05-18 15:39:59,2026-05-22 03:47:59,2026-05-22 03:47:59,Other,574.70,84.13,0,0,0,0,0,0,1,PKG061,3,"PKG061 | Departed Origin Hub | Regional Sorting Hub - Eniwa, Hokkaido | 18.94°C | In Transit"
PKG061,KZJP2026000061,4,In Transit Hub Scan,In Transit,2026-05-20 09:43:59,"Transit Hub Scan - Aomori, Aomori",Aomori,Aomori,40.910674,140.874696,19.63,Ambient,99.52,0.48,YES,"Date, Hokkaido",Date,Hokkaido,43.4618,141.3693,"Nagai, Yamagata",Nagai,Yamagata,38.3427,140.4264,Delivered,NO,20.70,Ambient,RFID-KZ-0061,YES,0.92,Low Risk,99.08,Excellent,None,2026-05-18 15:39:59,2026-05-22 03:47:59,2026-05-22 03:47:59,Other,574.70,84.13,0,0,0,0,0,0,1,PKG061,4,"PKG061 | In Transit Hub Scan | Transit Hub Scan - Aomori, Aomori | 19.63°C | In Transit"
PKG061,KZJP2026000061,5,Out for Delivery,Out for Delivery,2026-05-21 09:17:26,"Destination Area Scan - Hachimantai, Iwate",Hachimantai,Iwate,39.558131,140.830893,18.99,Ambient,98.89,1.11,YES,"Date, Hokkaido",Date,Hokkaido,43.4618,141.3693,"Nagai, Yamagata",Nagai,Yamagata,38.3427,140.4264,Delivered,NO,20.70,Ambient,RFID-KZ-0061,YES,0.92,Low Risk,99.08,Excellent,None,2026-05-18 15:39:59,2026-05-22 03:47:59,2026-05-22 03:47:59,Other,574.70,84.13,0,0,0,0,0,0,1,PKG061,5,"PKG061 | Out for Delivery | Destination Area Scan - Hachimantai, Iwate | 18.99°C | Out for Delivery"
PKG061,KZJP2026000061,6,Delivered,Delivered,2026-05-22 03:47:59,"Nagai, Yamagata",Nagai,Yamagata,38.3427,140.4264,20.70,Ambient,99.08,0.92,YES,"Date, Hokkaido",Date,Hokkaido,43.4618,141.3693,"Nagai, Yamagata",Nagai,Yamagata,38.3427,140.4264,Delivered,NO,20.70,Ambient,RFID-KZ-0061,YES,0.92,Low Risk,99.08,Excellent,None,2026-05-18 15:39:59,2026-05-22 03:47:59,2026-05-22 03:47:59,Other,574.70,84.13,0,1,1,0,0,0,1,PKG061,6,"PKG061 | Delivered | Nagai, Yamagata | 20.70°C | Delivered"
PKG062,KZJP2026000062,1,Order Placed,Order Placed,2026-05-13 18:39:54,"Soja, Okayama",Soja,Okayama,34.5793,134.0127,17.55,Ambient,98.93,1.07,YES,"Soja, Okayama",Soja,Okayama,34.5793,134.0127,"Kamo, Niigata",Kamo,Niigata,37.9361,139.1547,Delivered,NO,19.60,Ambient,RFID-KZ-0062,YES,2.31,Low Risk,97.69,Excellent,None,2026-05-13 18:39:54,2026-05-15 19:29:54,2026-05-15 19:29:54,"May 10-16, 2026",593.03,48.83,1,0,0,0,0,0,1,PKG062,1,"PKG062 | Order Placed | Soja, Okayama | 17.55°C | Order Placed"
PKG062,KZJP2026000062,2,Picked Up,Picked Up,2026-05-13 22:34:18,"Origin Pickup Scan - Okayama, Okayama",Okayama,Okayama,34.795356,134.292712,14.78,Ambient,97.58,2.42,YES,"Soja, Okayama",Soja,Okayama,34.5793,134.0127,"Kamo, Niigata",Kamo,Niigata,37.9361,139.1547,Delivered,NO,19.60,Ambient,RFID-KZ-0062,YES,2.31,Low Risk,97.69,Excellent,None,2026-05-13 18:39:54,2026-05-15 19:29:54,2026-05-15 19:29:54,"May 10-16, 2026",593.03,48.83,0,0,0,0,0,0,1,PKG062,2,"PKG062 | Picked Up | Origin Pickup Scan - Okayama, Okayama | 14.78°C | Picked Up"
PKG062,KZJP2026000062,3,Departed Origin Hub,In Transit,2026-05-14 06:52:24,"Regional Sorting Hub - Maizuru, Kyoto",Maizuru,Kyoto,35.330819,135.419683,18.02,Ambient,98.45,1.55,YES,"Soja, Okayama",Soja,Okayama,34.5793,134.0127,"Kamo, Niigata",Kamo,Niigata,37.9361,139.1547,Delivered,NO,19.60,Ambient,RFID-KZ-0062,YES,2.31,Low Risk,97.69,Excellent,None,2026-05-13 18:39:54,2026-05-15 19:29:54,2026-05-15 19:29:54,"May 10-16, 2026",593.03,48.83,0,0,0,0,0,0,1,PKG062,3,"PKG062 | Departed Origin Hub | Regional Sorting Hub - Maizuru, Kyoto | 18.02°C | In Transit"
PKG062,KZJP2026000062,4,In Transit Hub Scan,In Transit,2026-05-14 19:04:54,"Transit Hub Scan - Kaga, Ishikawa",Kaga,Ishikawa,36.355884,136.604587,13.93,Ambient,97.76,2.24,YES,"Soja, Okayama",Soja,Okayama,34.5793,134.0127,"Kamo, Niigata",Kamo,Niigata,37.9361,139.1547,Delivered,NO,19.60,Ambient,RFID-KZ-0062,YES,2.31,Low Risk,97.69,Excellent,None,2026-05-13 18:39:54,2026-05-15 19:29:54,2026-05-15 19:29:54,"May 10-16, 2026",593.03,48.83,0,0,0,0,0,0,1,PKG062,4,"PKG062 | In Transit Hub Scan | Transit Hub Scan - Kaga, Ishikawa | 13.93°C | In Transit"
PKG062,KZJP2026000062,5,Out for Delivery,Out for Delivery,2026-05-15 08:45:18,"Destination Area Scan - Nakano, Nagano",Nakano,Nagano,37.046091,138.04935,21.39,Ambient,97.46,2.54,YES,"Soja, Okayama",Soja,Okayama,34.5793,134.0127,"Kamo, Niigata",Kamo,Niigata,37.9361,139.1547,Delivered,NO,19.60,Ambient,RFID-KZ-0062,YES,2.31,Low Risk,97.69,Excellent,None,2026-05-13 18:39:54,2026-05-15 19:29:54,2026-05-15 19:29:54,"May 10-16, 2026",593.03,48.83,0,0,0,0,0,0,1,PKG062,5,"PKG062 | Out for Delivery | Destination Area Scan - Nakano, Nagano | 21.39°C | Out for Delivery"
PKG062,KZJP2026000062,6,Delivered,Delivered,2026-05-15 19:29:54,"Kamo, Niigata",Kamo,Niigata,37.9361,139.1547,19.60,Ambient,97.69,2.31,YES,"Soja, Okayama",Soja,Okayama,34.5793,134.0127,"Kamo, Niigata",Kamo,Niigata,37.9361,139.1547,Delivered,NO,19.60,Ambient,RFID-KZ-0062,YES,2.31,Low Risk,97.69,Excellent,None,2026-05-13 18:39:54,2026-05-15 19:29:54,2026-05-15 19:29:54,"May 10-16, 2026",593.03,48.83,0,1,1,0,0,0,1,PKG062,6,"PKG062 | Delivered | Kamo, Niigata | 19.60°C | Delivered"
PKG063,KZJP2026000063,1,Order Placed,Order Placed,2026-05-11 18:13:26,"Sakaiminato, Tottori",Sakaiminato,Tottori,35.5121,134.1156,17.88,Ambient,98.34,1.66,YES,"Sakaiminato, Tottori",Sakaiminato,Tottori,35.5121,134.1156,"Nishinomiya, Hyogo",Nishinomiya,Hyogo,34.6077,135.1083,Delivered,NO,21.30,Ambient,RFID-KZ-0063,YES,2.54,Low Risk,97.46,Excellent,None,2026-05-11 18:13:26,2026-05-14 17:45:26,2026-05-14 17:45:26,"May 10-16, 2026",135.19,71.53,1,0,0,0,0,0,1,PKG063,1,"PKG063 | Order Placed | Sakaiminato, Tottori | 17.88°C | Order Placed"
PKG063,KZJP2026000063,2,Picked Up,Picked Up,2026-05-11 23:56:47,"Origin Pickup Scan - Sakaiminato, Tottori",Sakaiminato,Tottori,35.45773,134.161514,19.15,Ambient,97.47,2.53,YES,"Sakaiminato, Tottori",Sakaiminato,Tottori,35.5121,134.1156,"Nishinomiya, Hyogo",Nishinomiya,Hyogo,34.6077,135.1083,Delivered,NO,21.30,Ambient,RFID-KZ-0063,YES,2.54,Low Risk,97.46,Excellent,None,2026-05-11 18:13:26,2026-05-14 17:45:26,2026-05-14 17:45:26,"May 10-16, 2026",135.19,71.53,0,0,0,0,0,0,1,PKG063,2,"PKG063 | Picked Up | Origin Pickup Scan - Sakaiminato, Tottori | 19.15°C | Picked Up"
PKG063,KZJP2026000063,3,Departed Origin Hub,In Transit,2026-05-12 12:06:26,"Regional Sorting Hub - Tottori, Tottori",Tottori,Tottori,35.411627,134.368248,22.39,Ambient,97.86,2.14,YES,"Sakaiminato, Tottori",Sakaiminato,Tottori,35.5121,134.1156,"Nishinomiya, Hyogo",Nishinomiya,Hyogo,34.6077,135.1083,Delivered,NO,21.30,Ambient,RFID-KZ-0063,YES,2.54,Low Risk,97.46,Excellent,None,2026-05-11 18:13:26,2026-05-14 17:45:26,2026-05-14 17:45:26,"May 10-16, 2026",135.19,71.53,0,0,0,0,0,0,1,PKG063,3,"PKG063 | Departed Origin Hub | Regional Sorting Hub - Tottori, Tottori | 22.39°C | In Transit"
PKG063,KZJP2026000063,4,In Transit Hub Scan,In Transit,2026-05-13 05:59:26,"Transit Hub Scan - Ono, Hyogo",Ono,Hyogo,34.969751,134.834926,20.25,Ambient,97.69,2.31,YES,"Sakaiminato, Tottori",Sakaiminato,Tottori,35.5121,134.1156,"Nishinomiya, Hyogo",Nishinomiya,Hyogo,34.6077,135.1083,Delivered,NO,21.30,Ambient,RFID-KZ-0063,YES,2.54,Low Risk,97.46,Excellent,None,2026-05-11 18:13:26,2026-05-14 17:45:26,2026-05-14 17:45:26,"May 10-16, 2026",135.19,71.53,0,0,0,0,0,0,1,PKG063,4,"PKG063 | In Transit Hub Scan | Transit Hub Scan - Ono, Hyogo | 20.25°C | In Transit"
PKG063,KZJP2026000063,5,Out for Delivery,Out for Delivery,2026-05-14 02:01:11,"Destination Area Scan - Awaji, Hyogo",Awaji,Hyogo,34.761309,134.977162,19.00,Ambient,97.64,2.36,YES,"Sakaiminato, Tottori",Sakaiminato,Tottori,35.5121,134.1156,"Nishinomiya, Hyogo",Nishinomiya,Hyogo,34.6077,135.1083,Delivered,NO,21.30,Ambient,RFID-KZ-0063,YES,2.54,Low Risk,97.46,Excellent,None,2026-05-11 18:13:26,2026-05-14 17:45:26,2026-05-14 17:45:26,"May 10-16, 2026",135.19,71.53,0,0,0,0,0,0,1,PKG063,5,"PKG063 | Out for Delivery | Destination Area Scan - Awaji, Hyogo | 19.00°C | Out for Delivery"
PKG063,KZJP2026000063,6,Delivered,Delivered,2026-05-14 17:45:26,"Nishinomiya, Hyogo",Nishinomiya,Hyogo,34.6077,135.1083,21.30,Ambient,97.46,2.54,YES,"Sakaiminato, Tottori",Sakaiminato,Tottori,35.5121,134.1156,"Nishinomiya, Hyogo",Nishinomiya,Hyogo,34.6077,135.1083,Delivered,NO,21.30,Ambient,RFID-KZ-0063,YES,2.54,Low Risk,97.46,Excellent,None,2026-05-11 18:13:26,2026-05-14 17:45:26,2026-05-14 17:45:26,"May 10-16, 2026",135.19,71.53,0,1,1,0,0,0,1,PKG063,6,"PKG063 | Delivered | Nishinomiya, Hyogo | 21.30°C | Delivered"
PKG064,KZJP2026000064,1,Order Placed,Order Placed,2026-05-06 19:57:48,"Monbetsu, Hokkaido",Monbetsu,Hokkaido,43.435,141.4992,4.24,Cool,99.05,0.95,YES,"Monbetsu, Hokkaido",Monbetsu,Hokkaido,43.435,141.4992,"Narita, Chiba",Narita,Chiba,35.7221,140.0714,Delivered,YES,3.60,Cool,RFID-KZ-0064,YES,2.61,Low Risk,97.39,Excellent,None,2026-05-06 19:57:48,2026-05-10 04:24:48,2026-05-10 04:24:48,"May 3-9, 2026",866.28,80.45,1,0,0,0,0,1,1,PKG064,1,"PKG064 | Order Placed | Monbetsu, Hokkaido | 4.24°C | Order Placed"
PKG064,KZJP2026000064,2,Picked Up,Picked Up,2026-05-07 02:23:57,"Origin Pickup Scan - Rumoi, Hokkaido",Rumoi,Hokkaido,42.731396,141.418791,2.19,Cool,97.38,2.62,YES,"Monbetsu, Hokkaido",Monbetsu,Hokkaido,43.435,141.4992,"Narita, Chiba",Narita,Chiba,35.7221,140.0714,Delivered,YES,3.60,Cool,RFID-KZ-0064,YES,2.61,Low Risk,97.39,Excellent,None,2026-05-06 19:57:48,2026-05-10 04:24:48,2026-05-10 04:24:48,"May 3-9, 2026",866.28,80.45,0,0,0,0,0,0,1,PKG064,2,"PKG064 | Picked Up | Origin Pickup Scan - Rumoi, Hokkaido | 2.19°C | Picked Up"
PKG064,KZJP2026000064,3,Departed Origin Hub,In Transit,2026-05-07 16:04:33,"Regional Sorting Hub - Tsugaru, Aomori",Tsugaru,Aomori,41.274549,141.063469,2.71,Cool,97.24,2.76,YES,"Monbetsu, Hokkaido",Monbetsu,Hokkaido,43.435,141.4992,"Narita, Chiba",Narita,Chiba,35.7221,140.0714,Delivered,YES,3.60,Cool,RFID-KZ-0064,YES,2.61,Low Risk,97.39,Excellent,None,2026-05-06 19:57:48,2026-05-10 04:24:48,2026-05-10 04:24:48,"May 3-9, 2026",866.28,80.45,0,0,0,0,0,0,1,PKG064,3,"PKG064 | Departed Origin Hub | Regional Sorting Hub - Tsugaru, Aomori | 2.71°C | In Transit"
PKG064,KZJP2026000064,4,In Transit Hub Scan,In Transit,2026-05-08 12:11:18,"Transit Hub Scan - Hachimantai, Iwate",Hachimantai,Iwate,39.557628,140.914159,2.98,Cool,98.37,1.63,YES,"Monbetsu, Hokkaido",Monbetsu,Hokkaido,43.435,141.4992,"Narita, Chiba",Narita,Chiba,35.7221,140.0714,Delivered,YES,3.60,Cool,RFID-KZ-0064,YES,2.61,Low Risk,97.39,Excellent,None,2026-05-06 19:57:48,2026-05-10 04:24:48,2026-05-10 04:24:48,"May 3-9, 2026",866.28,80.45,0,0,0,0,0,0,1,PKG064,4,"PKG064 | In Transit Hub Scan | Transit Hub Scan - Hachimantai, Iwate | 2.98°C | In Transit"
PKG064,KZJP2026000064,5,Out for Delivery,Out for Delivery,2026-05-09 10:42:51,"Destination Area Scan - Tamura, Fukushima",Tamura,Fukushima,37.499431,140.399865,2.94,Cool,97.32,2.68,YES,"Monbetsu, Hokkaido",Monbetsu,Hokkaido,43.435,141.4992,"Narita, Chiba",Narita,Chiba,35.7221,140.0714,Delivered,YES,3.60,Cool,RFID-KZ-0064,YES,2.61,Low Risk,97.39,Excellent,None,2026-05-06 19:57:48,2026-05-10 04:24:48,2026-05-10 04:24:48,"May 3-9, 2026",866.28,80.45,0,0,0,0,0,0,1,PKG064,5,"PKG064 | Out for Delivery | Destination Area Scan - Tamura, Fukushima | 2.94°C | Out for Delivery"
PKG064,KZJP2026000064,6,Delivered,Delivered,2026-05-10 04:24:48,"Narita, Chiba",Narita,Chiba,35.7221,140.0714,3.60,Cool,97.39,2.61,YES,"Monbetsu, Hokkaido",Monbetsu,Hokkaido,43.435,141.4992,"Narita, Chiba",Narita,Chiba,35.7221,140.0714,Delivered,YES,3.60,Cool,RFID-KZ-0064,YES,2.61,Low Risk,97.39,Excellent,None,2026-05-06 19:57:48,2026-05-10 04:24:48,2026-05-10 04:24:48,"May 3-9, 2026",866.28,80.45,0,1,1,0,0,0,1,PKG064,6,"PKG064 | Delivered | Narita, Chiba | 3.60°C | Delivered"
PKG065,KZJP2026000065,1,Order Placed,Order Placed,2026-05-02 14:05:37,"Motomiya, Fukushima",Motomiya,Fukushima,37.7005,140.3585,16.61,Ambient,99.22,0.78,YES,"Motomiya, Fukushima",Motomiya,Fukushima,37.7005,140.3585,"Iwanuma, Miyagi",Iwanuma,Miyagi,38.371,140.935,Delivered,NO,21.80,Ambient,RFID-KZ-0065,YES,1.32,Low Risk,98.68,Excellent,None,2026-05-02 14:05:37,2026-05-04 22:07:37,2026-05-04 22:07:37,Other,90.04,56.03,1,0,0,0,0,0,1,PKG065,1,"PKG065 | Order Placed | Motomiya, Fukushima | 16.61°C | Order Placed"
PKG065,KZJP2026000065,2,Picked Up,Picked Up,2026-05-02 18:34:34,"Origin Pickup Scan - Iwaki, Fukushima",Iwaki,Fukushima,37.752165,140.391768,20.61,Ambient,100.00,0.00,YES,"Motomiya, Fukushima",Motomiya,Fukushima,37.7005,140.3585,"Iwanuma, Miyagi",Iwanuma,Miyagi,38.371,140.935,Delivered,NO,21.80,Ambient,RFID-KZ-0065,YES,1.32,Low Risk,98.68,Excellent,None,2026-05-02 14:05:37,2026-05-04 22:07:37,2026-05-04 22:07:37,Other,90.04,56.03,0,0,0,0,0,0,1,PKG065,2,"PKG065 | Picked Up | Origin Pickup Scan - Iwaki, Fukushima | 20.61°C | Picked Up"
PKG065,KZJP2026000065,3,Departed Origin Hub,In Transit,2026-05-03 04:06:07,"Regional Sorting Hub - Minamisoma, Fukushima",Minamisoma,Fukushima,37.866172,140.451599,20.00,Ambient,99.41,0.59,YES,"Motomiya, Fukushima",Motomiya,Fukushima,37.7005,140.3585,"Iwanuma, Miyagi",Iwanuma,Miyagi,38.371,140.935,Delivered,NO,21.80,Ambient,RFID-KZ-0065,YES,1.32,Low Risk,98.68,Excellent,None,2026-05-02 14:05:37,2026-05-04 22:07:37,2026-05-04 22:07:37,Other,90.04,56.03,0,0,0,0,0,0,1,PKG065,3,"PKG065 | Departed Origin Hub | Regional Sorting Hub - Minamisoma, Fukushima | 20.00°C | In Transit"
PKG065,KZJP2026000065,4,In Transit Hub Scan,In Transit,2026-05-03 18:06:37,"Transit Hub Scan - Shiroishi, Miyagi",Shiroishi,Miyagi,38.114477,140.712174,19.12,Ambient,98.44,1.56,YES,"Motomiya, Fukushima",Motomiya,Fukushima,37.7005,140.3585,"Iwanuma, Miyagi",Iwanuma,Miyagi,38.371,140.935,Delivered,NO,21.80,Ambient,RFID-KZ-0065,YES,1.32,Low Risk,98.68,Excellent,None,2026-05-02 14:05:37,2026-05-04 22:07:37,2026-05-04 22:07:37,Other,90.04,56.03,0,0,0,0,0,0,1,PKG065,4,"PKG065 | In Transit Hub Scan | Transit Hub Scan - Shiroishi, Miyagi | 19.12°C | In Transit"
PKG065,KZJP2026000065,5,Out for Delivery,Out for Delivery,2026-05-04 09:47:58,"Destination Area Scan - Higashimatsushima, Miyagi",Higashimatsushima,Miyagi,38.240054,140.771532,20.12,Ambient,98.79,1.21,YES,"Motomiya, Fukushima",Motomiya,Fukushima,37.7005,140.3585,"Iwanuma, Miyagi",Iwanuma,Miyagi,38.371,140.935,Delivered,NO,21.80,Ambient,RFID-KZ-0065,YES,1.32,Low Risk,98.68,Excellent,None,2026-05-02 14:05:37,2026-05-04 22:07:37,2026-05-04 22:07:37,Other,90.04,56.03,0,0,0,0,0,0,1,PKG065,5,"PKG065 | Out for Delivery | Destination Area Scan - Higashimatsushima, Miyagi | 20.12°C | Out for Delivery"
PKG065,KZJP2026000065,6,Delivered,Delivered,2026-05-04 22:07:37,"Iwanuma, Miyagi",Iwanuma,Miyagi,38.371,140.935,21.80,Ambient,98.68,1.32,YES,"Motomiya, Fukushima",Motomiya,Fukushima,37.7005,140.3585,"Iwanuma, Miyagi",Iwanuma,Miyagi,38.371,140.935,Delivered,NO,21.80,Ambient,RFID-KZ-0065,YES,1.32,Low Risk,98.68,Excellent,None,2026-05-02 14:05:37,2026-05-04 22:07:37,2026-05-04 22:07:37,Other,90.04,56.03,0,1,1,0,0,0,1,PKG065,6,"PKG065 | Delivered | Iwanuma, Miyagi | 21.80°C | Delivered"
PKG066,KZJP2026000066,1,Order Placed,Order Placed,2026-05-16 09:28:30,"Toride, Ibaraki",Toride,Ibaraki,36.2394,140.51,9.32,Cool,76.04,23.96,YES,"Toride, Ibaraki",Toride,Ibaraki,36.2394,140.51,"Shibata, Niigata",Shibata,Niigata,37.7963,139.0409,Not Delivered,YES,8.50,Ambient,RFID-KZ-0066,YES,25.24,High Risk,74.76,At Risk,Route exception required manual review,2026-05-16 09:28:30,2026-05-20 14:37:30,2026-05-20 06:37:30,"May 10-16, 2026",216.75,101.15,1,0,0,0,0,1,1,PKG066,1,"PKG066 | Order Placed | Toride, Ibaraki | 9.32°C | Order Placed"
PKG066,KZJP2026000066,2,Picked Up,Picked Up,2026-05-16 16:55:37,"Origin Pickup Scan - Itako, Ibaraki",Itako,Ibaraki,36.333668,140.339758,6.44,Cool,74.83,25.17,YES,"Toride, Ibaraki",Toride,Ibaraki,36.2394,140.51,"Shibata, Niigata",Shibata,Niigata,37.7963,139.0409,Not Delivered,YES,8.50,Ambient,RFID-KZ-0066,YES,25.24,High Risk,74.76,At Risk,Route exception required manual review,2026-05-16 09:28:30,2026-05-20 14:37:30,2026-05-20 06:37:30,"May 10-16, 2026",216.75,101.15,0,0,0,0,0,0,1,PKG066,2,"PKG066 | Picked Up | Origin Pickup Scan - Itako, Ibaraki | 6.44°C | Picked Up"
PKG066,KZJP2026000066,3,Departed Origin Hub,In Transit,2026-05-17 08:45:45,"Regional Sorting Hub - Mooka, Tochigi",Mooka,Tochigi,36.611511,140.11518,7.99,Cool,74.11,25.89,YES,"Toride, Ibaraki",Toride,Ibaraki,36.2394,140.51,"Shibata, Niigata",Shibata,Niigata,37.7963,139.0409,Not Delivered,YES,8.50,Ambient,RFID-KZ-0066,YES,25.24,High Risk,74.76,At Risk,Route exception required manual review,2026-05-16 09:28:30,2026-05-20 14:37:30,2026-05-20 06:37:30,"May 10-16, 2026",216.75,101.15,0,0,0,0,0,0,1,PKG066,3,"PKG066 | Departed Origin Hub | Regional Sorting Hub - Mooka, Tochigi | 7.99°C | In Transit"
PKG066,KZJP2026000066,4,In Transit Hub Scan,In Transit,2026-05-18 08:03:00,"Transit Hub Scan - Yaita, Tochigi",Yaita,Tochigi,36.90508,139.837334,8.65,Cool,73.93,26.07,YES,"Toride, Ibaraki",Toride,Ibaraki,36.2394,140.51,"Shibata, Niigata",Shibata,Niigata,37.7963,139.0409,Not Delivered,YES,8.50,Ambient,RFID-KZ-0066,YES,25.24,High Risk,74.76,At Risk,Route exception required manual review,2026-05-16 09:28:30,2026-05-20 14:37:30,2026-05-20 06:37:30,"May 10-16, 2026",216.75,101.15,0,0,0,0,0,0,1,PKG066,4,"PKG066 | In Transit Hub Scan | Transit Hub Scan - Yaita, Tochigi | 8.65°C | In Transit"
PKG066,KZJP2026000066,5,Out for Delivery,Out for Delivery,2026-05-19 10:07:55,"Destination Area Scan - Myoko, Niigata",Myoko,Niigata,37.565501,139.274766,8.06,Cool,72.67,27.33,YES,"Toride, Ibaraki",Toride,Ibaraki,36.2394,140.51,"Shibata, Niigata",Shibata,Niigata,37.7963,139.0409,Not Delivered,YES,8.50,Ambient,RFID-KZ-0066,YES,25.24,High Risk,74.76,At Risk,Route exception required manual review,2026-05-16 09:28:30,2026-05-20 14:37:30,2026-05-20 06:37:30,"May 10-16, 2026",216.75,101.15,0,0,0,0,0,0,1,PKG066,5,"PKG066 | Out for Delivery | Destination Area Scan - Myoko, Niigata | 8.06°C | Out for Delivery"
PKG066,KZJP2026000066,6,Not Delivered,Not Delivered,2026-05-20 06:37:30,"Shibata Exception Hub, Niigata",Shibata,Niigata,37.83296,139.047832,8.50,Ambient,74.76,25.24,YES,"Toride, Ibaraki",Toride,Ibaraki,36.2394,140.51,"Shibata, Niigata",Shibata,Niigata,37.7963,139.0409,Not Delivered,YES,8.50,Ambient,RFID-KZ-0066,YES,25.24,High Risk,74.76,At Risk,Route exception required manual review,2026-05-16 09:28:30,2026-05-20 14:37:30,2026-05-20 06:37:30,"May 10-16, 2026",216.75,101.15,0,1,0,0,1,0,1,PKG066,6,"PKG066 | Not Delivered | Shibata Exception Hub, Niigata | 8.50°C | Not Delivered"
PKG067,KZJP2026000067,1,Order Placed,Order Placed,2026-05-19 08:36:22,"Nishio, Aichi",Nishio,Aichi,35.0794,136.9696,4.75,Cool,99.78,0.22,YES,"Nishio, Aichi",Nishio,Aichi,35.0794,136.9696,"Toyooka, Hyogo",Toyooka,Hyogo,34.805,135.1604,Delivered,YES,8.30,Ambient,RFID-KZ-0067,YES,0.18,Low Risk,99.82,Excellent,None,2026-05-19 08:36:22,2026-05-22 04:48:22,2026-05-22 04:48:22,Other,167.70,68.20,1,0,0,0,0,1,1,PKG067,1,"PKG067 | Order Placed | Nishio, Aichi | 4.75°C | Order Placed"
PKG067,KZJP2026000067,2,Picked Up,Picked Up,2026-05-19 14:03:44,"Origin Pickup Scan - Anjo, Aichi",Anjo,Aichi,35.032066,136.859652,7.97,Cool,99.40,0.60,YES,"Nishio, Aichi",Nishio,Aichi,35.0794,136.9696,"Toyooka, Hyogo",Toyooka,Hyogo,34.805,135.1604,Delivered,YES,8.30,Ambient,RFID-KZ-0067,YES,0.18,Low Risk,99.82,Excellent,None,2026-05-19 08:36:22,2026-05-22 04:48:22,2026-05-22 04:48:22,Other,167.70,68.20,0,0,0,0,0,0,1,PKG067,2,"PKG067 | Picked Up | Origin Pickup Scan - Anjo, Aichi | 7.97°C | Picked Up"
PKG067,KZJP2026000067,3,Departed Origin Hub,In Transit,2026-05-20 01:39:22,"Regional Sorting Hub - Yokkaichi, Mie",Yokkaichi,Mie,34.947263,136.517095,8.40,Cool,99.70,0.30,YES,"Nishio, Aichi",Nishio,Aichi,35.0794,136.9696,"Toyooka, Hyogo",Toyooka,Hyogo,34.805,135.1604,Delivered,YES,8.30,Ambient,RFID-KZ-0067,YES,0.18,Low Risk,99.82,Excellent,None,2026-05-19 08:36:22,2026-05-22 04:48:22,2026-05-22 04:48:22,Other,167.70,68.20,0,0,0,0,0,0,1,PKG067,3,"PKG067 | Departed Origin Hub | Regional Sorting Hub - Yokkaichi, Mie | 8.40°C | In Transit"
PKG067,KZJP2026000067,4,In Transit Hub Scan,In Transit,2026-05-20 18:42:22,"Transit Hub Scan - Koka, Shiga",Koka,Shiga,34.988951,136.045401,7.61,Cool,99.85,0.15,YES,"Nishio, Aichi",Nishio,Aichi,35.0794,136.9696,"Toyooka, Hyogo",Toyooka,Hyogo,34.805,135.1604,Delivered,YES,8.30,Ambient,RFID-KZ-0067,YES,0.18,Low Risk,99.82,Excellent,None,2026-05-19 08:36:22,2026-05-22 04:48:22,2026-05-22 04:48:22,Other,167.70,68.20,0,0,0,0,0,0,1,PKG067,4,"PKG067 | In Transit Hub Scan | Transit Hub Scan - Koka, Shiga | 7.61°C | In Transit"
PKG067,KZJP2026000067,5,Out for Delivery,Out for Delivery,2026-05-21 13:48:08,"Destination Area Scan - Kadoma, Osaka",Kadoma,Osaka,34.85743,135.575997,9.23,Cool,99.90,0.10,YES,"Nishio, Aichi",Nishio,Aichi,35.0794,136.9696,"Toyooka, Hyogo",Toyooka,Hyogo,34.805,135.1604,Delivered,YES,8.30,Ambient,RFID-KZ-0067,YES,0.18,Low Risk,99.82,Excellent,None,2026-05-19 08:36:22,2026-05-22 04:48:22,2026-05-22 04:48:22,Other,167.70,68.20,0,0,0,0,0,0,1,PKG067,5,"PKG067 | Out for Delivery | Destination Area Scan - Kadoma, Osaka | 9.23°C | Out for Delivery"
PKG067,KZJP2026000067,6,Delivered,Delivered,2026-05-22 04:48:22,"Toyooka, Hyogo",Toyooka,Hyogo,34.805,135.1604,8.30,Ambient,99.82,0.18,YES,"Nishio, Aichi",Nishio,Aichi,35.0794,136.9696,"Toyooka, Hyogo",Toyooka,Hyogo,34.805,135.1604,Delivered,YES,8.30,Ambient,RFID-KZ-0067,YES,0.18,Low Risk,99.82,Excellent,None,2026-05-19 08:36:22,2026-05-22 04:48:22,2026-05-22 04:48:22,Other,167.70,68.20,0,1,1,0,0,0,1,PKG067,6,"PKG067 | Delivered | Toyooka, Hyogo | 8.30°C | Delivered"
PKG068,KZJP2026000068,1,Order Placed,Order Placed,2026-05-06 16:24:59,"Nagai, Yamagata",Nagai,Yamagata,38.3427,140.4264,20.69,Ambient,97.28,2.72,YES,"Nagai, Yamagata",Nagai,Yamagata,38.3427,140.4264,"Yashio, Saitama",Yashio,Saitama,35.8635,139.7656,Delivered,NO,23.70,Ambient,RFID-KZ-0068,YES,2.99,Low Risk,97.01,Excellent,None,2026-05-06 16:24:59,2026-05-08 14:58:59,2026-05-08 14:58:59,"May 3-9, 2026",281.83,46.57,1,0,0,0,0,0,1,PKG068,1,"PKG068 | Order Placed | Nagai, Yamagata | 20.69°C | Order Placed"
PKG068,KZJP2026000068,2,Picked Up,Picked Up,2026-05-06 20:08:30,"Origin Pickup Scan - Nan'yo, Yamagata",Nan'yo,Yamagata,38.123157,140.333098,23.67,Ambient,97.84,2.16,YES,"Nagai, Yamagata",Nagai,Yamagata,38.3427,140.4264,"Yashio, Saitama",Yashio,Saitama,35.8635,139.7656,Delivered,NO,23.70,Ambient,RFID-KZ-0068,YES,2.99,Low Risk,97.01,Excellent,None,2026-05-06 16:24:59,2026-05-08 14:58:59,2026-05-08 14:58:59,"May 3-9, 2026",281.83,46.57,0,0,0,0,0,0,1,PKG068,2,"PKG068 | Picked Up | Origin Pickup Scan - Nan'yo, Yamagata | 23.67°C | Picked Up"
PKG068,KZJP2026000068,3,Departed Origin Hub,In Transit,2026-05-07 04:03:29,"Regional Sorting Hub - Iwaki, Fukushima",Iwaki,Fukushima,37.774618,140.311742,20.81,Ambient,97.23,2.77,YES,"Nagai, Yamagata",Nagai,Yamagata,38.3427,140.4264,"Yashio, Saitama",Yashio,Saitama,35.8635,139.7656,Delivered,NO,23.70,Ambient,RFID-KZ-0068,YES,2.99,Low Risk,97.01,Excellent,None,2026-05-06 16:24:59,2026-05-08 14:58:59,2026-05-08 14:58:59,"May 3-9, 2026",281.83,46.57,0,0,0,0,0,0,1,PKG068,3,"PKG068 | Departed Origin Hub | Regional Sorting Hub - Iwaki, Fukushima | 20.81°C | In Transit"
PKG068,KZJP2026000068,4,In Transit Hub Scan,In Transit,2026-05-07 15:41:59,"Transit Hub Scan - Otawara, Tochigi",Otawara,Tochigi,36.946854,140.077064,19.49,Ambient,97.30,2.70,YES,"Nagai, Yamagata",Nagai,Yamagata,38.3427,140.4264,"Yashio, Saitama",Yashio,Saitama,35.8635,139.7656,Delivered,NO,23.70,Ambient,RFID-KZ-0068,YES,2.99,Low Risk,97.01,Excellent,None,2026-05-06 16:24:59,2026-05-08 14:58:59,2026-05-08 14:58:59,"May 3-9, 2026",281.83,46.57,0,0,0,0,0,0,1,PKG068,4,"PKG068 | In Transit Hub Scan | Transit Hub Scan - Otawara, Tochigi | 19.49°C | In Transit"
PKG068,KZJP2026000068,5,Out for Delivery,Out for Delivery,2026-05-08 04:44:18,"Destination Area Scan - Nikko, Tochigi",Nikko,Tochigi,36.419881,139.883025,24.37,Ambient,96.97,3.03,YES,"Nagai, Yamagata",Nagai,Yamagata,38.3427,140.4264,"Yashio, Saitama",Yashio,Saitama,35.8635,139.7656,Delivered,NO,23.70,Ambient,RFID-KZ-0068,YES,2.99,Low Risk,97.01,Excellent,None,2026-05-06 16:24:59,2026-05-08 14:58:59,2026-05-08 14:58:59,"May 3-9, 2026",281.83,46.57,0,0,0,0,0,0,1,PKG068,5,"PKG068 | Out for Delivery | Destination Area Scan - Nikko, Tochigi | 24.37°C | Out for Delivery"
PKG068,KZJP2026000068,6,Delivered,Delivered,2026-05-08 14:58:59,"Yashio, Saitama",Yashio,Saitama,35.8635,139.7656,23.70,Ambient,97.01,2.99,YES,"Nagai, Yamagata",Nagai,Yamagata,38.3427,140.4264,"Yashio, Saitama",Yashio,Saitama,35.8635,139.7656,Delivered,NO,23.70,Ambient,RFID-KZ-0068,YES,2.99,Low Risk,97.01,Excellent,None,2026-05-06 16:24:59,2026-05-08 14:58:59,2026-05-08 14:58:59,"May 3-9, 2026",281.83,46.57,0,1,1,0,0,0,1,PKG068,6,"PKG068 | Delivered | Yashio, Saitama | 23.70°C | Delivered"
PKG069,KZJP2026000069,1,Order Placed,Order Placed,2026-05-15 15:03:33,"Dazaifu, Fukuoka",Dazaifu,Fukuoka,33.4931,130.3311,22.97,Ambient,99.24,0.76,YES,"Dazaifu, Fukuoka",Dazaifu,Fukuoka,33.4931,130.3311,"Nara, Nara",Nara,Nara,34.7426,135.938,Delivered,NO,24.50,Ambient,RFID-KZ-0069,YES,1.98,Low Risk,98.02,Excellent,None,2026-05-15 15:03:33,2026-05-16 14:09:33,2026-05-16 14:09:33,"May 10-16, 2026",534.44,23.10,1,0,0,0,0,0,1,PKG069,1,"PKG069 | Order Placed | Dazaifu, Fukuoka | 22.97°C | Order Placed"
PKG069,KZJP2026000069,2,Picked Up,Picked Up,2026-05-15 16:54:25,"Origin Pickup Scan - Yanagawa, Fukuoka",Yanagawa,Fukuoka,33.599575,130.720902,26.90,Danger Zone,99.32,0.68,YES,"Dazaifu, Fukuoka",Dazaifu,Fukuoka,33.4931,130.3311,"Nara, Nara",Nara,Nara,34.7426,135.938,Delivered,NO,24.50,Ambient,RFID-KZ-0069,YES,1.98,Low Risk,98.02,Excellent,None,2026-05-15 15:03:33,2026-05-16 14:09:33,2026-05-16 14:09:33,"May 10-16, 2026",534.44,23.10,0,0,0,0,0,0,1,PKG069,2,"PKG069 | Picked Up | Origin Pickup Scan - Yanagawa, Fukuoka | 26.90°C | Picked Up"
PKG069,KZJP2026000069,3,Departed Origin Hub,In Transit,2026-05-15 20:50:03,"Regional Sorting Hub - Kudamatsu, Yamaguchi",Kudamatsu,Yamaguchi,33.907692,131.685008,24.13,Ambient,98.01,1.99,YES,"Dazaifu, Fukuoka",Dazaifu,Fukuoka,33.4931,130.3311,"Nara, Nara",Nara,Nara,34.7426,135.938,Delivered,NO,24.50,Ambient,RFID-KZ-0069,YES,1.98,Low Risk,98.02,Excellent,None,2026-05-15 15:03:33,2026-05-16 14:09:33,2026-05-16 14:09:33,"May 10-16, 2026",534.44,23.10,0,0,0,0,0,0,1,PKG069,3,"PKG069 | Departed Origin Hub | Regional Sorting Hub - Kudamatsu, Yamaguchi | 24.13°C | In Transit"
PKG069,KZJP2026000069,4,In Transit Hub Scan,In Transit,2026-05-16 02:36:33,"Transit Hub Scan - Matsuyama, Ehime",Matsuyama,Ehime,34.016278,133.052017,24.66,Ambient,98.43,1.57,YES,"Dazaifu, Fukuoka",Dazaifu,Fukuoka,33.4931,130.3311,"Nara, Nara",Nara,Nara,34.7426,135.938,Delivered,NO,24.50,Ambient,RFID-KZ-0069,YES,1.98,Low Risk,98.02,Excellent,None,2026-05-15 15:03:33,2026-05-16 14:09:33,2026-05-16 14:09:33,"May 10-16, 2026",534.44,23.10,0,0,0,0,0,0,1,PKG069,4,"PKG069 | In Transit Hub Scan | Transit Hub Scan - Matsuyama, Ehime | 24.66°C | In Transit"
PKG069,KZJP2026000069,5,Out for Delivery,Out for Delivery,2026-05-16 09:04:37,"Destination Area Scan - Naruto, Tokushima",Naruto,Tokushima,34.365624,134.685159,23.09,Ambient,98.17,1.83,YES,"Dazaifu, Fukuoka",Dazaifu,Fukuoka,33.4931,130.3311,"Nara, Nara",Nara,Nara,34.7426,135.938,Delivered,NO,24.50,Ambient,RFID-KZ-0069,YES,1.98,Low Risk,98.02,Excellent,None,2026-05-15 15:03:33,2026-05-16 14:09:33,2026-05-16 14:09:33,"May 10-16, 2026",534.44,23.10,0,0,0,0,0,0,1,PKG069,5,"PKG069 | Out for Delivery | Destination Area Scan - Naruto, Tokushima | 23.09°C | Out for Delivery"
PKG069,KZJP2026000069,6,Delivered,Delivered,2026-05-16 14:09:33,"Nara, Nara",Nara,Nara,34.7426,135.938,24.50,Ambient,98.02,1.98,YES,"Dazaifu, Fukuoka",Dazaifu,Fukuoka,33.4931,130.3311,"Nara, Nara",Nara,Nara,34.7426,135.938,Delivered,NO,24.50,Ambient,RFID-KZ-0069,YES,1.98,Low Risk,98.02,Excellent,None,2026-05-15 15:03:33,2026-05-16 14:09:33,2026-05-16 14:09:33,"May 10-16, 2026",534.44,23.10,0,1,1,0,0,0,1,PKG069,6,"PKG069 | Delivered | Nara, Nara | 24.50°C | Delivered"
PKG070,KZJP2026000070,1,Order Placed,Order Placed,2026-05-05 10:49:53,"Imabari, Ehime",Imabari,Ehime,33.9563,132.7919,24.01,Ambient,99.42,0.58,YES,"Imabari, Ehime",Imabari,Ehime,33.9563,132.7919,"Higashihiroshima, Hiroshima",Higashihiroshima,Hiroshima,34.2894,132.5151,Delivered,NO,23.20,Ambient,RFID-KZ-0070,YES,1.29,Low Risk,98.71,Excellent,None,2026-05-05 10:49:53,2026-05-07 01:09:53,2026-05-07 01:09:53,"May 3-9, 2026",44.96,38.33,1,0,0,0,0,0,1,PKG070,1,"PKG070 | Order Placed | Imabari, Ehime | 24.01°C | Order Placed"
PKG070,KZJP2026000070,2,Picked Up,Picked Up,2026-05-05 13:53:53,"Origin Pickup Scan - Shikokuchuo, Ehime",Shikokuchuo,Ehime,33.929397,132.821187,22.83,Ambient,99.75,0.25,YES,"Imabari, Ehime",Imabari,Ehime,33.9563,132.7919,"Higashihiroshima, Hiroshima",Higashihiroshima,Hiroshima,34.2894,132.5151,Delivered,NO,23.20,Ambient,RFID-KZ-0070,YES,1.29,Low Risk,98.71,Excellent,None,2026-05-05 10:49:53,2026-05-07 01:09:53,2026-05-07 01:09:53,"May 3-9, 2026",44.96,38.33,0,0,0,0,0,0,1,PKG070,2,"PKG070 | Picked Up | Origin Pickup Scan - Shikokuchuo, Ehime | 22.83°C | Picked Up"
PKG070,KZJP2026000070,3,Departed Origin Hub,In Transit,2026-05-05 20:24:53,"Regional Sorting Hub - Imabari, Ehime",Imabari,Ehime,34.007823,132.775081,23.28,Ambient,99.51,0.49,YES,"Imabari, Ehime",Imabari,Ehime,33.9563,132.7919,"Higashihiroshima, Hiroshima",Higashihiroshima,Hiroshima,34.2894,132.5151,Delivered,NO,23.20,Ambient,RFID-KZ-0070,YES,1.29,Low Risk,98.71,Excellent,None,2026-05-05 10:49:53,2026-05-07 01:09:53,2026-05-07 01:09:53,"May 3-9, 2026",44.96,38.33,0,0,0,0,0,0,1,PKG070,3,"PKG070 | Departed Origin Hub | Regional Sorting Hub - Imabari, Ehime | 23.28°C | In Transit"
PKG070,KZJP2026000070,4,In Transit Hub Scan,In Transit,2026-05-06 05:59:53,"Transit Hub Scan - Uwajima, Ehime",Uwajima,Ehime,34.021249,132.654389,20.75,Ambient,99.33,0.67,YES,"Imabari, Ehime",Imabari,Ehime,33.9563,132.7919,"Higashihiroshima, Hiroshima",Higashihiroshima,Hiroshima,34.2894,132.5151,Delivered,NO,23.20,Ambient,RFID-KZ-0070,YES,1.29,Low Risk,98.71,Excellent,None,2026-05-05 10:49:53,2026-05-07 01:09:53,2026-05-07 01:09:53,"May 3-9, 2026",44.96,38.33,0,0,0,0,0,0,1,PKG070,4,"PKG070 | In Transit Hub Scan | Transit Hub Scan - Uwajima, Ehime | 20.75°C | In Transit"
PKG070,KZJP2026000070,5,Out for Delivery,Out for Delivery,2026-05-06 16:43:53,"Destination Area Scan - Higashihiroshima, Hiroshima",Higashihiroshima,Hiroshima,34.241886,132.555751,21.17,Ambient,98.93,1.07,YES,"Imabari, Ehime",Imabari,Ehime,33.9563,132.7919,"Higashihiroshima, Hiroshima",Higashihiroshima,Hiroshima,34.2894,132.5151,Delivered,NO,23.20,Ambient,RFID-KZ-0070,YES,1.29,Low Risk,98.71,Excellent,None,2026-05-05 10:49:53,2026-05-07 01:09:53,2026-05-07 01:09:53,"May 3-9, 2026",44.96,38.33,0,0,0,0,0,0,1,PKG070,5,"PKG070 | Out for Delivery | Destination Area Scan - Higashihiroshima, Hiroshima | 21.17°C | Out for Delivery"
PKG070,KZJP2026000070,6,Delivered,Delivered,2026-05-07 01:09:53,"Higashihiroshima, Hiroshima",Higashihiroshima,Hiroshima,34.2894,132.5151,23.20,Ambient,98.71,1.29,YES,"Imabari, Ehime",Imabari,Ehime,33.9563,132.7919,"Higashihiroshima, Hiroshima",Higashihiroshima,Hiroshima,34.2894,132.5151,Delivered,NO,23.20,Ambient,RFID-KZ-0070,YES,1.29,Low Risk,98.71,Excellent,None,2026-05-05 10:49:53,2026-05-07 01:09:53,2026-05-07 01:09:53,"May 3-9, 2026",44.96,38.33,0,1,1,0,0,0,1,PKG070,6,"PKG070 | Delivered | Higashihiroshima, Hiroshima | 23.20°C | Delivered"
PKG071,KZJP2026000071,1,Order Placed,Order Placed,2026-05-19 13:42:24,"Mihara, Hiroshima",Mihara,Hiroshima,34.4024,132.3324,14.70,Ambient,98.16,1.84,YES,"Mihara, Hiroshima",Mihara,Hiroshima,34.4024,132.3324,"Nemuro, Hokkaido",Nemuro,Hokkaido,43.417,141.1698,Delivered,NO,17.40,Ambient,RFID-KZ-0071,YES,2.50,Low Risk,97.50,Excellent,None,2026-05-19 13:42:24,2026-05-23 00:08:24,2026-05-23 00:08:24,Other,1259.14,82.43,1,0,0,0,0,0,1,PKG071,1,"PKG071 | Order Placed | Mihara, Hiroshima | 14.70°C | Order Placed"
PKG071,KZJP2026000071,2,Picked Up,Picked Up,2026-05-19 20:18:04,"Origin Pickup Scan - Yasugi, Shimane",Yasugi,Shimane,35.204358,133.038196,14.81,Ambient,98.57,1.43,YES,"Mihara, Hiroshima",Mihara,Hiroshima,34.4024,132.3324,"Nemuro, Hokkaido",Nemuro,Hokkaido,43.417,141.1698,Delivered,NO,17.40,Ambient,RFID-KZ-0071,YES,2.50,Low Risk,97.50,Excellent,None,2026-05-19 13:42:24,2026-05-23 00:08:24,2026-05-23 00:08:24,Other,1259.14,82.43,0,0,0,0,0,0,1,PKG071,2,"PKG071 | Picked Up | Origin Pickup Scan - Yasugi, Shimane | 14.81°C | Picked Up"
PKG071,KZJP2026000071,3,Departed Origin Hub,In Transit,2026-05-20 10:18:54,"Regional Sorting Hub - Yonago, Tottori",Yonago,Tottori,36.308253,134.436756,16.83,Ambient,97.95,2.05,YES,"Mihara, Hiroshima",Mihara,Hiroshima,34.4024,132.3324,"Nemuro, Hokkaido",Nemuro,Hokkaido,43.417,141.1698,Delivered,NO,17.40,Ambient,RFID-KZ-0071,YES,2.50,Low Risk,97.50,Excellent,None,2026-05-19 13:42:24,2026-05-23 00:08:24,2026-05-23 00:08:24,Other,1259.14,82.43,0,0,0,0,0,0,1,PKG071,3,"PKG071 | Departed Origin Hub | Regional Sorting Hub - Yonago, Tottori | 16.83°C | In Transit"
PKG071,KZJP2026000071,4,In Transit Hub Scan,In Transit,2026-05-21 06:55:24,"Transit Hub Scan - Imizu, Toyama",Imizu,Toyama,38.167555,136.91741,14.30,Ambient,98.12,1.88,YES,"Mihara, Hiroshima",Mihara,Hiroshima,34.4024,132.3324,"Nemuro, Hokkaido",Nemuro,Hokkaido,43.417,141.1698,Delivered,NO,17.40,Ambient,RFID-KZ-0071,YES,2.50,Low Risk,97.50,Excellent,None,2026-05-19 13:42:24,2026-05-23 00:08:24,2026-05-23 00:08:24,Other,1259.14,82.43,0,0,0,0,0,0,1,PKG071,4,"PKG071 | In Transit Hub Scan | Transit Hub Scan - Imizu, Toyama | 14.30°C | In Transit"
PKG071,KZJP2026000071,5,Out for Delivery,Out for Delivery,2026-05-22 06:00:16,"Destination Area Scan - Kuroishi, Aomori",Kuroishi,Aomori,41.231975,139.720989,15.91,Ambient,97.43,2.57,YES,"Mihara, Hiroshima",Mihara,Hiroshima,34.4024,132.3324,"Nemuro, Hokkaido",Nemuro,Hokkaido,43.417,141.1698,Delivered,NO,17.40,Ambient,RFID-KZ-0071,YES,2.50,Low Risk,97.50,Excellent,None,2026-05-19 13:42:24,2026-05-23 00:08:24,2026-05-23 00:08:24,Other,1259.14,82.43,0,0,0,0,0,0,1,PKG071,5,"PKG071 | Out for Delivery | Destination Area Scan - Kuroishi, Aomori | 15.91°C | Out for Delivery"
PKG071,KZJP2026000071,6,Delivered,Delivered,2026-05-23 00:08:24,"Nemuro, Hokkaido",Nemuro,Hokkaido,43.417,141.1698,17.40,Ambient,97.50,2.50,YES,"Mihara, Hiroshima",Mihara,Hiroshima,34.4024,132.3324,"Nemuro, Hokkaido",Nemuro,Hokkaido,43.417,141.1698,Delivered,NO,17.40,Ambient,RFID-KZ-0071,YES,2.50,Low Risk,97.50,Excellent,None,2026-05-19 13:42:24,2026-05-23 00:08:24,2026-05-23 00:08:24,Other,1259.14,82.43,0,1,1,0,0,0,1,PKG071,6,"PKG071 | Delivered | Nemuro, Hokkaido | 17.40°C | Delivered"
PKG072,KZJP2026000072,1,Order Placed,Order Placed,2026-05-07 11:47:35,"Ota, Gunma",Ota,Gunma,36.307,138.9737,16.84,Ambient,98.35,1.65,YES,"Ota, Gunma",Ota,Gunma,36.307,138.9737,"Matsue, Shimane",Matsue,Shimane,35.5256,133.1539,Delivered,NO,24.80,Ambient,RFID-KZ-0072,YES,1.94,Low Risk,98.06,Excellent,None,2026-05-07 11:47:35,2026-05-09 15:33:35,2026-05-09 15:33:35,"May 3-9, 2026",531.16,51.77,1,0,0,0,0,0,1,PKG072,1,"PKG072 | Order Placed | Ota, Gunma | 16.84°C | Order Placed"
PKG072,KZJP2026000072,2,Picked Up,Picked Up,2026-05-07 15:56:04,"Origin Pickup Scan - Shiojiri, Nagano",Shiojiri,Nagano,36.379521,138.368576,23.34,Ambient,98.33,1.67,YES,"Ota, Gunma",Ota,Gunma,36.307,138.9737,"Matsue, Shimane",Matsue,Shimane,35.5256,133.1539,Delivered,NO,24.80,Ambient,RFID-KZ-0072,YES,1.94,Low Risk,98.06,Excellent,None,2026-05-07 11:47:35,2026-05-09 15:33:35,2026-05-09 15:33:35,"May 3-9, 2026",531.16,51.77,0,0,0,0,0,0,1,PKG072,2,"PKG072 | Picked Up | Origin Pickup Scan - Shiojiri, Nagano | 23.34°C | Picked Up"
PKG072,KZJP2026000072,3,Departed Origin Hub,In Transit,2026-05-08 00:44:05,"Regional Sorting Hub - Kurobe, Toyama",Kurobe,Toyama,36.266376,137.405108,26.98,Danger Zone,98.74,1.26,YES,"Ota, Gunma",Ota,Gunma,36.307,138.9737,"Matsue, Shimane",Matsue,Shimane,35.5256,133.1539,Delivered,NO,24.80,Ambient,RFID-KZ-0072,YES,1.94,Low Risk,98.06,Excellent,None,2026-05-07 11:47:35,2026-05-09 15:33:35,2026-05-09 15:33:35,"May 3-9, 2026",531.16,51.77,0,0,0,0,0,0,1,PKG072,3,"PKG072 | Departed Origin Hub | Regional Sorting Hub - Kurobe, Toyama | 26.98°C | In Transit"
PKG072,KZJP2026000072,4,In Transit Hub Scan,In Transit,2026-05-08 13:40:35,"Transit Hub Scan - Katsuyama, Fukui",Katsuyama,Fukui,35.907519,136.070849,22.15,Ambient,97.82,2.18,YES,"Ota, Gunma",Ota,Gunma,36.307,138.9737,"Matsue, Shimane",Matsue,Shimane,35.5256,133.1539,Delivered,NO,24.80,Ambient,RFID-KZ-0072,YES,1.94,Low Risk,98.06,Excellent,None,2026-05-07 11:47:35,2026-05-09 15:33:35,2026-05-09 15:33:35,"May 3-9, 2026",531.16,51.77,0,0,0,0,0,0,1,PKG072,4,"PKG072 | In Transit Hub Scan | Transit Hub Scan - Katsuyama, Fukui | 22.15°C | In Transit"
PKG072,KZJP2026000072,5,Out for Delivery,Out for Delivery,2026-05-09 04:10:16,"Destination Area Scan - Tottori, Tottori",Tottori,Tottori,35.623625,134.44127,25.41,Danger Zone,98.64,1.36,YES,"Ota, Gunma",Ota,Gunma,36.307,138.9737,"Matsue, Shimane",Matsue,Shimane,35.5256,133.1539,Delivered,NO,24.80,Ambient,RFID-KZ-0072,YES,1.94,Low Risk,98.06,Excellent,None,2026-05-07 11:47:35,2026-05-09 15:33:35,2026-05-09 15:33:35,"May 3-9, 2026",531.16,51.77,0,0,0,0,0,0,1,PKG072,5,"PKG072 | Out for Delivery | Destination Area Scan - Tottori, Tottori | 25.41°C | Out for Delivery"
PKG072,KZJP2026000072,6,Delivered,Delivered,2026-05-09 15:33:35,"Matsue, Shimane",Matsue,Shimane,35.5256,133.1539,24.80,Ambient,98.06,1.94,YES,"Ota, Gunma",Ota,Gunma,36.307,138.9737,"Matsue, Shimane",Matsue,Shimane,35.5256,133.1539,Delivered,NO,24.80,Ambient,RFID-KZ-0072,YES,1.94,Low Risk,98.06,Excellent,None,2026-05-07 11:47:35,2026-05-09 15:33:35,2026-05-09 15:33:35,"May 3-9, 2026",531.16,51.77,0,1,1,0,0,0,1,PKG072,6,"PKG072 | Delivered | Matsue, Shimane | 24.80°C | Delivered"
PKG073,KZJP2026000073,1,Order Placed,Order Placed,2026-05-11 19:32:28,"Shinagawa, Tokyo",Shinagawa,Tokyo,35.7916,139.7548,4.77,Cool,98.49,1.51,YES,"Shinagawa, Tokyo",Shinagawa,Tokyo,35.7916,139.7548,"Kasuga, Fukuoka",Kasuga,Fukuoka,33.7101,130.4062,Delivered,YES,7.20,Cool,RFID-KZ-0073,YES,2.10,Low Risk,97.90,Excellent,None,2026-05-11 19:32:28,2026-05-14 04:54:28,2026-05-14 04:54:28,"May 10-16, 2026",884.50,57.37,1,0,0,0,0,1,1,PKG073,1,"PKG073 | Order Placed | Shinagawa, Tokyo | 4.77°C | Order Placed"
PKG073,KZJP2026000073,2,Picked Up,Picked Up,2026-05-12 00:07:50,"Origin Pickup Scan - Kai, Yamanashi",Kai,Yamanashi,35.603858,138.90636,5.17,Cool,98.86,1.14,YES,"Shinagawa, Tokyo",Shinagawa,Tokyo,35.7916,139.7548,"Kasuga, Fukuoka",Kasuga,Fukuoka,33.7101,130.4062,Delivered,YES,7.20,Cool,RFID-KZ-0073,YES,2.10,Low Risk,97.90,Excellent,None,2026-05-11 19:32:28,2026-05-14 04:54:28,2026-05-14 04:54:28,"May 10-16, 2026",884.50,57.37,0,0,0,0,0,0,1,PKG073,2,"PKG073 | Picked Up | Origin Pickup Scan - Kai, Yamanashi | 5.17°C | Picked Up"
PKG073,KZJP2026000073,3,Departed Origin Hub,In Transit,2026-05-12 09:52:58,"Regional Sorting Hub - Toyokawa, Aichi",Toyokawa,Aichi,35.22165,137.231139,6.76,Cool,98.14,1.86,YES,"Shinagawa, Tokyo",Shinagawa,Tokyo,35.7916,139.7548,"Kasuga, Fukuoka",Kasuga,Fukuoka,33.7101,130.4062,Delivered,YES,7.20,Cool,RFID-KZ-0073,YES,2.10,Low Risk,97.90,Excellent,None,2026-05-11 19:32:28,2026-05-14 04:54:28,2026-05-14 04:54:28,"May 10-16, 2026",884.50,57.37,0,0,0,0,0,0,1,PKG073,3,"PKG073 | Departed Origin Hub | Regional Sorting Hub - Toyokawa, Aichi | 6.76°C | In Transit"
PKG073,KZJP2026000073,4,In Transit Hub Scan,In Transit,2026-05-13 00:13:28,"Transit Hub Scan - Toyooka, Hyogo",Toyooka,Hyogo,34.778642,135.165181,7.61,Cool,98.47,1.53,YES,"Shinagawa, Tokyo",Shinagawa,Tokyo,35.7916,139.7548,"Kasuga, Fukuoka",Kasuga,Fukuoka,33.7101,130.4062,Delivered,YES,7.20,Cool,RFID-KZ-0073,YES,2.10,Low Risk,97.90,Excellent,None,2026-05-11 19:32:28,2026-05-14 04:54:28,2026-05-14 04:54:28,"May 10-16, 2026",884.50,57.37,0,0,0,0,0,0,1,PKG073,4,"PKG073 | In Transit Hub Scan | Transit Hub Scan - Toyooka, Hyogo | 7.61°C | In Transit"
PKG073,KZJP2026000073,5,Out for Delivery,Out for Delivery,2026-05-13 16:17:14,"Destination Area Scan - Fukuyama, Hiroshima",Fukuyama,Hiroshima,34.204107,132.479695,6.38,Cool,97.64,2.36,YES,"Shinagawa, Tokyo",Shinagawa,Tokyo,35.7916,139.7548,"Kasuga, Fukuoka",Kasuga,Fukuoka,33.7101,130.4062,Delivered,YES,7.20,Cool,RFID-KZ-0073,YES,2.10,Low Risk,97.90,Excellent,None,2026-05-11 19:32:28,2026-05-14 04:54:28,2026-05-14 04:54:28,"May 10-16, 2026",884.50,57.37,0,0,0,0,0,0,1,PKG073,5,"PKG073 | Out for Delivery | Destination Area Scan - Fukuyama, Hiroshima | 6.38°C | Out for Delivery"
PKG073,KZJP2026000073,6,Delivered,Delivered,2026-05-14 04:54:28,"Kasuga, Fukuoka",Kasuga,Fukuoka,33.7101,130.4062,7.20,Cool,97.90,2.10,YES,"Shinagawa, Tokyo",Shinagawa,Tokyo,35.7916,139.7548,"Kasuga, Fukuoka",Kasuga,Fukuoka,33.7101,130.4062,Delivered,YES,7.20,Cool,RFID-KZ-0073,YES,2.10,Low Risk,97.90,Excellent,None,2026-05-11 19:32:28,2026-05-14 04:54:28,2026-05-14 04:54:28,"May 10-16, 2026",884.50,57.37,0,1,1,0,0,0,1,PKG073,6,"PKG073 | Delivered | Kasuga, Fukuoka | 7.20°C | Delivered"
PKG074,KZJP2026000074,1,Order Placed,Order Placed,2026-05-02 11:12:53,"Toyonaka, Osaka",Toyonaka,Osaka,34.7047,135.3828,21.68,Ambient,99.25,0.75,YES,"Toyonaka, Osaka",Toyonaka,Osaka,34.7047,135.3828,"Kakogawa, Hyogo",Kakogawa,Hyogo,34.7397,135.0861,Delivered,NO,23.20,Ambient,RFID-KZ-0074,YES,1.94,Low Risk,98.06,Excellent,None,2026-05-02 11:12:53,2026-05-05 00:21:53,2026-05-05 00:21:53,Other,27.39,61.15,1,0,0,0,0,0,1,PKG074,1,"PKG074 | Order Placed | Toyonaka, Osaka | 21.68°C | Order Placed"
PKG074,KZJP2026000074,2,Picked Up,Picked Up,2026-05-02 16:06:25,"Origin Pickup Scan - Takaishi, Osaka",Takaishi,Osaka,34.718627,135.386208,24.99,Ambient,98.18,1.82,YES,"Toyonaka, Osaka",Toyonaka,Osaka,34.7047,135.3828,"Kakogawa, Hyogo",Kakogawa,Hyogo,34.7397,135.0861,Delivered,NO,23.20,Ambient,RFID-KZ-0074,YES,1.94,Low Risk,98.06,Excellent,None,2026-05-02 11:12:53,2026-05-05 00:21:53,2026-05-05 00:21:53,Other,27.39,61.15,0,0,0,0,0,0,1,PKG074,2,"PKG074 | Picked Up | Origin Pickup Scan - Takaishi, Osaka | 24.99°C | Picked Up"
PKG074,KZJP2026000074,3,Departed Origin Hub,In Transit,2026-05-03 02:30:08,"Regional Sorting Hub - Miki, Hyogo",Miki,Hyogo,34.670207,135.280361,19.78,Ambient,98.28,1.72,YES,"Toyonaka, Osaka",Toyonaka,Osaka,34.7047,135.3828,"Kakogawa, Hyogo",Kakogawa,Hyogo,34.7397,135.0861,Delivered,NO,23.20,Ambient,RFID-KZ-0074,YES,1.94,Low Risk,98.06,Excellent,None,2026-05-02 11:12:53,2026-05-05 00:21:53,2026-05-05 00:21:53,Other,27.39,61.15,0,0,0,0,0,0,1,PKG074,3,"PKG074 | Departed Origin Hub | Regional Sorting Hub - Miki, Hyogo | 19.78°C | In Transit"
PKG074,KZJP2026000074,4,In Transit Hub Scan,In Transit,2026-05-03 17:47:23,"Transit Hub Scan - Takasago, Hyogo",Takasago,Hyogo,34.749404,135.260089,21.63,Ambient,98.60,1.40,YES,"Toyonaka, Osaka",Toyonaka,Osaka,34.7047,135.3828,"Kakogawa, Hyogo",Kakogawa,Hyogo,34.7397,135.0861,Delivered,NO,23.20,Ambient,RFID-KZ-0074,YES,1.94,Low Risk,98.06,Excellent,None,2026-05-02 11:12:53,2026-05-05 00:21:53,2026-05-05 00:21:53,Other,27.39,61.15,0,0,0,0,0,0,1,PKG074,4,"PKG074 | In Transit Hub Scan | Transit Hub Scan - Takasago, Hyogo | 21.63°C | In Transit"
PKG074,KZJP2026000074,5,Out for Delivery,Out for Delivery,2026-05-04 10:54:43,"Destination Area Scan - Amagasaki, Hyogo",Amagasaki,Hyogo,34.757019,135.149955,22.17,Ambient,98.65,1.35,YES,"Toyonaka, Osaka",Toyonaka,Osaka,34.7047,135.3828,"Kakogawa, Hyogo",Kakogawa,Hyogo,34.7397,135.0861,Delivered,NO,23.20,Ambient,RFID-KZ-0074,YES,1.94,Low Risk,98.06,Excellent,None,2026-05-02 11:12:53,2026-05-05 00:21:53,2026-05-05 00:21:53,Other,27.39,61.15,0,0,0,0,0,0,1,PKG074,5,"PKG074 | Out for Delivery | Destination Area Scan - Amagasaki, Hyogo | 22.17°C | Out for Delivery"
PKG074,KZJP2026000074,6,Delivered,Delivered,2026-05-05 00:21:53,"Kakogawa, Hyogo",Kakogawa,Hyogo,34.7397,135.0861,23.20,Ambient,98.06,1.94,YES,"Toyonaka, Osaka",Toyonaka,Osaka,34.7047,135.3828,"Kakogawa, Hyogo",Kakogawa,Hyogo,34.7397,135.0861,Delivered,NO,23.20,Ambient,RFID-KZ-0074,YES,1.94,Low Risk,98.06,Excellent,None,2026-05-02 11:12:53,2026-05-05 00:21:53,2026-05-05 00:21:53,Other,27.39,61.15,0,1,1,0,0,0,1,PKG074,6,"PKG074 | Delivered | Kakogawa, Hyogo | 23.20°C | Delivered"
PKG075,KZJP2026000075,1,Order Placed,Order Placed,2026-05-16 11:33:43,"Hakusan, Ishikawa",Hakusan,Ishikawa,36.6632,136.7196,18.21,Ambient,98.80,1.20,YES,"Hakusan, Ishikawa",Hakusan,Ishikawa,36.6632,136.7196,"Asaka, Saitama",Asaka,Saitama,35.9026,139.7583,Delivered,NO,20.80,Ambient,RFID-KZ-0075,YES,1.67,Low Risk,98.33,Excellent,None,2026-05-16 11:33:43,2026-05-20 03:32:43,2026-05-20 03:32:43,"May 10-16, 2026",285.19,87.98,1,0,0,0,0,0,1,PKG075,1,"PKG075 | Order Placed | Hakusan, Ishikawa | 18.21°C | Order Placed"
PKG075,KZJP2026000075,2,Picked Up,Picked Up,2026-05-16 18:36:02,"Origin Pickup Scan - Namerikawa, Toyama",Namerikawa,Toyama,36.577772,137.033815,16.84,Ambient,99.31,0.69,YES,"Hakusan, Ishikawa",Hakusan,Ishikawa,36.6632,136.7196,"Asaka, Saitama",Asaka,Saitama,35.9026,139.7583,Delivered,NO,20.80,Ambient,RFID-KZ-0075,YES,1.67,Low Risk,98.33,Excellent,None,2026-05-16 11:33:43,2026-05-20 03:32:43,2026-05-20 03:32:43,"May 10-16, 2026",285.19,87.98,0,0,0,0,0,0,1,PKG075,2,"PKG075 | Picked Up | Origin Pickup Scan - Namerikawa, Toyama | 16.84°C | Picked Up"
PKG075,KZJP2026000075,3,Departed Origin Hub,In Transit,2026-05-17 09:33:28,"Regional Sorting Hub - Tonami, Toyama",Tonami,Toyama,36.544591,137.408624,19.96,Ambient,98.99,1.01,YES,"Hakusan, Ishikawa",Hakusan,Ishikawa,36.6632,136.7196,"Asaka, Saitama",Asaka,Saitama,35.9026,139.7583,Delivered,NO,20.80,Ambient,RFID-KZ-0075,YES,1.67,Low Risk,98.33,Excellent,None,2026-05-16 11:33:43,2026-05-20 03:32:43,2026-05-20 03:32:43,"May 10-16, 2026",285.19,87.98,0,0,0,0,0,0,1,PKG075,3,"PKG075 | Departed Origin Hub | Regional Sorting Hub - Tonami, Toyama | 19.96°C | In Transit"
PKG075,KZJP2026000075,4,In Transit Hub Scan,In Transit,2026-05-18 07:33:13,"Transit Hub Scan - Suzaka, Nagano",Suzaka,Nagano,36.359182,138.226291,19.09,Ambient,98.49,1.51,YES,"Hakusan, Ishikawa",Hakusan,Ishikawa,36.6632,136.7196,"Asaka, Saitama",Asaka,Saitama,35.9026,139.7583,Delivered,NO,20.80,Ambient,RFID-KZ-0075,YES,1.67,Low Risk,98.33,Excellent,None,2026-05-16 11:33:43,2026-05-20 03:32:43,2026-05-20 03:32:43,"May 10-16, 2026",285.19,87.98,0,0,0,0,0,0,1,PKG075,4,"PKG075 | In Transit Hub Scan | Transit Hub Scan - Suzaka, Nagano | 19.09°C | In Transit"
PKG075,KZJP2026000075,5,Out for Delivery,Out for Delivery,2026-05-19 08:11:20,"Destination Area Scan - Numata, Gunma",Numata,Gunma,36.129881,139.079711,20.50,Ambient,98.63,1.37,YES,"Hakusan, Ishikawa",Hakusan,Ishikawa,36.6632,136.7196,"Asaka, Saitama",Asaka,Saitama,35.9026,139.7583,Delivered,NO,20.80,Ambient,RFID-KZ-0075,YES,1.67,Low Risk,98.33,Excellent,None,2026-05-16 11:33:43,2026-05-20 03:32:43,2026-05-20 03:32:43,"May 10-16, 2026",285.19,87.98,0,0,0,0,0,0,1,PKG075,5,"PKG075 | Out for Delivery | Destination Area Scan - Numata, Gunma | 20.50°C | Out for Delivery"
PKG075,KZJP2026000075,6,Delivered,Delivered,2026-05-20 03:32:43,"Asaka, Saitama",Asaka,Saitama,35.9026,139.7583,20.80,Ambient,98.33,1.67,YES,"Hakusan, Ishikawa",Hakusan,Ishikawa,36.6632,136.7196,"Asaka, Saitama",Asaka,Saitama,35.9026,139.7583,Delivered,NO,20.80,Ambient,RFID-KZ-0075,YES,1.67,Low Risk,98.33,Excellent,None,2026-05-16 11:33:43,2026-05-20 03:32:43,2026-05-20 03:32:43,"May 10-16, 2026",285.19,87.98,0,1,1,0,0,0,1,PKG075,6,"PKG075 | Delivered | Asaka, Saitama | 20.80°C | Delivered"
PKG076,KZJP2026000076,1,Order Placed,Order Placed,2026-05-19 15:24:37,"Kanazawa, Ishikawa",Kanazawa,Ishikawa,36.6186,136.7618,19.46,Ambient,98.82,1.18,YES,"Kanazawa, Ishikawa",Kanazawa,Ishikawa,36.6186,136.7618,"Kainan, Wakayama",Kainan,Wakayama,34.3476,135.1971,Delivered,NO,24.40,Ambient,RFID-KZ-0076,YES,2.13,Low Risk,97.87,Excellent,None,2026-05-19 15:24:37,2026-05-21 13:11:37,2026-05-21 13:11:37,Other,289.54,45.78,1,0,0,0,0,0,1,PKG076,1,"PKG076 | Order Placed | Kanazawa, Ishikawa | 19.46°C | Order Placed"
PKG076,KZJP2026000076,2,Picked Up,Picked Up,2026-05-19 19:04:23,"Origin Pickup Scan - Kaga, Ishikawa",Kaga,Ishikawa,36.421998,136.649178,22.08,Ambient,98.71,1.29,YES,"Kanazawa, Ishikawa",Kanazawa,Ishikawa,36.6186,136.7618,"Kainan, Wakayama",Kainan,Wakayama,34.3476,135.1971,Delivered,NO,24.40,Ambient,RFID-KZ-0076,YES,2.13,Low Risk,97.87,Excellent,None,2026-05-19 15:24:37,2026-05-21 13:11:37,2026-05-21 13:11:37,Other,289.54,45.78,0,0,0,0,0,0,1,PKG076,2,"PKG076 | Picked Up | Origin Pickup Scan - Kaga, Ishikawa | 22.08°C | Picked Up"
PKG076,KZJP2026000076,3,Departed Origin Hub,In Transit,2026-05-20 02:51:22,"Regional Sorting Hub - Echizen, Fukui",Echizen,Fukui,36.0504,136.353691,20.50,Ambient,98.02,1.98,YES,"Kanazawa, Ishikawa",Kanazawa,Ishikawa,36.6186,136.7618,"Kainan, Wakayama",Kainan,Wakayama,34.3476,135.1971,Delivered,NO,24.40,Ambient,RFID-KZ-0076,YES,2.13,Low Risk,97.87,Excellent,None,2026-05-19 15:24:37,2026-05-21 13:11:37,2026-05-21 13:11:37,Other,289.54,45.78,0,0,0,0,0,0,1,PKG076,3,"PKG076 | Departed Origin Hub | Regional Sorting Hub - Echizen, Fukui | 20.50°C | In Transit"
PKG076,KZJP2026000076,4,In Transit Hub Scan,In Transit,2026-05-20 14:18:07,"Transit Hub Scan - Hikone, Shiga",Hikone,Shiga,35.394646,135.980353,23.61,Ambient,97.99,2.01,YES,"Kanazawa, Ishikawa",Kanazawa,Ishikawa,36.6186,136.7618,"Kainan, Wakayama",Kainan,Wakayama,34.3476,135.1971,Delivered,NO,24.40,Ambient,RFID-KZ-0076,YES,2.13,Low Risk,97.87,Excellent,None,2026-05-19 15:24:37,2026-05-21 13:11:37,2026-05-21 13:11:37,Other,289.54,45.78,0,0,0,0,0,0,1,PKG076,4,"PKG076 | In Transit Hub Scan | Transit Hub Scan - Hikone, Shiga | 23.61°C | In Transit"
PKG076,KZJP2026000076,5,Out for Delivery,Out for Delivery,2026-05-21 03:07:17,"Destination Area Scan - Kaizuka, Osaka",Kaizuka,Osaka,34.799658,135.568634,22.93,Ambient,98.19,1.81,YES,"Kanazawa, Ishikawa",Kanazawa,Ishikawa,36.6186,136.7618,"Kainan, Wakayama",Kainan,Wakayama,34.3476,135.1971,Delivered,NO,24.40,Ambient,RFID-KZ-0076,YES,2.13,Low Risk,97.87,Excellent,None,2026-05-19 15:24:37,2026-05-21 13:11:37,2026-05-21 13:11:37,Other,289.54,45.78,0,0,0,0,0,0,1,PKG076,5,"PKG076 | Out for Delivery | Destination Area Scan - Kaizuka, Osaka | 22.93°C | Out for Delivery"
PKG076,KZJP2026000076,6,Delivered,Delivered,2026-05-21 13:11:37,"Kainan, Wakayama",Kainan,Wakayama,34.3476,135.1971,24.40,Ambient,97.87,2.13,YES,"Kanazawa, Ishikawa",Kanazawa,Ishikawa,36.6186,136.7618,"Kainan, Wakayama",Kainan,Wakayama,34.3476,135.1971,Delivered,NO,24.40,Ambient,RFID-KZ-0076,YES,2.13,Low Risk,97.87,Excellent,None,2026-05-19 15:24:37,2026-05-21 13:11:37,2026-05-21 13:11:37,Other,289.54,45.78,0,1,1,0,0,0,1,PKG076,6,"PKG076 | Delivered | Kainan, Wakayama | 24.40°C | Delivered"
PKG077,KZJP2026000077,1,Order Placed,Order Placed,2026-05-10 17:57:24,"Chichibu, Saitama",Chichibu,Saitama,35.7415,139.6501,20.57,Ambient,97.50,2.50,YES,"Chichibu, Saitama",Chichibu,Saitama,35.7415,139.6501,"Tajimi, Gifu",Tajimi,Gifu,35.4266,136.6402,Delivered,NO,23.70,Ambient,RFID-KZ-0077,YES,2.90,Low Risk,97.10,Excellent,None,2026-05-10 17:57:24,2026-05-12 05:01:24,2026-05-12 05:01:24,"May 10-16, 2026",274.42,35.07,1,0,0,0,0,0,1,PKG077,1,"PKG077 | Order Placed | Chichibu, Saitama | 20.57°C | Order Placed"
PKG077,KZJP2026000077,2,Picked Up,Picked Up,2026-05-10 20:45:43,"Origin Pickup Scan - Okegawa, Saitama",Okegawa,Saitama,35.742043,139.463106,24.12,Ambient,97.76,2.24,YES,"Chichibu, Saitama",Chichibu,Saitama,35.7415,139.6501,"Tajimi, Gifu",Tajimi,Gifu,35.4266,136.6402,Delivered,NO,23.70,Ambient,RFID-KZ-0077,YES,2.90,Low Risk,97.10,Excellent,None,2026-05-10 17:57:24,2026-05-12 05:01:24,2026-05-12 05:01:24,"May 10-16, 2026",274.42,35.07,0,0,0,0,0,0,1,PKG077,2,"PKG077 | Picked Up | Origin Pickup Scan - Okegawa, Saitama | 24.12°C | Picked Up"
PKG077,KZJP2026000077,3,Departed Origin Hub,In Transit,2026-05-11 02:43:24,"Regional Sorting Hub - Kai, Yamanashi",Kai,Yamanashi,35.664646,138.831776,23.98,Ambient,97.90,2.10,YES,"Chichibu, Saitama",Chichibu,Saitama,35.7415,139.6501,"Tajimi, Gifu",Tajimi,Gifu,35.4266,136.6402,Delivered,NO,23.70,Ambient,RFID-KZ-0077,YES,2.90,Low Risk,97.10,Excellent,None,2026-05-10 17:57:24,2026-05-12 05:01:24,2026-05-12 05:01:24,"May 10-16, 2026",274.42,35.07,0,0,0,0,0,0,1,PKG077,3,"PKG077 | Departed Origin Hub | Regional Sorting Hub - Kai, Yamanashi | 23.98°C | In Transit"
PKG077,KZJP2026000077,4,In Transit Hub Scan,In Transit,2026-05-11 11:29:24,"Transit Hub Scan - Koshu, Yamanashi",Koshu,Yamanashi,35.5662,138.287843,18.68,Ambient,97.38,2.62,YES,"Chichibu, Saitama",Chichibu,Saitama,35.7415,139.6501,"Tajimi, Gifu",Tajimi,Gifu,35.4266,136.6402,Delivered,NO,23.70,Ambient,RFID-KZ-0077,YES,2.90,Low Risk,97.10,Excellent,None,2026-05-10 17:57:24,2026-05-12 05:01:24,2026-05-12 05:01:24,"May 10-16, 2026",274.42,35.07,0,0,0,0,0,0,1,PKG077,4,"PKG077 | In Transit Hub Scan | Transit Hub Scan - Koshu, Yamanashi | 18.68°C | In Transit"
PKG077,KZJP2026000077,5,Out for Delivery,Out for Delivery,2026-05-11 21:18:31,"Destination Area Scan - Inuyama, Aichi",Inuyama,Aichi,35.410472,137.221754,22.72,Ambient,96.92,3.08,YES,"Chichibu, Saitama",Chichibu,Saitama,35.7415,139.6501,"Tajimi, Gifu",Tajimi,Gifu,35.4266,136.6402,Delivered,NO,23.70,Ambient,RFID-KZ-0077,YES,2.90,Low Risk,97.10,Excellent,None,2026-05-10 17:57:24,2026-05-12 05:01:24,2026-05-12 05:01:24,"May 10-16, 2026",274.42,35.07,0,0,0,0,0,0,1,PKG077,5,"PKG077 | Out for Delivery | Destination Area Scan - Inuyama, Aichi | 22.72°C | Out for Delivery"
PKG077,KZJP2026000077,6,Delivered,Delivered,2026-05-12 05:01:24,"Tajimi, Gifu",Tajimi,Gifu,35.4266,136.6402,23.70,Ambient,97.10,2.90,YES,"Chichibu, Saitama",Chichibu,Saitama,35.7415,139.6501,"Tajimi, Gifu",Tajimi,Gifu,35.4266,136.6402,Delivered,NO,23.70,Ambient,RFID-KZ-0077,YES,2.90,Low Risk,97.10,Excellent,None,2026-05-10 17:57:24,2026-05-12 05:01:24,2026-05-12 05:01:24,"May 10-16, 2026",274.42,35.07,0,1,1,0,0,0,1,PKG077,6,"PKG077 | Delivered | Tajimi, Gifu | 23.70°C | Delivered"
PKG078,KZJP2026000078,1,Order Placed,Order Placed,2026-05-12 10:02:00,"Tokushima, Tokushima",Tokushima,Tokushima,34.1286,134.6642,18.03,Ambient,99.72,0.28,YES,"Tokushima, Tokushima",Tokushima,Tokushima,34.1286,134.6642,"Kamakura, Kanagawa",Kamakura,Kanagawa,35.3279,139.647,Delivered,NO,22.60,Ambient,RFID-KZ-0078,YES,1.32,Low Risk,98.68,Excellent,None,2026-05-12 10:02:00,2026-05-14 13:29:00,2026-05-14 13:29:00,"May 10-16, 2026",474.42,51.45,1,0,0,0,0,0,1,PKG078,1,"PKG078 | Order Placed | Tokushima, Tokushima | 18.03°C | Order Placed"
PKG078,KZJP2026000078,2,Picked Up,Picked Up,2026-05-12 14:08:58,"Origin Pickup Scan - Hashimoto, Wakayama",Hashimoto,Wakayama,34.166657,135.065017,19.44,Ambient,99.47,0.53,YES,"Tokushima, Tokushima",Tokushima,Tokushima,34.1286,134.6642,"Kamakura, Kanagawa",Kamakura,Kanagawa,35.3279,139.647,Delivered,NO,22.60,Ambient,RFID-KZ-0078,YES,1.32,Low Risk,98.68,Excellent,None,2026-05-12 10:02:00,2026-05-14 13:29:00,2026-05-14 13:29:00,"May 10-16, 2026",474.42,51.45,0,0,0,0,0,0,1,PKG078,2,"PKG078 | Picked Up | Origin Pickup Scan - Hashimoto, Wakayama | 19.44°C | Picked Up"
PKG078,KZJP2026000078,3,Departed Origin Hub,In Transit,2026-05-12 22:53:45,"Regional Sorting Hub - Sakurai, Nara",Sakurai,Nara,34.449676,135.84346,24.52,Ambient,99.03,0.97,YES,"Tokushima, Tokushima",Tokushima,Tokushima,34.1286,134.6642,"Kamakura, Kanagawa",Kamakura,Kanagawa,35.3279,139.647,Delivered,NO,22.60,Ambient,RFID-KZ-0078,YES,1.32,Low Risk,98.68,Excellent,None,2026-05-12 10:02:00,2026-05-14 13:29:00,2026-05-14 13:29:00,"May 10-16, 2026",474.42,51.45,0,0,0,0,0,0,1,PKG078,3,"PKG078 | Departed Origin Hub | Regional Sorting Hub - Sakurai, Nara | 24.52°C | In Transit"
PKG078,KZJP2026000078,4,In Transit Hub Scan,In Transit,2026-05-13 11:45:30,"Transit Hub Scan - Nishio, Aichi",Nishio,Aichi,34.863471,137.107771,23.37,Ambient,99.28,0.72,YES,"Tokushima, Tokushima",Tokushima,Tokushima,34.1286,134.6642,"Kamakura, Kanagawa",Kamakura,Kanagawa,35.3279,139.647,Delivered,NO,22.60,Ambient,RFID-KZ-0078,YES,1.32,Low Risk,98.68,Excellent,None,2026-05-12 10:02:00,2026-05-14 13:29:00,2026-05-14 13:29:00,"May 10-16, 2026",474.42,51.45,0,0,0,0,0,0,1,PKG078,4,"PKG078 | In Transit Hub Scan | Transit Hub Scan - Nishio, Aichi | 23.37°C | In Transit"
PKG078,KZJP2026000078,5,Out for Delivery,Out for Delivery,2026-05-14 02:09:52,"Destination Area Scan - Shimoda, Shizuoka",Shimoda,Shizuoka,35.046509,138.465489,21.72,Ambient,98.58,1.42,YES,"Tokushima, Tokushima",Tokushima,Tokushima,34.1286,134.6642,"Kamakura, Kanagawa",Kamakura,Kanagawa,35.3279,139.647,Delivered,NO,22.60,Ambient,RFID-KZ-0078,YES,1.32,Low Risk,98.68,Excellent,None,2026-05-12 10:02:00,2026-05-14 13:29:00,2026-05-14 13:29:00,"May 10-16, 2026",474.42,51.45,0,0,0,0,0,0,1,PKG078,5,"PKG078 | Out for Delivery | Destination Area Scan - Shimoda, Shizuoka | 21.72°C | Out for Delivery"
PKG078,KZJP2026000078,6,Delivered,Delivered,2026-05-14 13:29:00,"Kamakura, Kanagawa",Kamakura,Kanagawa,35.3279,139.647,22.60,Ambient,98.68,1.32,YES,"Tokushima, Tokushima",Tokushima,Tokushima,34.1286,134.6642,"Kamakura, Kanagawa",Kamakura,Kanagawa,35.3279,139.647,Delivered,NO,22.60,Ambient,RFID-KZ-0078,YES,1.32,Low Risk,98.68,Excellent,None,2026-05-12 10:02:00,2026-05-14 13:29:00,2026-05-14 13:29:00,"May 10-16, 2026",474.42,51.45,0,1,1,0,0,0,1,PKG078,6,"PKG078 | Delivered | Kamakura, Kanagawa | 22.60°C | Delivered"
PKG079,KZJP2026000079,1,Order Placed,Order Placed,2026-05-15 13:00:36,"Suzuka, Mie",Suzuka,Mie,34.6104,136.5131,20.83,Ambient,99.19,0.81,YES,"Suzuka, Mie",Suzuka,Mie,34.6104,136.5131,"Gujo, Gifu",Gujo,Gifu,35.4046,136.6402,Delivered,NO,24.60,Ambient,RFID-KZ-0079,YES,2.13,Low Risk,97.87,Excellent,None,2026-05-15 13:00:36,2026-05-18 08:50:36,2026-05-18 08:50:36,"May 10-16, 2026",89.07,67.83,1,0,0,0,0,0,1,PKG079,1,"PKG079 | Order Placed | Suzuka, Mie | 20.83°C | Order Placed"
PKG079,KZJP2026000079,2,Picked Up,Picked Up,2026-05-15 18:26:12,"Origin Pickup Scan - Tsu, Mie",Tsu,Mie,34.757041,136.553609,21.01,Ambient,98.90,1.10,YES,"Suzuka, Mie",Suzuka,Mie,34.6104,136.5131,"Gujo, Gifu",Gujo,Gifu,35.4046,136.6402,Delivered,NO,24.60,Ambient,RFID-KZ-0079,YES,2.13,Low Risk,97.87,Excellent,None,2026-05-15 13:00:36,2026-05-18 08:50:36,2026-05-18 08:50:36,"May 10-16, 2026",89.07,67.83,0,0,0,0,0,0,1,PKG079,2,"PKG079 | Picked Up | Origin Pickup Scan - Tsu, Mie | 21.01°C | Picked Up"
PKG079,KZJP2026000079,3,Departed Origin Hub,In Transit,2026-05-16 05:58:06,"Regional Sorting Hub - Toba, Mie",Toba,Mie,34.805486,136.485492,21.30,Ambient,98.51,1.49,YES,"Suzuka, Mie",Suzuka,Mie,34.6104,136.5131,"Gujo, Gifu",Gujo,Gifu,35.4046,136.6402,Delivered,NO,24.60,Ambient,RFID-KZ-0079,YES,2.13,Low Risk,97.87,Excellent,None,2026-05-15 13:00:36,2026-05-18 08:50:36,2026-05-18 08:50:36,"May 10-16, 2026",89.07,67.83,0,0,0,0,0,0,1,PKG079,3,"PKG079 | Departed Origin Hub | Regional Sorting Hub - Toba, Mie | 21.30°C | In Transit"
PKG079,KZJP2026000079,4,In Transit Hub Scan,In Transit,2026-05-16 22:55:36,"Transit Hub Scan - Yokkaichi, Mie",Yokkaichi,Mie,34.910443,136.525998,23.38,Ambient,98.19,1.81,YES,"Suzuka, Mie",Suzuka,Mie,34.6104,136.5131,"Gujo, Gifu",Gujo,Gifu,35.4046,136.6402,Delivered,NO,24.60,Ambient,RFID-KZ-0079,YES,2.13,Low Risk,97.87,Excellent,None,2026-05-15 13:00:36,2026-05-18 08:50:36,2026-05-18 08:50:36,"May 10-16, 2026",89.07,67.83,0,0,0,0,0,0,1,PKG079,4,"PKG079 | In Transit Hub Scan | Transit Hub Scan - Yokkaichi, Mie | 23.38°C | In Transit"
PKG079,KZJP2026000079,5,Out for Delivery,Out for Delivery,2026-05-17 17:55:12,"Destination Area Scan - Gero, Gifu",Gero,Gifu,35.266971,136.650713,22.24,Ambient,97.93,2.07,YES,"Suzuka, Mie",Suzuka,Mie,34.6104,136.5131,"Gujo, Gifu",Gujo,Gifu,35.4046,136.6402,Delivered,NO,24.60,Ambient,RFID-KZ-0079,YES,2.13,Low Risk,97.87,Excellent,None,2026-05-15 13:00:36,2026-05-18 08:50:36,2026-05-18 08:50:36,"May 10-16, 2026",89.07,67.83,0,0,0,0,0,0,1,PKG079,5,"PKG079 | Out for Delivery | Destination Area Scan - Gero, Gifu | 22.24°C | Out for Delivery"
PKG079,KZJP2026000079,6,Delivered,Delivered,2026-05-18 08:50:36,"Gujo, Gifu",Gujo,Gifu,35.4046,136.6402,24.60,Ambient,97.87,2.13,YES,"Suzuka, Mie",Suzuka,Mie,34.6104,136.5131,"Gujo, Gifu",Gujo,Gifu,35.4046,136.6402,Delivered,NO,24.60,Ambient,RFID-KZ-0079,YES,2.13,Low Risk,97.87,Excellent,None,2026-05-15 13:00:36,2026-05-18 08:50:36,2026-05-18 08:50:36,"May 10-16, 2026",89.07,67.83,0,1,1,0,0,0,1,PKG079,6,"PKG079 | Delivered | Gujo, Gifu | 24.60°C | Delivered"
PKG080,KZJP2026000080,1,Order Placed,Order Placed,2026-05-19 09:20:23,"Kawachinagano, Osaka",Kawachinagano,Osaka,34.8136,135.5068,19.60,Ambient,98.90,1.10,YES,"Kawachinagano, Osaka",Kawachinagano,Osaka,34.8136,135.5068,"Ojiya, Niigata",Ojiya,Niigata,37.8404,139.1295,Delivered,NO,19.70,Ambient,RFID-KZ-0080,YES,1.61,Low Risk,98.39,Excellent,None,2026-05-19 09:20:23,2026-05-23 04:55:23,2026-05-23 04:55:23,Other,467.46,91.58,1,0,0,0,0,0,1,PKG080,1,"PKG080 | Order Placed | Kawachinagano, Osaka | 19.60°C | Order Placed"
PKG080,KZJP2026000080,2,Picked Up,Picked Up,2026-05-19 16:39:59,"Origin Pickup Scan - Nagahama, Shiga",Nagahama,Shiga,35.081197,135.80764,16.91,Ambient,98.85,1.15,YES,"Kawachinagano, Osaka",Kawachinagano,Osaka,34.8136,135.5068,"Ojiya, Niigata",Ojiya,Niigata,37.8404,139.1295,Delivered,NO,19.70,Ambient,RFID-KZ-0080,YES,1.61,Low Risk,98.39,Excellent,None,2026-05-19 09:20:23,2026-05-23 04:55:23,2026-05-23 04:55:23,Other,467.46,91.58,0,0,0,0,0,0,1,PKG080,2,"PKG080 | Picked Up | Origin Pickup Scan - Nagahama, Shiga | 16.91°C | Picked Up"
PKG080,KZJP2026000080,3,Departed Origin Hub,In Transit,2026-05-20 08:14:08,"Regional Sorting Hub - Minokamo, Gifu",Minokamo,Gifu,35.53447,136.508446,19.89,Ambient,98.45,1.55,YES,"Kawachinagano, Osaka",Kawachinagano,Osaka,34.8136,135.5068,"Ojiya, Niigata",Ojiya,Niigata,37.8404,139.1295,Delivered,NO,19.70,Ambient,RFID-KZ-0080,YES,1.61,Low Risk,98.39,Excellent,None,2026-05-19 09:20:23,2026-05-23 04:55:23,2026-05-23 04:55:23,Other,467.46,91.58,0,0,0,0,0,0,1,PKG080,3,"PKG080 | Departed Origin Hub | Regional Sorting Hub - Minokamo, Gifu | 19.89°C | In Transit"
PKG080,KZJP2026000080,4,In Transit Hub Scan,In Transit,2026-05-21 07:07:53,"Transit Hub Scan - Kurobe, Toyama",Kurobe,Toyama,36.356602,137.27642,19.78,Ambient,99.25,0.75,YES,"Kawachinagano, Osaka",Kawachinagano,Osaka,34.8136,135.5068,"Ojiya, Niigata",Ojiya,Niigata,37.8404,139.1295,Delivered,NO,19.70,Ambient,RFID-KZ-0080,YES,1.61,Low Risk,98.39,Excellent,None,2026-05-19 09:20:23,2026-05-23 04:55:23,2026-05-23 04:55:23,Other,467.46,91.58,0,0,0,0,0,0,1,PKG080,4,"PKG080 | In Transit Hub Scan | Transit Hub Scan - Kurobe, Toyama | 19.78°C | In Transit"
PKG080,KZJP2026000080,5,Out for Delivery,Out for Delivery,2026-05-22 08:46:29,"Destination Area Scan - Matsumoto, Nagano",Matsumoto,Nagano,37.037858,138.262499,19.99,Ambient,98.77,1.23,YES,"Kawachinagano, Osaka",Kawachinagano,Osaka,34.8136,135.5068,"Ojiya, Niigata",Ojiya,Niigata,37.8404,139.1295,Delivered,NO,19.70,Ambient,RFID-KZ-0080,YES,1.61,Low Risk,98.39,Excellent,None,2026-05-19 09:20:23,2026-05-23 04:55:23,2026-05-23 04:55:23,Other,467.46,91.58,0,0,0,0,0,0,1,PKG080,5,"PKG080 | Out for Delivery | Destination Area Scan - Matsumoto, Nagano | 19.99°C | Out for Delivery"
PKG080,KZJP2026000080,6,Delivered,Delivered,2026-05-23 04:55:23,"Ojiya, Niigata",Ojiya,Niigata,37.8404,139.1295,19.70,Ambient,98.39,1.61,YES,"Kawachinagano, Osaka",Kawachinagano,Osaka,34.8136,135.5068,"Ojiya, Niigata",Ojiya,Niigata,37.8404,139.1295,Delivered,NO,19.70,Ambient,RFID-KZ-0080,YES,1.61,Low Risk,98.39,Excellent,None,2026-05-19 09:20:23,2026-05-23 04:55:23,2026-05-23 04:55:23,Other,467.46,91.58,0,1,1,0,0,0,1,PKG080,6,"PKG080 | Delivered | Ojiya, Niigata | 19.70°C | Delivered"
PKG081,KZJP2026000081,1,Order Placed,Order Placed,2026-05-14 19:36:41,"Minato, Tokyo",Minato,Tokyo,35.7865,139.6211,22.84,Ambient,99.86,0.14,YES,"Minato, Tokyo",Minato,Tokyo,35.7865,139.6211,"Ina, Nagano",Ina,Nagano,36.6712,138.2993,Delivered,NO,19.60,Ambient,RFID-KZ-0081,YES,0.52,Low Risk,99.48,Excellent,None,2026-05-14 19:36:41,2026-05-16 19:35:41,2026-05-16 19:35:41,"May 10-16, 2026",154.06,47.98,1,0,0,0,0,0,1,PKG081,1,"PKG081 | Order Placed | Minato, Tokyo | 22.84°C | Order Placed"
PKG081,KZJP2026000081,2,Picked Up,Picked Up,2026-05-14 23:27:00,"Origin Pickup Scan - Higashimatsuyama, Saitama",Higashimatsuyama,Saitama,35.912794,139.515354,18.95,Ambient,100.00,0.00,YES,"Minato, Tokyo",Minato,Tokyo,35.7865,139.6211,"Ina, Nagano",Ina,Nagano,36.6712,138.2993,Delivered,NO,19.60,Ambient,RFID-KZ-0081,YES,0.52,Low Risk,99.48,Excellent,None,2026-05-14 19:36:41,2026-05-16 19:35:41,2026-05-16 19:35:41,"May 10-16, 2026",154.06,47.98,0,0,0,0,0,0,1,PKG081,2,"PKG081 | Picked Up | Origin Pickup Scan - Higashimatsuyama, Saitama | 18.95°C | Picked Up"
PKG081,KZJP2026000081,3,Departed Origin Hub,In Transit,2026-05-15 07:36:26,"Regional Sorting Hub - Hasuda, Saitama",Hasuda,Saitama,36.006989,139.414247,17.87,Ambient,99.61,0.39,YES,"Minato, Tokyo",Minato,Tokyo,35.7865,139.6211,"Ina, Nagano",Ina,Nagano,36.6712,138.2993,Delivered,NO,19.60,Ambient,RFID-KZ-0081,YES,0.52,Low Risk,99.48,Excellent,None,2026-05-14 19:36:41,2026-05-16 19:35:41,2026-05-16 19:35:41,"May 10-16, 2026",154.06,47.98,0,0,0,0,0,0,1,PKG081,3,"PKG081 | Departed Origin Hub | Regional Sorting Hub - Hasuda, Saitama | 17.87°C | In Transit"
PKG081,KZJP2026000081,4,In Transit Hub Scan,In Transit,2026-05-15 19:36:11,"Transit Hub Scan - Ota, Gunma",Ota,Gunma,36.278914,138.955105,18.49,Ambient,99.83,0.17,YES,"Minato, Tokyo",Minato,Tokyo,35.7865,139.6211,"Ina, Nagano",Ina,Nagano,36.6712,138.2993,Delivered,NO,19.60,Ambient,RFID-KZ-0081,YES,0.52,Low Risk,99.48,Excellent,None,2026-05-14 19:36:41,2026-05-16 19:35:41,2026-05-16 19:35:41,"May 10-16, 2026",154.06,47.98,0,0,0,0,0,0,1,PKG081,4,"PKG081 | In Transit Hub Scan | Transit Hub Scan - Ota, Gunma | 18.49°C | In Transit"
PKG081,KZJP2026000081,5,Out for Delivery,Out for Delivery,2026-05-16 09:02:18,"Destination Area Scan - Saku, Nagano",Saku,Nagano,36.539943,138.487767,20.88,Ambient,99.42,0.58,YES,"Minato, Tokyo",Minato,Tokyo,35.7865,139.6211,"Ina, Nagano",Ina,Nagano,36.6712,138.2993,Delivered,NO,19.60,Ambient,RFID-KZ-0081,YES,0.52,Low Risk,99.48,Excellent,None,2026-05-14 19:36:41,2026-05-16 19:35:41,2026-05-16 19:35:41,"May 10-16, 2026",154.06,47.98,0,0,0,0,0,0,1,PKG081,5,"PKG081 | Out for Delivery | Destination Area Scan - Saku, Nagano | 20.88°C | Out for Delivery"
PKG081,KZJP2026000081,6,Delivered,Delivered,2026-05-16 19:35:41,"Ina, Nagano",Ina,Nagano,36.6712,138.2993,19.60,Ambient,99.48,0.52,YES,"Minato, Tokyo",Minato,Tokyo,35.7865,139.6211,"Ina, Nagano",Ina,Nagano,36.6712,138.2993,Delivered,NO,19.60,Ambient,RFID-KZ-0081,YES,0.52,Low Risk,99.48,Excellent,None,2026-05-14 19:36:41,2026-05-16 19:35:41,2026-05-16 19:35:41,"May 10-16, 2026",154.06,47.98,0,1,1,0,0,0,1,PKG081,6,"PKG081 | Delivered | Ina, Nagano | 19.60°C | Delivered"
PKG082,KZJP2026000082,1,Order Placed,Order Placed,2026-05-21 13:37:08,"Higashimatsuyama, Saitama",Higashimatsuyama,Saitama,35.9109,139.5363,1.99,Cool,99.89,0.11,YES,"Higashimatsuyama, Saitama",Higashimatsuyama,Saitama,35.9109,139.5363,"Fukuoka, Fukuoka",Fukuoka,Fukuoka,33.6477,130.507,Delivered,YES,4.40,Cool,RFID-KZ-0082,YES,0.18,Low Risk,99.82,Excellent,None,2026-05-21 13:37:08,2026-05-22 18:31:08,2026-05-22 18:31:08,Other,861.80,28.90,1,0,0,0,0,1,1,PKG082,1,"PKG082 | Order Placed | Higashimatsuyama, Saitama | 1.99°C | Order Placed"
PKG082,KZJP2026000082,2,Picked Up,Picked Up,2026-05-21 15:55:52,"Origin Pickup Scan - Kai, Yamanashi",Kai,Yamanashi,35.71252,138.797218,2.01,Cool,99.69,0.31,YES,"Higashimatsuyama, Saitama",Higashimatsuyama,Saitama,35.9109,139.5363,"Fukuoka, Fukuoka",Fukuoka,Fukuoka,33.6477,130.507,Delivered,YES,4.40,Cool,RFID-KZ-0082,YES,0.18,Low Risk,99.82,Excellent,None,2026-05-21 13:37:08,2026-05-22 18:31:08,2026-05-22 18:31:08,Other,861.80,28.90,0,0,0,0,0,0,1,PKG082,2,"PKG082 | Picked Up | Origin Pickup Scan - Kai, Yamanashi | 2.01°C | Picked Up"
PKG082,KZJP2026000082,3,Departed Origin Hub,In Transit,2026-05-21 20:50:38,"Regional Sorting Hub - Nagakute, Aichi",Nagakute,Aichi,35.334134,137.170494,3.30,Cool,99.59,0.41,YES,"Higashimatsuyama, Saitama",Higashimatsuyama,Saitama,35.9109,139.5363,"Fukuoka, Fukuoka",Fukuoka,Fukuoka,33.6477,130.507,Delivered,YES,4.40,Cool,RFID-KZ-0082,YES,0.18,Low Risk,99.82,Excellent,None,2026-05-21 13:37:08,2026-05-22 18:31:08,2026-05-22 18:31:08,Other,861.80,28.90,0,0,0,0,0,0,1,PKG082,3,"PKG082 | Departed Origin Hub | Regional Sorting Hub - Nagakute, Aichi | 3.30°C | In Transit"
PKG082,KZJP2026000082,4,In Transit Hub Scan,In Transit,2026-05-22 04:04:08,"Transit Hub Scan - Awaji, Hyogo",Awaji,Hyogo,34.728147,135.03707,4.02,Cool,100.00,0.00,YES,"Higashimatsuyama, Saitama",Higashimatsuyama,Saitama,35.9109,139.5363,"Fukuoka, Fukuoka",Fukuoka,Fukuoka,33.6477,130.507,Delivered,YES,4.40,Cool,RFID-KZ-0082,YES,0.18,Low Risk,99.82,Excellent,None,2026-05-21 13:37:08,2026-05-22 18:31:08,2026-05-22 18:31:08,Other,861.80,28.90,0,0,0,0,0,0,1,PKG082,4,"PKG082 | In Transit Hub Scan | Transit Hub Scan - Awaji, Hyogo | 4.02°C | In Transit"
PKG082,KZJP2026000082,5,Out for Delivery,Out for Delivery,2026-05-22 12:09:40,"Destination Area Scan - Fukuyama, Hiroshima",Fukuyama,Hiroshima,34.171467,132.479035,2.95,Cool,100.00,0.00,YES,"Higashimatsuyama, Saitama",Higashimatsuyama,Saitama,35.9109,139.5363,"Fukuoka, Fukuoka",Fukuoka,Fukuoka,33.6477,130.507,Delivered,YES,4.40,Cool,RFID-KZ-0082,YES,0.18,Low Risk,99.82,Excellent,None,2026-05-21 13:37:08,2026-05-22 18:31:08,2026-05-22 18:31:08,Other,861.80,28.90,0,0,0,0,0,0,1,PKG082,5,"PKG082 | Out for Delivery | Destination Area Scan - Fukuyama, Hiroshima | 2.95°C | Out for Delivery"
PKG082,KZJP2026000082,6,Delivered,Delivered,2026-05-22 18:31:08,"Fukuoka, Fukuoka",Fukuoka,Fukuoka,33.6477,130.507,4.40,Cool,99.82,0.18,YES,"Higashimatsuyama, Saitama",Higashimatsuyama,Saitama,35.9109,139.5363,"Fukuoka, Fukuoka",Fukuoka,Fukuoka,33.6477,130.507,Delivered,YES,4.40,Cool,RFID-KZ-0082,YES,0.18,Low Risk,99.82,Excellent,None,2026-05-21 13:37:08,2026-05-22 18:31:08,2026-05-22 18:31:08,Other,861.80,28.90,0,1,1,0,0,0,1,PKG082,6,"PKG082 | Delivered | Fukuoka, Fukuoka | 4.40°C | Delivered"
PKG083,KZJP2026000083,1,Order Placed,Order Placed,2026-05-02 09:15:22,"Mizunami, Gifu",Mizunami,Gifu,35.4355,136.878,16.01,Ambient,97.64,2.36,YES,"Mizunami, Gifu",Mizunami,Gifu,35.4355,136.878,"Iwamizawa, Hokkaido",Iwamizawa,Hokkaido,42.8971,140.99,Delivered,NO,17.70,Ambient,RFID-KZ-0083,YES,2.16,Low Risk,97.84,Excellent,None,2026-05-02 09:15:22,2026-05-03 07:41:22,2026-05-03 07:41:22,Other,901.95,22.43,1,0,0,0,0,0,1,PKG083,1,"PKG083 | Order Placed | Mizunami, Gifu | 16.01°C | Order Placed"
PKG083,KZJP2026000083,2,Picked Up,Picked Up,2026-05-02 11:03:02,"Origin Pickup Scan - Kurobe, Toyama",Kurobe,Toyama,36.210294,137.213417,18.72,Ambient,98.43,1.57,YES,"Mizunami, Gifu",Mizunami,Gifu,35.4355,136.878,"Iwamizawa, Hokkaido",Iwamizawa,Hokkaido,42.8971,140.99,Delivered,NO,17.70,Ambient,RFID-KZ-0083,YES,2.16,Low Risk,97.84,Excellent,None,2026-05-02 09:15:22,2026-05-03 07:41:22,2026-05-03 07:41:22,Other,901.95,22.43,0,0,0,0,0,0,1,PKG083,2,"PKG083 | Picked Up | Origin Pickup Scan - Kurobe, Toyama | 18.72°C | Picked Up"
PKG083,KZJP2026000083,3,Departed Origin Hub,In Transit,2026-05-02 14:51:52,"Regional Sorting Hub - Nakano, Nagano",Nakano,Nagano,37.087535,137.998547,15.61,Ambient,98.28,1.72,YES,"Mizunami, Gifu",Mizunami,Gifu,35.4355,136.878,"Iwamizawa, Hokkaido",Iwamizawa,Hokkaido,42.8971,140.99,Delivered,NO,17.70,Ambient,RFID-KZ-0083,YES,2.16,Low Risk,97.84,Excellent,None,2026-05-02 09:15:22,2026-05-03 07:41:22,2026-05-03 07:41:22,Other,901.95,22.43,0,0,0,0,0,0,1,PKG083,3,"PKG083 | Departed Origin Hub | Regional Sorting Hub - Nakano, Nagano | 15.61°C | In Transit"
PKG083,KZJP2026000083,4,In Transit Hub Scan,In Transit,2026-05-02 20:28:22,"Transit Hub Scan - Agano, Niigata",Agano,Niigata,38.757066,138.964779,18.96,Ambient,97.87,2.13,YES,"Mizunami, Gifu",Mizunami,Gifu,35.4355,136.878,"Iwamizawa, Hokkaido",Iwamizawa,Hokkaido,42.8971,140.99,Delivered,NO,17.70,Ambient,RFID-KZ-0083,YES,2.16,Low Risk,97.84,Excellent,None,2026-05-02 09:15:22,2026-05-03 07:41:22,2026-05-03 07:41:22,Other,901.95,22.43,0,0,0,0,0,0,1,PKG083,4,"PKG083 | In Transit Hub Scan | Transit Hub Scan - Agano, Niigata | 18.96°C | In Transit"
PKG083,KZJP2026000083,5,Out for Delivery,Out for Delivery,2026-05-03 02:45:14,"Destination Area Scan - Hachinohe, Aomori",Hachinohe,Aomori,41.124907,140.331914,17.72,Ambient,97.82,2.18,YES,"Mizunami, Gifu",Mizunami,Gifu,35.4355,136.878,"Iwamizawa, Hokkaido",Iwamizawa,Hokkaido,42.8971,140.99,Delivered,NO,17.70,Ambient,RFID-KZ-0083,YES,2.16,Low Risk,97.84,Excellent,None,2026-05-02 09:15:22,2026-05-03 07:41:22,2026-05-03 07:41:22,Other,901.95,22.43,0,0,0,0,0,0,1,PKG083,5,"PKG083 | Out for Delivery | Destination Area Scan - Hachinohe, Aomori | 17.72°C | Out for Delivery"
PKG083,KZJP2026000083,6,Delivered,Delivered,2026-05-03 07:41:22,"Iwamizawa, Hokkaido",Iwamizawa,Hokkaido,42.8971,140.99,17.70,Ambient,97.84,2.16,YES,"Mizunami, Gifu",Mizunami,Gifu,35.4355,136.878,"Iwamizawa, Hokkaido",Iwamizawa,Hokkaido,42.8971,140.99,Delivered,NO,17.70,Ambient,RFID-KZ-0083,YES,2.16,Low Risk,97.84,Excellent,None,2026-05-02 09:15:22,2026-05-03 07:41:22,2026-05-03 07:41:22,Other,901.95,22.43,0,1,1,0,0,0,1,PKG083,6,"PKG083 | Delivered | Iwamizawa, Hokkaido | 17.70°C | Delivered"
PKG084,KZJP2026000084,1,Order Placed,Order Placed,2026-05-05 12:18:40,"Koka, Shiga",Koka,Shiga,35.0244,135.9869,22.03,Ambient,100.00,0.00,YES,"Koka, Shiga",Koka,Shiga,35.0244,135.9869,"Anjo, Aichi",Anjo,Aichi,35.0666,136.8714,Delivered,NO,23.70,Ambient,RFID-KZ-0084,YES,0.61,Low Risk,99.39,Excellent,None,2026-05-05 12:18:40,2026-05-06 11:18:40,2026-05-06 11:18:40,"May 3-9, 2026",80.66,23.00,1,0,0,0,0,0,1,PKG084,1,"PKG084 | Order Placed | Koka, Shiga | 22.03°C | Order Placed"
PKG084,KZJP2026000084,2,Picked Up,Picked Up,2026-05-05 14:09:04,"Origin Pickup Scan - Koka, Shiga",Koka,Shiga,35.048778,136.029548,22.78,Ambient,100.00,0.00,YES,"Koka, Shiga",Koka,Shiga,35.0244,135.9869,"Anjo, Aichi",Anjo,Aichi,35.0666,136.8714,Delivered,NO,23.70,Ambient,RFID-KZ-0084,YES,0.61,Low Risk,99.39,Excellent,None,2026-05-05 12:18:40,2026-05-06 11:18:40,2026-05-06 11:18:40,"May 3-9, 2026",80.66,23.00,0,0,0,0,0,0,1,PKG084,2,"PKG084 | Picked Up | Origin Pickup Scan - Koka, Shiga | 22.78°C | Picked Up"
PKG084,KZJP2026000084,3,Departed Origin Hub,In Transit,2026-05-05 18:03:40,"Regional Sorting Hub - Koka, Shiga",Koka,Shiga,35.012478,136.123319,24.25,Ambient,99.96,0.04,YES,"Koka, Shiga",Koka,Shiga,35.0244,135.9869,"Anjo, Aichi",Anjo,Aichi,35.0666,136.8714,Delivered,NO,23.70,Ambient,RFID-KZ-0084,YES,0.61,Low Risk,99.39,Excellent,None,2026-05-05 12:18:40,2026-05-06 11:18:40,2026-05-06 11:18:40,"May 3-9, 2026",80.66,23.00,0,0,0,0,0,0,1,PKG084,3,"PKG084 | Departed Origin Hub | Regional Sorting Hub - Koka, Shiga | 24.25°C | In Transit"
PKG084,KZJP2026000084,4,In Transit Hub Scan,In Transit,2026-05-05 23:48:40,"Transit Hub Scan - Toba, Mie",Toba,Mie,34.984754,136.431883,23.77,Ambient,99.29,0.71,YES,"Koka, Shiga",Koka,Shiga,35.0244,135.9869,"Anjo, Aichi",Anjo,Aichi,35.0666,136.8714,Delivered,NO,23.70,Ambient,RFID-KZ-0084,YES,0.61,Low Risk,99.39,Excellent,None,2026-05-05 12:18:40,2026-05-06 11:18:40,2026-05-06 11:18:40,"May 3-9, 2026",80.66,23.00,0,0,0,0,0,0,1,PKG084,4,"PKG084 | In Transit Hub Scan | Transit Hub Scan - Toba, Mie | 23.77°C | In Transit"
PKG084,KZJP2026000084,5,Out for Delivery,Out for Delivery,2026-05-06 06:15:04,"Destination Area Scan - Iwakura, Aichi",Iwakura,Aichi,35.05803,136.72827,23.07,Ambient,99.32,0.68,YES,"Koka, Shiga",Koka,Shiga,35.0244,135.9869,"Anjo, Aichi",Anjo,Aichi,35.0666,136.8714,Delivered,NO,23.70,Ambient,RFID-KZ-0084,YES,0.61,Low Risk,99.39,Excellent,None,2026-05-05 12:18:40,2026-05-06 11:18:40,2026-05-06 11:18:40,"May 3-9, 2026",80.66,23.00,0,0,0,0,0,0,1,PKG084,5,"PKG084 | Out for Delivery | Destination Area Scan - Iwakura, Aichi | 23.07°C | Out for Delivery"
PKG084,KZJP2026000084,6,Delivered,Delivered,2026-05-06 11:18:40,"Anjo, Aichi",Anjo,Aichi,35.0666,136.8714,23.70,Ambient,99.39,0.61,YES,"Koka, Shiga",Koka,Shiga,35.0244,135.9869,"Anjo, Aichi",Anjo,Aichi,35.0666,136.8714,Delivered,NO,23.70,Ambient,RFID-KZ-0084,YES,0.61,Low Risk,99.39,Excellent,None,2026-05-05 12:18:40,2026-05-06 11:18:40,2026-05-06 11:18:40,"May 3-9, 2026",80.66,23.00,0,1,1,0,0,0,1,PKG084,6,"PKG084 | Delivered | Anjo, Aichi | 23.70°C | Delivered"
PKG085,KZJP2026000085,1,Order Placed,Order Placed,2026-05-17 12:05:19,"Onoda, Yamaguchi",Onoda,Yamaguchi,34.096,131.3866,22.64,Ambient,99.49,0.51,YES,"Onoda, Yamaguchi",Onoda,Yamaguchi,34.096,131.3866,"Itoshima, Fukuoka",Itoshima,Fukuoka,33.471,130.3883,Delivered,NO,26.30,Danger Zone,RFID-KZ-0085,YES,1.82,Low Risk,98.18,Excellent,None,2026-05-17 12:05:19,2026-05-20 03:24:19,2026-05-20 03:24:19,Other,115.51,63.32,1,0,0,0,0,0,1,PKG085,1,"PKG085 | Order Placed | Onoda, Yamaguchi | 22.64°C | Order Placed"
PKG085,KZJP2026000085,2,Picked Up,Picked Up,2026-05-17 17:09:14,"Origin Pickup Scan - Onoda, Yamaguchi",Onoda,Yamaguchi,34.059177,131.326556,27.08,Danger Zone,98.79,1.21,YES,"Onoda, Yamaguchi",Onoda,Yamaguchi,34.096,131.3866,"Itoshima, Fukuoka",Itoshima,Fukuoka,33.471,130.3883,Delivered,NO,26.30,Danger Zone,RFID-KZ-0085,YES,1.82,Low Risk,98.18,Excellent,None,2026-05-17 12:05:19,2026-05-20 03:24:19,2026-05-20 03:24:19,Other,115.51,63.32,0,0,0,0,0,0,1,PKG085,2,"PKG085 | Picked Up | Origin Pickup Scan - Onoda, Yamaguchi | 27.08°C | Picked Up"
PKG085,KZJP2026000085,3,Departed Origin Hub,In Transit,2026-05-18 03:55:04,"Regional Sorting Hub - Onoda, Yamaguchi",Onoda,Yamaguchi,33.990333,131.255609,23.79,Ambient,98.54,1.46,YES,"Onoda, Yamaguchi",Onoda,Yamaguchi,34.096,131.3866,"Itoshima, Fukuoka",Itoshima,Fukuoka,33.471,130.3883,Delivered,NO,26.30,Danger Zone,RFID-KZ-0085,YES,1.82,Low Risk,98.18,Excellent,None,2026-05-17 12:05:19,2026-05-20 03:24:19,2026-05-20 03:24:19,Other,115.51,63.32,0,0,0,0,0,0,1,PKG085,3,"PKG085 | Departed Origin Hub | Regional Sorting Hub - Onoda, Yamaguchi | 23.79°C | In Transit"
PKG085,KZJP2026000085,4,In Transit Hub Scan,In Transit,2026-05-18 19:44:49,"Transit Hub Scan - Yanagawa, Fukuoka",Yanagawa,Fukuoka,33.67249,130.793728,27.58,Danger Zone,98.72,1.28,YES,"Onoda, Yamaguchi",Onoda,Yamaguchi,34.096,131.3866,"Itoshima, Fukuoka",Itoshima,Fukuoka,33.471,130.3883,Delivered,NO,26.30,Danger Zone,RFID-KZ-0085,YES,1.82,Low Risk,98.18,Excellent,None,2026-05-17 12:05:19,2026-05-20 03:24:19,2026-05-20 03:24:19,Other,115.51,63.32,0,0,0,0,0,0,1,PKG085,4,"PKG085 | In Transit Hub Scan | Transit Hub Scan - Yanagawa, Fukuoka | 27.58°C | In Transit"
PKG085,KZJP2026000085,5,Out for Delivery,Out for Delivery,2026-05-19 13:28:32,"Destination Area Scan - Ogori, Fukuoka",Ogori,Fukuoka,33.562735,130.571085,26.31,Danger Zone,98.34,1.66,YES,"Onoda, Yamaguchi",Onoda,Yamaguchi,34.096,131.3866,"Itoshima, Fukuoka",Itoshima,Fukuoka,33.471,130.3883,Delivered,NO,26.30,Danger Zone,RFID-KZ-0085,YES,1.82,Low Risk,98.18,Excellent,None,2026-05-17 12:05:19,2026-05-20 03:24:19,2026-05-20 03:24:19,Other,115.51,63.32,0,0,0,0,0,0,1,PKG085,5,"PKG085 | Out for Delivery | Destination Area Scan - Ogori, Fukuoka | 26.31°C | Out for Delivery"
PKG085,KZJP2026000085,6,Delivered,Delivered,2026-05-20 03:24:19,"Itoshima, Fukuoka",Itoshima,Fukuoka,33.471,130.3883,26.30,Danger Zone,98.18,1.82,YES,"Onoda, Yamaguchi",Onoda,Yamaguchi,34.096,131.3866,"Itoshima, Fukuoka",Itoshima,Fukuoka,33.471,130.3883,Delivered,NO,26.30,Danger Zone,RFID-KZ-0085,YES,1.82,Low Risk,98.18,Excellent,None,2026-05-17 12:05:19,2026-05-20 03:24:19,2026-05-20 03:24:19,Other,115.51,63.32,0,1,1,0,0,0,1,PKG085,6,"PKG085 | Delivered | Itoshima, Fukuoka | 26.30°C | Delivered"
PKG086,KZJP2026000086,1,Order Placed,Order Placed,2026-05-02 09:43:03,"Nagasaki, Nagasaki",Nagasaki,Nagasaki,32.8076,129.9826,20.08,Ambient,99.96,0.04,YES,"Nagasaki, Nagasaki",Nagasaki,Nagasaki,32.8076,129.9826,"Yokohama, Kanagawa",Yokohama,Kanagawa,35.5053,139.7478,Delivered,NO,22.10,Ambient,RFID-KZ-0086,YES,0.79,Low Risk,99.21,Excellent,None,2026-05-02 09:43:03,2026-05-05 06:32:03,2026-05-05 06:32:03,Other,946.78,68.82,1,0,0,0,0,0,1,PKG086,1,"PKG086 | Order Placed | Nagasaki, Nagasaki | 20.08°C | Order Placed"
PKG086,KZJP2026000086,2,Picked Up,Picked Up,2026-05-02 15:13:22,"Origin Pickup Scan - Kashima, Saga",Kashima,Saga,33.092632,130.646034,20.76,Ambient,99.56,0.44,YES,"Nagasaki, Nagasaki",Nagasaki,Nagasaki,32.8076,129.9826,"Yokohama, Kanagawa",Yokohama,Kanagawa,35.5053,139.7478,Delivered,NO,22.10,Ambient,RFID-KZ-0086,YES,0.79,Low Risk,99.21,Excellent,None,2026-05-02 09:43:03,2026-05-05 06:32:03,2026-05-05 06:32:03,Other,946.78,68.82,0,0,0,0,0,0,1,PKG086,2,"PKG086 | Picked Up | Origin Pickup Scan - Kashima, Saga | 20.76°C | Picked Up"
PKG086,KZJP2026000086,3,Departed Origin Hub,In Transit,2026-05-03 02:55:18,"Regional Sorting Hub - Niihama, Ehime",Niihama,Ehime,33.589879,132.60066,17.61,Ambient,99.60,0.40,YES,"Nagasaki, Nagasaki",Nagasaki,Nagasaki,32.8076,129.9826,"Yokohama, Kanagawa",Yokohama,Kanagawa,35.5053,139.7478,Delivered,NO,22.10,Ambient,RFID-KZ-0086,YES,0.79,Low Risk,99.21,Excellent,None,2026-05-02 09:43:03,2026-05-05 06:32:03,2026-05-05 06:32:03,Other,946.78,68.82,0,0,0,0,0,0,1,PKG086,3,"PKG086 | Departed Origin Hub | Regional Sorting Hub - Niihama, Ehime | 17.61°C | In Transit"
PKG086,KZJP2026000086,4,In Transit Hub Scan,In Transit,2026-05-03 20:07:33,"Transit Hub Scan - Gobo, Wakayama",Gobo,Wakayama,34.199205,134.956169,21.86,Ambient,99.50,0.50,YES,"Nagasaki, Nagasaki",Nagasaki,Nagasaki,32.8076,129.9826,"Yokohama, Kanagawa",Yokohama,Kanagawa,35.5053,139.7478,Delivered,NO,22.10,Ambient,RFID-KZ-0086,YES,0.79,Low Risk,99.21,Excellent,None,2026-05-02 09:43:03,2026-05-05 06:32:03,2026-05-05 06:32:03,Other,946.78,68.82,0,0,0,0,0,0,1,PKG086,4,"PKG086 | In Transit Hub Scan | Transit Hub Scan - Gobo, Wakayama | 21.86°C | In Transit"
PKG086,KZJP2026000086,5,Out for Delivery,Out for Delivery,2026-05-04 15:23:40,"Destination Area Scan - Ama, Aichi",Ama,Aichi,35.014812,137.411641,20.07,Ambient,99.11,0.89,YES,"Nagasaki, Nagasaki",Nagasaki,Nagasaki,32.8076,129.9826,"Yokohama, Kanagawa",Yokohama,Kanagawa,35.5053,139.7478,Delivered,NO,22.10,Ambient,RFID-KZ-0086,YES,0.79,Low Risk,99.21,Excellent,None,2026-05-02 09:43:03,2026-05-05 06:32:03,2026-05-05 06:32:03,Other,946.78,68.82,0,0,0,0,0,0,1,PKG086,5,"PKG086 | Out for Delivery | Destination Area Scan - Ama, Aichi | 20.07°C | Out for Delivery"
PKG086,KZJP2026000086,6,Delivered,Delivered,2026-05-05 06:32:03,"Yokohama, Kanagawa",Yokohama,Kanagawa,35.5053,139.7478,22.10,Ambient,99.21,0.79,YES,"Nagasaki, Nagasaki",Nagasaki,Nagasaki,32.8076,129.9826,"Yokohama, Kanagawa",Yokohama,Kanagawa,35.5053,139.7478,Delivered,NO,22.10,Ambient,RFID-KZ-0086,YES,0.79,Low Risk,99.21,Excellent,None,2026-05-02 09:43:03,2026-05-05 06:32:03,2026-05-05 06:32:03,Other,946.78,68.82,0,1,1,0,0,0,1,PKG086,6,"PKG086 | Delivered | Yokohama, Kanagawa | 22.10°C | Delivered"
PKG087,KZJP2026000087,1,Order Placed,Order Placed,2026-05-05 18:07:23,"Iizuka, Fukuoka",Iizuka,Fukuoka,33.4703,130.4062,24.26,Ambient,100.00,0.00,YES,"Iizuka, Fukuoka",Iizuka,Fukuoka,33.4703,130.4062,"Yokohama, Kanagawa",Yokohama,Kanagawa,35.5053,139.7478,Delivered,NO,25.60,Ambient,RFID-KZ-0087,YES,0.30,Low Risk,99.70,Excellent,None,2026-05-05 18:07:23,2026-05-09 08:40:23,2026-05-09 08:40:23,"May 3-9, 2026",885.17,86.55,1,0,0,0,0,0,1,PKG087,1,"PKG087 | Order Placed | Iizuka, Fukuoka | 24.26°C | Order Placed"
PKG087,KZJP2026000087,2,Picked Up,Picked Up,2026-05-06 01:02:49,"Origin Pickup Scan - San'yo-Onoda, Yamaguchi",San'yo-Onoda,Yamaguchi,33.754463,131.223875,24.66,Ambient,99.99,0.01,YES,"Iizuka, Fukuoka",Iizuka,Fukuoka,33.4703,130.4062,"Yokohama, Kanagawa",Yokohama,Kanagawa,35.5053,139.7478,Delivered,NO,25.60,Ambient,RFID-KZ-0087,YES,0.30,Low Risk,99.70,Excellent,None,2026-05-05 18:07:23,2026-05-09 08:40:23,2026-05-09 08:40:23,"May 3-9, 2026",885.17,86.55,0,0,0,0,0,0,1,PKG087,2,"PKG087 | Picked Up | Origin Pickup Scan - San'yo-Onoda, Yamaguchi | 24.66°C | Picked Up"
PKG087,KZJP2026000087,3,Departed Origin Hub,In Transit,2026-05-06 15:45:38,"Regional Sorting Hub - Imabari, Ehime",Imabari,Ehime,33.963449,132.797175,23.76,Ambient,100.00,0.00,YES,"Iizuka, Fukuoka",Iizuka,Fukuoka,33.4703,130.4062,"Yokohama, Kanagawa",Yokohama,Kanagawa,35.5053,139.7478,Delivered,NO,25.60,Ambient,RFID-KZ-0087,YES,0.30,Low Risk,99.70,Excellent,None,2026-05-05 18:07:23,2026-05-09 08:40:23,2026-05-09 08:40:23,"May 3-9, 2026",885.17,86.55,0,0,0,0,0,0,1,PKG087,3,"PKG087 | Departed Origin Hub | Regional Sorting Hub - Imabari, Ehime | 23.76°C | In Transit"
PKG087,KZJP2026000087,4,In Transit Hub Scan,In Transit,2026-05-07 13:23:53,"Transit Hub Scan - Kasai, Hyogo",Kasai,Hyogo,34.518749,135.059533,27.85,Danger Zone,99.56,0.44,YES,"Iizuka, Fukuoka",Iizuka,Fukuoka,33.4703,130.4062,"Yokohama, Kanagawa",Yokohama,Kanagawa,35.5053,139.7478,Delivered,NO,25.60,Ambient,RFID-KZ-0087,YES,0.30,Low Risk,99.70,Excellent,None,2026-05-05 18:07:23,2026-05-09 08:40:23,2026-05-09 08:40:23,"May 3-9, 2026",885.17,86.55,0,0,0,0,0,0,1,PKG087,4,"PKG087 | In Transit Hub Scan | Transit Hub Scan - Kasai, Hyogo | 27.85°C | In Transit"
PKG087,KZJP2026000087,5,Out for Delivery,Out for Delivery,2026-05-08 13:37:55,"Destination Area Scan - Atami, Shizuoka",Atami,Shizuoka,35.027159,137.886067,25.07,Danger Zone,99.95,0.05,YES,"Iizuka, Fukuoka",Iizuka,Fukuoka,33.4703,130.4062,"Yokohama, Kanagawa",Yokohama,Kanagawa,35.5053,139.7478,Delivered,NO,25.60,Ambient,RFID-KZ-0087,YES,0.30,Low Risk,99.70,Excellent,None,2026-05-05 18:07:23,2026-05-09 08:40:23,2026-05-09 08:40:23,"May 3-9, 2026",885.17,86.55,0,0,0,0,0,0,1,PKG087,5,"PKG087 | Out for Delivery | Destination Area Scan - Atami, Shizuoka | 25.07°C | Out for Delivery"
PKG087,KZJP2026000087,6,Delivered,Delivered,2026-05-09 08:40:23,"Yokohama, Kanagawa",Yokohama,Kanagawa,35.5053,139.7478,25.60,Ambient,99.70,0.30,YES,"Iizuka, Fukuoka",Iizuka,Fukuoka,33.4703,130.4062,"Yokohama, Kanagawa",Yokohama,Kanagawa,35.5053,139.7478,Delivered,NO,25.60,Ambient,RFID-KZ-0087,YES,0.30,Low Risk,99.70,Excellent,None,2026-05-05 18:07:23,2026-05-09 08:40:23,2026-05-09 08:40:23,"May 3-9, 2026",885.17,86.55,0,1,1,0,0,0,1,PKG087,6,"PKG087 | Delivered | Yokohama, Kanagawa | 25.60°C | Delivered"
PKG088,KZJP2026000088,1,Order Placed,Order Placed,2026-05-13 11:37:18,"Toshima, Tokyo",Toshima,Tokyo,35.7653,139.7847,4.02,Cool,98.02,1.98,YES,"Toshima, Tokyo",Toshima,Tokyo,35.7653,139.7847,"Tomakomai, Hokkaido",Tomakomai,Hokkaido,43.1285,141.7488,Delivered,YES,5.50,Cool,RFID-KZ-0088,YES,2.51,Low Risk,97.49,Excellent,None,2026-05-13 11:37:18,2026-05-14 09:41:18,2026-05-14 09:41:18,"May 10-16, 2026",835.87,22.07,1,0,0,0,0,1,1,PKG088,1,"PKG088 | Order Placed | Toshima, Tokyo | 4.02°C | Order Placed"
PKG088,KZJP2026000088,2,Picked Up,Picked Up,2026-05-13 13:23:13,"Origin Pickup Scan - Nikko, Tochigi",Nikko,Tochigi,36.368785,139.91842,4.95,Cool,98.52,1.48,YES,"Toshima, Tokyo",Toshima,Tokyo,35.7653,139.7847,"Tomakomai, Hokkaido",Tomakomai,Hokkaido,43.1285,141.7488,Delivered,YES,5.50,Cool,RFID-KZ-0088,YES,2.51,Low Risk,97.49,Excellent,None,2026-05-13 11:37:18,2026-05-14 09:41:18,2026-05-14 09:41:18,"May 10-16, 2026",835.87,22.07,0,0,0,0,0,0,1,PKG088,2,"PKG088 | Picked Up | Origin Pickup Scan - Nikko, Tochigi | 4.95°C | Picked Up"
PKG088,KZJP2026000088,3,Departed Origin Hub,In Transit,2026-05-13 17:08:18,"Regional Sorting Hub - Shirakawa, Fukushima",Shirakawa,Fukushima,37.628879,140.324517,5.05,Cool,98.23,1.77,YES,"Toshima, Tokyo",Toshima,Tokyo,35.7653,139.7847,"Tomakomai, Hokkaido",Tomakomai,Hokkaido,43.1285,141.7488,Delivered,YES,5.50,Cool,RFID-KZ-0088,YES,2.51,Low Risk,97.49,Excellent,None,2026-05-13 11:37:18,2026-05-14 09:41:18,2026-05-14 09:41:18,"May 10-16, 2026",835.87,22.07,0,0,0,0,0,0,1,PKG088,3,"PKG088 | Departed Origin Hub | Regional Sorting Hub - Shirakawa, Fukushima | 5.05°C | In Transit"
PKG088,KZJP2026000088,4,In Transit Hub Scan,In Transit,2026-05-13 22:39:18,"Transit Hub Scan - Kitakami, Iwate",Kitakami,Iwate,39.506266,140.882346,5.37,Cool,97.87,2.13,YES,"Toshima, Tokyo",Toshima,Tokyo,35.7653,139.7847,"Tomakomai, Hokkaido",Tomakomai,Hokkaido,43.1285,141.7488,Delivered,YES,5.50,Cool,RFID-KZ-0088,YES,2.51,Low Risk,97.49,Excellent,None,2026-05-13 11:37:18,2026-05-14 09:41:18,2026-05-14 09:41:18,"May 10-16, 2026",835.87,22.07,0,0,0,0,0,0,1,PKG088,4,"PKG088 | In Transit Hub Scan | Transit Hub Scan - Kitakami, Iwate | 5.37°C | In Transit"
PKG088,KZJP2026000088,5,Out for Delivery,Out for Delivery,2026-05-14 04:50:01,"Destination Area Scan - Tsugaru, Aomori",Tsugaru,Aomori,41.306329,141.091997,4.55,Cool,96.91,3.09,YES,"Toshima, Tokyo",Toshima,Tokyo,35.7653,139.7847,"Tomakomai, Hokkaido",Tomakomai,Hokkaido,43.1285,141.7488,Delivered,YES,5.50,Cool,RFID-KZ-0088,YES,2.51,Low Risk,97.49,Excellent,None,2026-05-13 11:37:18,2026-05-14 09:41:18,2026-05-14 09:41:18,"May 10-16, 2026",835.87,22.07,0,0,0,0,0,0,1,PKG088,5,"PKG088 | Out for Delivery | Destination Area Scan - Tsugaru, Aomori | 4.55°C | Out for Delivery"
PKG088,KZJP2026000088,6,Delivered,Delivered,2026-05-14 09:41:18,"Tomakomai, Hokkaido",Tomakomai,Hokkaido,43.1285,141.7488,5.50,Cool,97.49,2.51,YES,"Toshima, Tokyo",Toshima,Tokyo,35.7653,139.7847,"Tomakomai, Hokkaido",Tomakomai,Hokkaido,43.1285,141.7488,Delivered,YES,5.50,Cool,RFID-KZ-0088,YES,2.51,Low Risk,97.49,Excellent,None,2026-05-13 11:37:18,2026-05-14 09:41:18,2026-05-14 09:41:18,"May 10-16, 2026",835.87,22.07,0,1,1,0,0,0,1,PKG088,6,"PKG088 | Delivered | Tomakomai, Hokkaido | 5.50°C | Delivered"
PKG089,KZJP2026000089,1,Order Placed,Order Placed,2026-05-18 17:01:29,"Kitaakita, Akita",Kitaakita,Akita,39.8334,140.0675,19.04,Ambient,99.61,0.39,YES,"Kitaakita, Akita",Kitaakita,Akita,39.8334,140.0675,"Katano, Osaka",Katano,Osaka,34.7852,135.5799,Delivered,NO,23.00,Ambient,RFID-KZ-0089,YES,0.73,Low Risk,99.27,Excellent,None,2026-05-18 17:01:29,2026-05-22 14:35:29,2026-05-22 14:35:29,Other,687.25,93.57,1,0,0,0,0,0,1,PKG089,1,"PKG089 | Order Placed | Kitaakita, Akita | 19.04°C | Order Placed"
PKG089,KZJP2026000089,2,Picked Up,Picked Up,2026-05-19 00:30:36,"Origin Pickup Scan - Oga, Akita",Oga,Akita,39.511396,139.829716,18.19,Ambient,99.43,0.57,YES,"Kitaakita, Akita",Kitaakita,Akita,39.8334,140.0675,"Katano, Osaka",Katano,Osaka,34.7852,135.5799,Delivered,NO,23.00,Ambient,RFID-KZ-0089,YES,0.73,Low Risk,99.27,Excellent,None,2026-05-18 17:01:29,2026-05-22 14:35:29,2026-05-22 14:35:29,Other,687.25,93.57,0,0,0,0,0,0,1,PKG089,2,"PKG089 | Picked Up | Origin Pickup Scan - Oga, Akita | 18.19°C | Picked Up"
PKG089,KZJP2026000089,3,Departed Origin Hub,In Transit,2026-05-19 16:24:59,"Regional Sorting Hub - Mitsuke, Niigata",Mitsuke,Niigata,38.429014,138.939402,26.66,Danger Zone,99.91,0.09,YES,"Kitaakita, Akita",Kitaakita,Akita,39.8334,140.0675,"Katano, Osaka",Katano,Osaka,34.7852,135.5799,Delivered,NO,23.00,Ambient,RFID-KZ-0089,YES,0.73,Low Risk,99.27,Excellent,None,2026-05-18 17:01:29,2026-05-22 14:35:29,2026-05-22 14:35:29,Other,687.25,93.57,0,0,0,0,0,0,1,PKG089,3,"PKG089 | Departed Origin Hub | Regional Sorting Hub - Mitsuke, Niigata | 26.66°C | In Transit"
PKG089,KZJP2026000089,4,In Transit Hub Scan,In Transit,2026-05-20 15:48:29,"Transit Hub Scan - Ueda, Nagano",Ueda,Nagano,37.123725,137.90297,19.20,Ambient,98.99,1.01,YES,"Kitaakita, Akita",Kitaakita,Akita,39.8334,140.0675,"Katano, Osaka",Katano,Osaka,34.7852,135.5799,Delivered,NO,23.00,Ambient,RFID-KZ-0089,YES,0.73,Low Risk,99.27,Excellent,None,2026-05-18 17:01:29,2026-05-22 14:35:29,2026-05-22 14:35:29,Other,687.25,93.57,0,0,0,0,0,0,1,PKG089,4,"PKG089 | In Transit Hub Scan | Transit Hub Scan - Ueda, Nagano | 19.20°C | In Transit"
PKG089,KZJP2026000089,5,Out for Delivery,Out for Delivery,2026-05-21 18:00:24,"Destination Area Scan - Awara, Fukui",Awara,Fukui,35.941201,136.457907,23.40,Ambient,99.43,0.57,YES,"Kitaakita, Akita",Kitaakita,Akita,39.8334,140.0675,"Katano, Osaka",Katano,Osaka,34.7852,135.5799,Delivered,NO,23.00,Ambient,RFID-KZ-0089,YES,0.73,Low Risk,99.27,Excellent,None,2026-05-18 17:01:29,2026-05-22 14:35:29,2026-05-22 14:35:29,Other,687.25,93.57,0,0,0,0,0,0,1,PKG089,5,"PKG089 | Out for Delivery | Destination Area Scan - Awara, Fukui | 23.40°C | Out for Delivery"
PKG089,KZJP2026000089,6,Delivered,Delivered,2026-05-22 14:35:29,"Katano, Osaka",Katano,Osaka,34.7852,135.5799,23.00,Ambient,99.27,0.73,YES,"Kitaakita, Akita",Kitaakita,Akita,39.8334,140.0675,"Katano, Osaka",Katano,Osaka,34.7852,135.5799,Delivered,NO,23.00,Ambient,RFID-KZ-0089,YES,0.73,Low Risk,99.27,Excellent,None,2026-05-18 17:01:29,2026-05-22 14:35:29,2026-05-22 14:35:29,Other,687.25,93.57,0,1,1,0,0,0,1,PKG089,6,"PKG089 | Delivered | Katano, Osaka | 23.00°C | Delivered"
PKG090,KZJP2026000090,1,Order Placed,Order Placed,2026-05-17 09:00:36,"Hakusan, Ishikawa",Hakusan,Ishikawa,36.6632,136.7196,18.21,Ambient,99.74,0.26,YES,"Hakusan, Ishikawa",Hakusan,Ishikawa,36.6632,136.7196,"Suzu, Ishikawa",Suzu,Ishikawa,36.4786,136.5694,Delivered,NO,19.10,Ambient,RFID-KZ-0090,YES,1.12,Low Risk,98.88,Excellent,None,2026-05-17 09:00:36,2026-05-19 07:57:36,2026-05-19 07:57:36,Other,24.52,46.95,1,0,0,0,0,0,1,PKG090,1,"PKG090 | Order Placed | Hakusan, Ishikawa | 18.21°C | Order Placed"
PKG090,KZJP2026000090,2,Picked Up,Picked Up,2026-05-17 12:45:58,"Origin Pickup Scan - Hakusan, Ishikawa",Hakusan,Ishikawa,36.659574,136.716194,22.38,Ambient,99.22,0.78,YES,"Hakusan, Ishikawa",Hakusan,Ishikawa,36.6632,136.7196,"Suzu, Ishikawa",Suzu,Ishikawa,36.4786,136.5694,Delivered,NO,19.10,Ambient,RFID-KZ-0090,YES,1.12,Low Risk,98.88,Excellent,None,2026-05-17 09:00:36,2026-05-19 07:57:36,2026-05-19 07:57:36,Other,24.52,46.95,0,0,0,0,0,0,1,PKG090,2,"PKG090 | Picked Up | Origin Pickup Scan - Hakusan, Ishikawa | 22.38°C | Picked Up"
PKG090,KZJP2026000090,3,Departed Origin Hub,In Transit,2026-05-17 20:44:51,"Regional Sorting Hub - Nanao, Ishikawa",Nanao,Ishikawa,36.65781,136.679187,17.41,Ambient,99.28,0.72,YES,"Hakusan, Ishikawa",Hakusan,Ishikawa,36.6632,136.7196,"Suzu, Ishikawa",Suzu,Ishikawa,36.4786,136.5694,Delivered,NO,19.10,Ambient,RFID-KZ-0090,YES,1.12,Low Risk,98.88,Excellent,None,2026-05-17 09:00:36,2026-05-19 07:57:36,2026-05-19 07:57:36,Other,24.52,46.95,0,0,0,0,0,0,1,PKG090,3,"PKG090 | Departed Origin Hub | Regional Sorting Hub - Nanao, Ishikawa | 17.41°C | In Transit"
PKG090,KZJP2026000090,4,In Transit Hub Scan,In Transit,2026-05-18 08:29:06,"Transit Hub Scan - Komatsu, Ishikawa",Komatsu,Ishikawa,36.610303,136.621642,15.78,Ambient,99.22,0.78,YES,"Hakusan, Ishikawa",Hakusan,Ishikawa,36.6632,136.7196,"Suzu, Ishikawa",Suzu,Ishikawa,36.4786,136.5694,Delivered,NO,19.10,Ambient,RFID-KZ-0090,YES,1.12,Low Risk,98.88,Excellent,None,2026-05-17 09:00:36,2026-05-19 07:57:36,2026-05-19 07:57:36,Other,24.52,46.95,0,0,0,0,0,0,1,PKG090,4,"PKG090 | In Transit Hub Scan | Transit Hub Scan - Komatsu, Ishikawa | 15.78°C | In Transit"
PKG090,KZJP2026000090,5,Out for Delivery,Out for Delivery,2026-05-18 21:37:52,"Destination Area Scan - Suzu, Ishikawa",Suzu,Ishikawa,36.511035,136.577621,17.79,Ambient,99.17,0.83,YES,"Hakusan, Ishikawa",Hakusan,Ishikawa,36.6632,136.7196,"Suzu, Ishikawa",Suzu,Ishikawa,36.4786,136.5694,Delivered,NO,19.10,Ambient,RFID-KZ-0090,YES,1.12,Low Risk,98.88,Excellent,None,2026-05-17 09:00:36,2026-05-19 07:57:36,2026-05-19 07:57:36,Other,24.52,46.95,0,0,0,0,0,0,1,PKG090,5,"PKG090 | Out for Delivery | Destination Area Scan - Suzu, Ishikawa | 17.79°C | Out for Delivery"
PKG090,KZJP2026000090,6,Delivered,Delivered,2026-05-19 07:57:36,"Suzu, Ishikawa",Suzu,Ishikawa,36.4786,136.5694,19.10,Ambient,98.88,1.12,YES,"Hakusan, Ishikawa",Hakusan,Ishikawa,36.6632,136.7196,"Suzu, Ishikawa",Suzu,Ishikawa,36.4786,136.5694,Delivered,NO,19.10,Ambient,RFID-KZ-0090,YES,1.12,Low Risk,98.88,Excellent,None,2026-05-17 09:00:36,2026-05-19 07:57:36,2026-05-19 07:57:36,Other,24.52,46.95,0,1,1,0,0,0,1,PKG090,6,"PKG090 | Delivered | Suzu, Ishikawa | 19.10°C | Delivered"
PKG091,KZJP2026000091,1,Order Placed,Order Placed,2026-05-18 17:43:49,"Ikeda, Osaka",Ikeda,Osaka,34.6112,135.4152,23.16,Ambient,97.71,2.29,YES,"Ikeda, Osaka",Ikeda,Osaka,34.6112,135.4152,"Uda, Nara",Uda,Nara,34.6356,135.7234,Delivered,NO,23.30,Ambient,RFID-KZ-0091,YES,2.54,Low Risk,97.46,Excellent,None,2026-05-18 17:43:49,2026-05-20 01:41:49,2026-05-20 01:41:49,Other,28.33,31.97,1,0,0,0,0,0,1,PKG091,1,"PKG091 | Order Placed | Ikeda, Osaka | 23.16°C | Order Placed"
PKG091,KZJP2026000091,2,Picked Up,Picked Up,2026-05-18 20:17:15,"Origin Pickup Scan - Fujiidera, Osaka",Fujiidera,Osaka,34.614985,135.389889,22.03,Ambient,98.29,1.71,YES,"Ikeda, Osaka",Ikeda,Osaka,34.6112,135.4152,"Uda, Nara",Uda,Nara,34.6356,135.7234,Delivered,NO,23.30,Ambient,RFID-KZ-0091,YES,2.54,Low Risk,97.46,Excellent,None,2026-05-18 17:43:49,2026-05-20 01:41:49,2026-05-20 01:41:49,Other,28.33,31.97,0,0,0,0,0,0,1,PKG091,2,"PKG091 | Picked Up | Origin Pickup Scan - Fujiidera, Osaka | 22.03°C | Picked Up"
PKG091,KZJP2026000091,3,Departed Origin Hub,In Transit,2026-05-19 01:43:19,"Regional Sorting Hub - Izumisano, Osaka",Izumisano,Osaka,34.604339,135.555686,23.38,Ambient,98.39,1.61,YES,"Ikeda, Osaka",Ikeda,Osaka,34.6112,135.4152,"Uda, Nara",Uda,Nara,34.6356,135.7234,Delivered,NO,23.30,Ambient,RFID-KZ-0091,YES,2.54,Low Risk,97.46,Excellent,None,2026-05-18 17:43:49,2026-05-20 01:41:49,2026-05-20 01:41:49,Other,28.33,31.97,0,0,0,0,0,0,1,PKG091,3,"PKG091 | Departed Origin Hub | Regional Sorting Hub - Izumisano, Osaka | 23.38°C | In Transit"
PKG091,KZJP2026000091,4,In Transit Hub Scan,In Transit,2026-05-19 09:42:49,"Transit Hub Scan - Izumiotsu, Osaka",Izumiotsu,Osaka,34.62195,135.583684,21.27,Ambient,97.90,2.10,YES,"Ikeda, Osaka",Ikeda,Osaka,34.6112,135.4152,"Uda, Nara",Uda,Nara,34.6356,135.7234,Delivered,NO,23.30,Ambient,RFID-KZ-0091,YES,2.54,Low Risk,97.46,Excellent,None,2026-05-18 17:43:49,2026-05-20 01:41:49,2026-05-20 01:41:49,Other,28.33,31.97,0,0,0,0,0,0,1,PKG091,4,"PKG091 | In Transit Hub Scan | Transit Hub Scan - Izumiotsu, Osaka | 21.27°C | In Transit"
PKG091,KZJP2026000091,5,Out for Delivery,Out for Delivery,2026-05-19 18:39:51,"Destination Area Scan - Izumiotsu, Osaka",Izumiotsu,Osaka,34.597247,135.620505,24.85,Ambient,97.48,2.52,YES,"Ikeda, Osaka",Ikeda,Osaka,34.6112,135.4152,"Uda, Nara",Uda,Nara,34.6356,135.7234,Delivered,NO,23.30,Ambient,RFID-KZ-0091,YES,2.54,Low Risk,97.46,Excellent,None,2026-05-18 17:43:49,2026-05-20 01:41:49,2026-05-20 01:41:49,Other,28.33,31.97,0,0,0,0,0,0,1,PKG091,5,"PKG091 | Out for Delivery | Destination Area Scan - Izumiotsu, Osaka | 24.85°C | Out for Delivery"
PKG091,KZJP2026000091,6,Delivered,Delivered,2026-05-20 01:41:49,"Uda, Nara",Uda,Nara,34.6356,135.7234,23.30,Ambient,97.46,2.54,YES,"Ikeda, Osaka",Ikeda,Osaka,34.6112,135.4152,"Uda, Nara",Uda,Nara,34.6356,135.7234,Delivered,NO,23.30,Ambient,RFID-KZ-0091,YES,2.54,Low Risk,97.46,Excellent,None,2026-05-18 17:43:49,2026-05-20 01:41:49,2026-05-20 01:41:49,Other,28.33,31.97,0,1,1,0,0,0,1,PKG091,6,"PKG091 | Delivered | Uda, Nara | 23.30°C | Delivered"
PKG092,KZJP2026000092,1,Order Placed,Order Placed,2026-05-22 15:48:51,"Niiza, Saitama",Niiza,Saitama,35.8901,139.5291,21.86,Ambient,99.97,0.03,YES,"Niiza, Saitama",Niiza,Saitama,35.8901,139.5291,"Kasaoka, Okayama",Kasaoka,Okayama,34.5726,133.8325,Delivered,NO,23.40,Ambient,RFID-KZ-0092,YES,0.66,Low Risk,99.34,Excellent,None,2026-05-22 15:48:51,2026-05-26 03:28:51,2026-05-26 03:28:51,Other,537.65,83.67,1,0,0,0,0,0,1,PKG092,1,"PKG092 | Order Placed | Niiza, Saitama | 21.86°C | Order Placed"
PKG092,KZJP2026000092,2,Picked Up,Picked Up,2026-05-22 22:30:27,"Origin Pickup Scan - Kai, Yamanashi",Kai,Yamanashi,35.718179,138.921862,20.63,Ambient,99.56,0.44,YES,"Niiza, Saitama",Niiza,Saitama,35.8901,139.5291,"Kasaoka, Okayama",Kasaoka,Okayama,34.5726,133.8325,Delivered,NO,23.40,Ambient,RFID-KZ-0092,YES,0.66,Low Risk,99.34,Excellent,None,2026-05-22 15:48:51,2026-05-26 03:28:51,2026-05-26 03:28:51,Other,537.65,83.67,0,0,0,0,0,0,1,PKG092,2,"PKG092 | Picked Up | Origin Pickup Scan - Kai, Yamanashi | 20.63°C | Picked Up"
PKG092,KZJP2026000092,3,Departed Origin Hub,In Transit,2026-05-23 12:43:51,"Regional Sorting Hub - Koshu, Yamanashi",Koshu,Yamanashi,35.572947,138.211037,18.06,Ambient,99.62,0.38,YES,"Niiza, Saitama",Niiza,Saitama,35.8901,139.5291,"Kasaoka, Okayama",Kasaoka,Okayama,34.5726,133.8325,Delivered,NO,23.40,Ambient,RFID-KZ-0092,YES,0.66,Low Risk,99.34,Excellent,None,2026-05-22 15:48:51,2026-05-26 03:28:51,2026-05-26 03:28:51,Other,537.65,83.67,0,0,0,0,0,0,1,PKG092,3,"PKG092 | Departed Origin Hub | Regional Sorting Hub - Koshu, Yamanashi | 18.06°C | In Transit"
PKG092,KZJP2026000092,4,In Transit Hub Scan,In Transit,2026-05-24 09:38:51,"Transit Hub Scan - Seki, Gifu",Seki,Gifu,35.306432,136.658438,21.49,Ambient,99.41,0.59,YES,"Niiza, Saitama",Niiza,Saitama,35.8901,139.5291,"Kasaoka, Okayama",Kasaoka,Okayama,34.5726,133.8325,Delivered,NO,23.40,Ambient,RFID-KZ-0092,YES,0.66,Low Risk,99.34,Excellent,None,2026-05-22 15:48:51,2026-05-26 03:28:51,2026-05-26 03:28:51,Other,537.65,83.67,0,0,0,0,0,0,1,PKG092,4,"PKG092 | In Transit Hub Scan | Transit Hub Scan - Seki, Gifu | 21.49°C | In Transit"
PKG092,KZJP2026000092,5,Out for Delivery,Out for Delivery,2026-05-25 09:04:27,"Destination Area Scan - Amagasaki, Hyogo",Amagasaki,Hyogo,34.823474,135.104069,23.50,Ambient,99.55,0.45,YES,"Niiza, Saitama",Niiza,Saitama,35.8901,139.5291,"Kasaoka, Okayama",Kasaoka,Okayama,34.5726,133.8325,Delivered,NO,23.40,Ambient,RFID-KZ-0092,YES,0.66,Low Risk,99.34,Excellent,None,2026-05-22 15:48:51,2026-05-26 03:28:51,2026-05-26 03:28:51,Other,537.65,83.67,0,0,0,0,0,0,1,PKG092,5,"PKG092 | Out for Delivery | Destination Area Scan - Amagasaki, Hyogo | 23.50°C | Out for Delivery"
PKG092,KZJP2026000092,6,Delivered,Delivered,2026-05-26 03:28:51,"Kasaoka, Okayama",Kasaoka,Okayama,34.5726,133.8325,23.40,Ambient,99.34,0.66,YES,"Niiza, Saitama",Niiza,Saitama,35.8901,139.5291,"Kasaoka, Okayama",Kasaoka,Okayama,34.5726,133.8325,Delivered,NO,23.40,Ambient,RFID-KZ-0092,YES,0.66,Low Risk,99.34,Excellent,None,2026-05-22 15:48:51,2026-05-26 03:28:51,2026-05-26 03:28:51,Other,537.65,83.67,0,1,1,0,0,0,1,PKG092,6,"PKG092 | Delivered | Kasaoka, Okayama | 23.40°C | Delivered"
PKG093,KZJP2026000093,1,Order Placed,Order Placed,2026-05-03 08:47:29,"Tomisato, Chiba",Tomisato,Chiba,35.6094,140.2264,14.64,Ambient,98.88,1.12,YES,"Tomisato, Chiba",Tomisato,Chiba,35.6094,140.2264,"Iwamizawa, Hokkaido",Iwamizawa,Hokkaido,42.8971,140.99,Delivered,NO,18.20,Ambient,RFID-KZ-0093,YES,2.20,Low Risk,97.80,Excellent,None,2026-05-03 08:47:29,2026-05-05 02:31:29,2026-05-05 02:31:29,"May 3-9, 2026",813.01,41.73,1,0,0,0,0,0,1,PKG093,1,"PKG093 | Order Placed | Tomisato, Chiba | 14.64°C | Order Placed"
PKG093,KZJP2026000093,2,Picked Up,Picked Up,2026-05-03 12:07:48,"Origin Pickup Scan - Moriya, Ibaraki",Moriya,Ibaraki,36.210871,140.351605,15.74,Ambient,98.72,1.28,YES,"Tomisato, Chiba",Tomisato,Chiba,35.6094,140.2264,"Iwamizawa, Hokkaido",Iwamizawa,Hokkaido,42.8971,140.99,Delivered,NO,18.20,Ambient,RFID-KZ-0093,YES,2.20,Low Risk,97.80,Excellent,None,2026-05-03 08:47:29,2026-05-05 02:31:29,2026-05-05 02:31:29,"May 3-9, 2026",813.01,41.73,0,0,0,0,0,0,1,PKG093,2,"PKG093 | Picked Up | Origin Pickup Scan - Moriya, Ibaraki | 15.74°C | Picked Up"
PKG093,KZJP2026000093,3,Departed Origin Hub,In Transit,2026-05-03 19:13:29,"Regional Sorting Hub - Sukagawa, Fukushima",Sukagawa,Fukushima,37.494875,140.498434,19.55,Ambient,97.54,2.46,YES,"Tomisato, Chiba",Tomisato,Chiba,35.6094,140.2264,"Iwamizawa, Hokkaido",Iwamizawa,Hokkaido,42.8971,140.99,Delivered,NO,18.20,Ambient,RFID-KZ-0093,YES,2.20,Low Risk,97.80,Excellent,None,2026-05-03 08:47:29,2026-05-05 02:31:29,2026-05-05 02:31:29,"May 3-9, 2026",813.01,41.73,0,0,0,0,0,0,1,PKG093,3,"PKG093 | Departed Origin Hub | Regional Sorting Hub - Sukagawa, Fukushima | 19.55°C | In Transit"
PKG093,KZJP2026000093,4,In Transit Hub Scan,In Transit,2026-05-04 05:39:29,"Transit Hub Scan - Kazuno, Akita",Kazuno,Akita,39.403826,140.444289,17.10,Ambient,97.75,2.25,YES,"Tomisato, Chiba",Tomisato,Chiba,35.6094,140.2264,"Iwamizawa, Hokkaido",Iwamizawa,Hokkaido,42.8971,140.99,Delivered,NO,18.20,Ambient,RFID-KZ-0093,YES,2.20,Low Risk,97.80,Excellent,None,2026-05-03 08:47:29,2026-05-05 02:31:29,2026-05-05 02:31:29,"May 3-9, 2026",813.01,41.73,0,0,0,0,0,0,1,PKG093,4,"PKG093 | In Transit Hub Scan | Transit Hub Scan - Kazuno, Akita | 17.10°C | In Transit"
PKG093,KZJP2026000093,5,Out for Delivery,Out for Delivery,2026-05-04 17:20:36,"Destination Area Scan - Hirosaki, Aomori",Hirosaki,Aomori,41.146136,140.813487,18.33,Ambient,98.31,1.69,YES,"Tomisato, Chiba",Tomisato,Chiba,35.6094,140.2264,"Iwamizawa, Hokkaido",Iwamizawa,Hokkaido,42.8971,140.99,Delivered,NO,18.20,Ambient,RFID-KZ-0093,YES,2.20,Low Risk,97.80,Excellent,None,2026-05-03 08:47:29,2026-05-05 02:31:29,2026-05-05 02:31:29,"May 3-9, 2026",813.01,41.73,0,0,0,0,0,0,1,PKG093,5,"PKG093 | Out for Delivery | Destination Area Scan - Hirosaki, Aomori | 18.33°C | Out for Delivery"
PKG093,KZJP2026000093,6,Delivered,Delivered,2026-05-05 02:31:29,"Iwamizawa, Hokkaido",Iwamizawa,Hokkaido,42.8971,140.99,18.20,Ambient,97.80,2.20,YES,"Tomisato, Chiba",Tomisato,Chiba,35.6094,140.2264,"Iwamizawa, Hokkaido",Iwamizawa,Hokkaido,42.8971,140.99,Delivered,NO,18.20,Ambient,RFID-KZ-0093,YES,2.20,Low Risk,97.80,Excellent,None,2026-05-03 08:47:29,2026-05-05 02:31:29,2026-05-05 02:31:29,"May 3-9, 2026",813.01,41.73,0,1,1,0,0,0,1,PKG093,6,"PKG093 | Delivered | Iwamizawa, Hokkaido | 18.20°C | Delivered"
PKG094,KZJP2026000094,1,Order Placed,Order Placed,2026-05-20 14:22:55,"Gotsu, Shimane",Gotsu,Shimane,35.3923,133.1417,22.20,Ambient,100.00,0.00,YES,"Gotsu, Shimane",Gotsu,Shimane,35.3923,133.1417,"Osakasayama, Osaka",Osakasayama,Osaka,34.8124,135.4848,Delivered,NO,22.70,Ambient,RFID-KZ-0094,YES,0.48,Low Risk,99.52,Excellent,None,2026-05-20 14:22:55,2026-05-22 21:54:55,2026-05-22 21:54:55,Other,222.69,55.53,1,0,0,0,0,0,1,PKG094,1,"PKG094 | Order Placed | Gotsu, Shimane | 22.20°C | Order Placed"
PKG094,KZJP2026000094,2,Picked Up,Picked Up,2026-05-20 18:49:29,"Origin Pickup Scan - Gotsu, Shimane",Gotsu,Shimane,35.353716,133.231564,20.24,Ambient,99.90,0.10,YES,"Gotsu, Shimane",Gotsu,Shimane,35.3923,133.1417,"Osakasayama, Osaka",Osakasayama,Osaka,34.8124,135.4848,Delivered,NO,22.70,Ambient,RFID-KZ-0094,YES,0.48,Low Risk,99.52,Excellent,None,2026-05-20 14:22:55,2026-05-22 21:54:55,2026-05-22 21:54:55,Other,222.69,55.53,0,0,0,0,0,0,1,PKG094,2,"PKG094 | Picked Up | Origin Pickup Scan - Gotsu, Shimane | 20.24°C | Picked Up"
PKG094,KZJP2026000094,3,Departed Origin Hub,In Transit,2026-05-21 04:15:55,"Regional Sorting Hub - Sakaiminato, Tottori",Sakaiminato,Tottori,35.340352,133.883846,23.79,Ambient,99.72,0.28,YES,"Gotsu, Shimane",Gotsu,Shimane,35.3923,133.1417,"Osakasayama, Osaka",Osakasayama,Osaka,34.8124,135.4848,Delivered,NO,22.70,Ambient,RFID-KZ-0094,YES,0.48,Low Risk,99.52,Excellent,None,2026-05-20 14:22:55,2026-05-22 21:54:55,2026-05-22 21:54:55,Other,222.69,55.53,0,0,0,0,0,0,1,PKG094,3,"PKG094 | Departed Origin Hub | Regional Sorting Hub - Sakaiminato, Tottori | 23.79°C | In Transit"
PKG094,KZJP2026000094,4,In Transit Hub Scan,In Transit,2026-05-21 18:08:55,"Transit Hub Scan - Tottori, Tottori",Tottori,Tottori,35.241386,134.357316,20.72,Ambient,99.37,0.63,YES,"Gotsu, Shimane",Gotsu,Shimane,35.3923,133.1417,"Osakasayama, Osaka",Osakasayama,Osaka,34.8124,135.4848,Delivered,NO,22.70,Ambient,RFID-KZ-0094,YES,0.48,Low Risk,99.52,Excellent,None,2026-05-20 14:22:55,2026-05-22 21:54:55,2026-05-22 21:54:55,Other,222.69,55.53,0,0,0,0,0,0,1,PKG094,4,"PKG094 | In Transit Hub Scan | Transit Hub Scan - Tottori, Tottori | 20.72°C | In Transit"
PKG094,KZJP2026000094,5,Out for Delivery,Out for Delivery,2026-05-22 09:41:53,"Destination Area Scan - Amagasaki, Hyogo",Amagasaki,Hyogo,34.898126,135.047182,22.92,Ambient,99.44,0.56,YES,"Gotsu, Shimane",Gotsu,Shimane,35.3923,133.1417,"Osakasayama, Osaka",Osakasayama,Osaka,34.8124,135.4848,Delivered,NO,22.70,Ambient,RFID-KZ-0094,YES,0.48,Low Risk,99.52,Excellent,None,2026-05-20 14:22:55,2026-05-22 21:54:55,2026-05-22 21:54:55,Other,222.69,55.53,0,0,0,0,0,0,1,PKG094,5,"PKG094 | Out for Delivery | Destination Area Scan - Amagasaki, Hyogo | 22.92°C | Out for Delivery"
PKG094,KZJP2026000094,6,Delivered,Delivered,2026-05-22 21:54:55,"Osakasayama, Osaka",Osakasayama,Osaka,34.8124,135.4848,22.70,Ambient,99.52,0.48,YES,"Gotsu, Shimane",Gotsu,Shimane,35.3923,133.1417,"Osakasayama, Osaka",Osakasayama,Osaka,34.8124,135.4848,Delivered,NO,22.70,Ambient,RFID-KZ-0094,YES,0.48,Low Risk,99.52,Excellent,None,2026-05-20 14:22:55,2026-05-22 21:54:55,2026-05-22 21:54:55,Other,222.69,55.53,0,1,1,0,0,0,1,PKG094,6,"PKG094 | Delivered | Osakasayama, Osaka | 22.70°C | Delivered"
PKG095,KZJP2026000095,1,Order Placed,Order Placed,2026-05-19 09:58:32,"San'yo-Onoda, Yamaguchi",San'yo-Onoda,Yamaguchi,34.0637,131.4387,18.11,Ambient,99.48,0.52,YES,"San'yo-Onoda, Yamaguchi",San'yo-Onoda,Yamaguchi,34.0637,131.4387,"Asakura, Fukuoka",Asakura,Fukuoka,33.6967,130.3463,Delivered,NO,20.10,Ambient,RFID-KZ-0095,YES,1.77,Low Risk,98.23,Excellent,None,2026-05-19 09:58:32,2026-05-23 05:20:32,2026-05-23 05:20:32,Other,108.79,91.37,1,0,0,0,0,0,1,PKG095,1,"PKG095 | Order Placed | San'yo-Onoda, Yamaguchi | 18.11°C | Order Placed"
PKG095,KZJP2026000095,2,Picked Up,Picked Up,2026-05-19 17:17:06,"Origin Pickup Scan - Onoda, Yamaguchi",Onoda,Yamaguchi,34.051238,131.346676,22.95,Ambient,99.17,0.83,YES,"San'yo-Onoda, Yamaguchi",San'yo-Onoda,Yamaguchi,34.0637,131.4387,"Asakura, Fukuoka",Asakura,Fukuoka,33.6967,130.3463,Delivered,NO,20.10,Ambient,RFID-KZ-0095,YES,1.77,Low Risk,98.23,Excellent,None,2026-05-19 09:58:32,2026-05-23 05:20:32,2026-05-23 05:20:32,Other,108.79,91.37,0,0,0,0,0,0,1,PKG095,2,"PKG095 | Picked Up | Origin Pickup Scan - Onoda, Yamaguchi | 22.95°C | Picked Up"
PKG095,KZJP2026000095,3,Departed Origin Hub,In Transit,2026-05-20 08:49:02,"Regional Sorting Hub - Shunan, Yamaguchi",Shunan,Yamaguchi,34.022896,131.199949,17.84,Ambient,98.56,1.44,YES,"San'yo-Onoda, Yamaguchi",San'yo-Onoda,Yamaguchi,34.0637,131.4387,"Asakura, Fukuoka",Asakura,Fukuoka,33.6967,130.3463,Delivered,NO,20.10,Ambient,RFID-KZ-0095,YES,1.77,Low Risk,98.23,Excellent,None,2026-05-19 09:58:32,2026-05-23 05:20:32,2026-05-23 05:20:32,Other,108.79,91.37,0,0,0,0,0,0,1,PKG095,3,"PKG095 | Departed Origin Hub | Regional Sorting Hub - Shunan, Yamaguchi | 17.84°C | In Transit"
PKG095,KZJP2026000095,4,In Transit Hub Scan,In Transit,2026-05-21 07:39:32,"Transit Hub Scan - Fukuoka, Fukuoka",Fukuoka,Fukuoka,33.787652,130.751094,18.45,Ambient,98.53,1.47,YES,"San'yo-Onoda, Yamaguchi",San'yo-Onoda,Yamaguchi,34.0637,131.4387,"Asakura, Fukuoka",Asakura,Fukuoka,33.6967,130.3463,Delivered,NO,20.10,Ambient,RFID-KZ-0095,YES,1.77,Low Risk,98.23,Excellent,None,2026-05-19 09:58:32,2026-05-23 05:20:32,2026-05-23 05:20:32,Other,108.79,91.37,0,0,0,0,0,0,1,PKG095,4,"PKG095 | In Transit Hub Scan | Transit Hub Scan - Fukuoka, Fukuoka | 18.45°C | In Transit"
PKG095,KZJP2026000095,5,Out for Delivery,Out for Delivery,2026-05-22 09:14:30,"Destination Area Scan - Chikushino, Fukuoka",Chikushino,Fukuoka,33.732608,130.548959,18.69,Ambient,98.44,1.56,YES,"San'yo-Onoda, Yamaguchi",San'yo-Onoda,Yamaguchi,34.0637,131.4387,"Asakura, Fukuoka",Asakura,Fukuoka,33.6967,130.3463,Delivered,NO,20.10,Ambient,RFID-KZ-0095,YES,1.77,Low Risk,98.23,Excellent,None,2026-05-19 09:58:32,2026-05-23 05:20:32,2026-05-23 05:20:32,Other,108.79,91.37,0,0,0,0,0,0,1,PKG095,5,"PKG095 | Out for Delivery | Destination Area Scan - Chikushino, Fukuoka | 18.69°C | Out for Delivery"
PKG095,KZJP2026000095,6,Delivered,Delivered,2026-05-23 05:20:32,"Asakura, Fukuoka",Asakura,Fukuoka,33.6967,130.3463,20.10,Ambient,98.23,1.77,YES,"San'yo-Onoda, Yamaguchi",San'yo-Onoda,Yamaguchi,34.0637,131.4387,"Asakura, Fukuoka",Asakura,Fukuoka,33.6967,130.3463,Delivered,NO,20.10,Ambient,RFID-KZ-0095,YES,1.77,Low Risk,98.23,Excellent,None,2026-05-19 09:58:32,2026-05-23 05:20:32,2026-05-23 05:20:32,Other,108.79,91.37,0,1,1,0,0,0,1,PKG095,6,"PKG095 | Delivered | Asakura, Fukuoka | 20.10°C | Delivered"
PKG096,KZJP2026000096,1,Order Placed,Order Placed,2026-05-15 18:07:12,"Date, Hokkaido",Date,Hokkaido,43.4618,141.3693,16.16,Ambient,98.90,1.10,YES,"Date, Hokkaido",Date,Hokkaido,43.4618,141.3693,"Shibuya, Tokyo",Shibuya,Tokyo,35.5747,139.6567,Delivered,NO,21.90,Ambient,RFID-KZ-0096,YES,1.35,Low Risk,98.65,Excellent,None,2026-05-15 18:07:12,2026-05-18 05:45:12,2026-05-18 05:45:12,"May 10-16, 2026",889.17,59.63,1,0,0,0,0,0,1,PKG096,1,"PKG096 | Order Placed | Date, Hokkaido | 16.16°C | Order Placed"
PKG096,KZJP2026000096,2,Picked Up,Picked Up,2026-05-15 22:53:26,"Origin Pickup Scan - Fukagawa, Hokkaido",Fukagawa,Hokkaido,42.774579,141.168382,18.93,Ambient,98.86,1.14,YES,"Date, Hokkaido",Date,Hokkaido,43.4618,141.3693,"Shibuya, Tokyo",Shibuya,Tokyo,35.5747,139.6567,Delivered,NO,21.90,Ambient,RFID-KZ-0096,YES,1.35,Low Risk,98.65,Excellent,None,2026-05-15 18:07:12,2026-05-18 05:45:12,2026-05-18 05:45:12,"May 10-16, 2026",889.17,59.63,0,0,0,0,0,0,1,PKG096,2,"PKG096 | Picked Up | Origin Pickup Scan - Fukagawa, Hokkaido | 18.93°C | Picked Up"
PKG096,KZJP2026000096,3,Departed Origin Hub,In Transit,2026-05-16 09:01:42,"Regional Sorting Hub - Hirosaki, Aomori",Hirosaki,Aomori,41.319661,140.918869,21.05,Ambient,99.48,0.52,YES,"Date, Hokkaido",Date,Hokkaido,43.4618,141.3693,"Shibuya, Tokyo",Shibuya,Tokyo,35.5747,139.6567,Delivered,NO,21.90,Ambient,RFID-KZ-0096,YES,1.35,Low Risk,98.65,Excellent,None,2026-05-15 18:07:12,2026-05-18 05:45:12,2026-05-18 05:45:12,"May 10-16, 2026",889.17,59.63,0,0,0,0,0,0,1,PKG096,3,"PKG096 | Departed Origin Hub | Regional Sorting Hub - Hirosaki, Aomori | 21.05°C | In Transit"
PKG096,KZJP2026000096,4,In Transit Hub Scan,In Transit,2026-05-16 23:56:12,"Transit Hub Scan - Kazuno, Akita",Kazuno,Akita,39.559466,140.398069,20.90,Ambient,98.81,1.19,YES,"Date, Hokkaido",Date,Hokkaido,43.4618,141.3693,"Shibuya, Tokyo",Shibuya,Tokyo,35.5747,139.6567,Delivered,NO,21.90,Ambient,RFID-KZ-0096,YES,1.35,Low Risk,98.65,Excellent,None,2026-05-15 18:07:12,2026-05-18 05:45:12,2026-05-18 05:45:12,"May 10-16, 2026",889.17,59.63,0,0,0,0,0,0,1,PKG096,4,"PKG096 | In Transit Hub Scan | Transit Hub Scan - Kazuno, Akita | 20.90°C | In Transit"
PKG096,KZJP2026000096,5,Out for Delivery,Out for Delivery,2026-05-17 16:38:02,"Destination Area Scan - Shirakawa, Fukushima",Shirakawa,Fukushima,37.436629,140.181435,21.27,Ambient,98.21,1.79,YES,"Date, Hokkaido",Date,Hokkaido,43.4618,141.3693,"Shibuya, Tokyo",Shibuya,Tokyo,35.5747,139.6567,Delivered,NO,21.90,Ambient,RFID-KZ-0096,YES,1.35,Low Risk,98.65,Excellent,None,2026-05-15 18:07:12,2026-05-18 05:45:12,2026-05-18 05:45:12,"May 10-16, 2026",889.17,59.63,0,0,0,0,0,0,1,PKG096,5,"PKG096 | Out for Delivery | Destination Area Scan - Shirakawa, Fukushima | 21.27°C | Out for Delivery"
PKG096,KZJP2026000096,6,Delivered,Delivered,2026-05-18 05:45:12,"Shibuya, Tokyo",Shibuya,Tokyo,35.5747,139.6567,21.90,Ambient,98.65,1.35,YES,"Date, Hokkaido",Date,Hokkaido,43.4618,141.3693,"Shibuya, Tokyo",Shibuya,Tokyo,35.5747,139.6567,Delivered,NO,21.90,Ambient,RFID-KZ-0096,YES,1.35,Low Risk,98.65,Excellent,None,2026-05-15 18:07:12,2026-05-18 05:45:12,2026-05-18 05:45:12,"May 10-16, 2026",889.17,59.63,0,1,1,0,0,0,1,PKG096,6,"PKG096 | Delivered | Shibuya, Tokyo | 21.90°C | Delivered"
PKG097,KZJP2026000097,1,Order Placed,Order Placed,2026-05-03 19:21:07,"Kofu, Yamanashi",Kofu,Yamanashi,35.7214,138.6736,19.23,Ambient,99.60,0.40,YES,"Kofu, Yamanashi",Kofu,Yamanashi,35.7214,138.6736,"Ise, Mie",Ise,Mie,34.8273,136.438,Delivered,NO,21.90,Ambient,RFID-KZ-0097,YES,0.49,Low Risk,99.51,Excellent,None,2026-05-03 19:21:07,2026-05-07 01:00:07,2026-05-07 01:00:07,"May 3-9, 2026",225.98,77.65,1,0,0,0,0,0,1,PKG097,1,"PKG097 | Order Placed | Kofu, Yamanashi | 19.23°C | Order Placed"
PKG097,KZJP2026000097,2,Picked Up,Picked Up,2026-05-04 01:33:50,"Origin Pickup Scan - Yamanashi, Yamanashi",Yamanashi,Yamanashi,35.66373,138.478955,19.45,Ambient,99.82,0.18,YES,"Kofu, Yamanashi",Kofu,Yamanashi,35.7214,138.6736,"Ise, Mie",Ise,Mie,34.8273,136.438,Delivered,NO,21.90,Ambient,RFID-KZ-0097,YES,0.49,Low Risk,99.51,Excellent,None,2026-05-03 19:21:07,2026-05-07 01:00:07,2026-05-07 01:00:07,"May 3-9, 2026",225.98,77.65,0,0,0,0,0,0,1,PKG097,2,"PKG097 | Picked Up | Origin Pickup Scan - Yamanashi, Yamanashi | 19.45°C | Picked Up"
PKG097,KZJP2026000097,3,Departed Origin Hub,In Transit,2026-05-04 14:45:52,"Regional Sorting Hub - Koshu, Yamanashi",Koshu,Yamanashi,35.540881,138.217619,16.83,Ambient,99.88,0.12,YES,"Kofu, Yamanashi",Kofu,Yamanashi,35.7214,138.6736,"Ise, Mie",Ise,Mie,34.8273,136.438,Delivered,NO,21.90,Ambient,RFID-KZ-0097,YES,0.49,Low Risk,99.51,Excellent,None,2026-05-03 19:21:07,2026-05-07 01:00:07,2026-05-07 01:00:07,"May 3-9, 2026",225.98,77.65,0,0,0,0,0,0,1,PKG097,3,"PKG097 | Departed Origin Hub | Regional Sorting Hub - Koshu, Yamanashi | 16.83°C | In Transit"
PKG097,KZJP2026000097,4,In Transit Hub Scan,In Transit,2026-05-05 10:10:37,"Transit Hub Scan - Toyokawa, Aichi",Toyokawa,Aichi,35.24934,137.381245,20.05,Ambient,99.86,0.14,YES,"Kofu, Yamanashi",Kofu,Yamanashi,35.7214,138.6736,"Ise, Mie",Ise,Mie,34.8273,136.438,Delivered,NO,21.90,Ambient,RFID-KZ-0097,YES,0.49,Low Risk,99.51,Excellent,None,2026-05-03 19:21:07,2026-05-07 01:00:07,2026-05-07 01:00:07,"May 3-9, 2026",225.98,77.65,0,0,0,0,0,0,1,PKG097,4,"PKG097 | In Transit Hub Scan | Transit Hub Scan - Toyokawa, Aichi | 20.05°C | In Transit"
PKG097,KZJP2026000097,5,Out for Delivery,Out for Delivery,2026-05-06 07:55:08,"Destination Area Scan - Nishio, Aichi",Nishio,Aichi,35.076405,136.965574,23.44,Ambient,99.23,0.77,YES,"Kofu, Yamanashi",Kofu,Yamanashi,35.7214,138.6736,"Ise, Mie",Ise,Mie,34.8273,136.438,Delivered,NO,21.90,Ambient,RFID-KZ-0097,YES,0.49,Low Risk,99.51,Excellent,None,2026-05-03 19:21:07,2026-05-07 01:00:07,2026-05-07 01:00:07,"May 3-9, 2026",225.98,77.65,0,0,0,0,0,0,1,PKG097,5,"PKG097 | Out for Delivery | Destination Area Scan - Nishio, Aichi | 23.44°C | Out for Delivery"
PKG097,KZJP2026000097,6,Delivered,Delivered,2026-05-07 01:00:07,"Ise, Mie",Ise,Mie,34.8273,136.438,21.90,Ambient,99.51,0.49,YES,"Kofu, Yamanashi",Kofu,Yamanashi,35.7214,138.6736,"Ise, Mie",Ise,Mie,34.8273,136.438,Delivered,NO,21.90,Ambient,RFID-KZ-0097,YES,0.49,Low Risk,99.51,Excellent,None,2026-05-03 19:21:07,2026-05-07 01:00:07,2026-05-07 01:00:07,"May 3-9, 2026",225.98,77.65,0,1,1,0,0,0,1,PKG097,6,"PKG097 | Delivered | Ise, Mie | 21.90°C | Delivered"
PKG098,KZJP2026000098,1,Order Placed,Order Placed,2026-05-05 14:05:21,"Kakuda, Miyagi",Kakuda,Miyagi,38.1931,140.965,16.88,Ambient,99.06,0.94,YES,"Kakuda, Miyagi",Kakuda,Miyagi,38.1931,140.965,"Shimonoseki, Yamaguchi",Shimonoseki,Yamaguchi,34.2956,131.5,Delivered,NO,21.40,Ambient,RFID-KZ-0098,YES,2.03,Low Risk,97.97,Excellent,None,2026-05-05 14:05:21,2026-05-09 06:59:21,2026-05-09 06:59:21,"May 3-9, 2026",952.37,88.90,1,0,0,0,0,0,1,PKG098,1,"PKG098 | Order Placed | Kakuda, Miyagi | 16.88°C | Order Placed"
PKG098,KZJP2026000098,2,Picked Up,Picked Up,2026-05-05 21:12:04,"Origin Pickup Scan - Date, Fukushima",Date,Fukushima,37.812204,140.29458,19.62,Ambient,98.70,1.30,YES,"Kakuda, Miyagi",Kakuda,Miyagi,38.1931,140.965,"Shimonoseki, Yamaguchi",Shimonoseki,Yamaguchi,34.2956,131.5,Delivered,NO,21.40,Ambient,RFID-KZ-0098,YES,2.03,Low Risk,97.97,Excellent,None,2026-05-05 14:05:21,2026-05-09 06:59:21,2026-05-09 06:59:21,"May 3-9, 2026",952.37,88.90,0,0,0,0,0,0,1,PKG098,2,"PKG098 | Picked Up | Origin Pickup Scan - Date, Fukushima | 19.62°C | Picked Up"
PKG098,KZJP2026000098,3,Departed Origin Hub,In Transit,2026-05-06 12:18:51,"Regional Sorting Hub - Komagane, Nagano",Komagane,Nagano,37.070748,138.473358,19.36,Ambient,98.96,1.04,YES,"Kakuda, Miyagi",Kakuda,Miyagi,38.1931,140.965,"Shimonoseki, Yamaguchi",Shimonoseki,Yamaguchi,34.2956,131.5,Delivered,NO,21.40,Ambient,RFID-KZ-0098,YES,2.03,Low Risk,97.97,Excellent,None,2026-05-05 14:05:21,2026-05-09 06:59:21,2026-05-09 06:59:21,"May 3-9, 2026",952.37,88.90,0,0,0,0,0,0,1,PKG098,3,"PKG098 | Departed Origin Hub | Regional Sorting Hub - Komagane, Nagano | 19.36°C | In Transit"
PKG098,KZJP2026000098,4,In Transit Hub Scan,In Transit,2026-05-07 10:32:21,"Transit Hub Scan - Tsuruga, Fukui",Tsuruga,Fukui,36.229002,136.212285,21.22,Ambient,98.55,1.45,YES,"Kakuda, Miyagi",Kakuda,Miyagi,38.1931,140.965,"Shimonoseki, Yamaguchi",Shimonoseki,Yamaguchi,34.2956,131.5,Delivered,NO,21.40,Ambient,RFID-KZ-0098,YES,2.03,Low Risk,97.97,Excellent,None,2026-05-05 14:05:21,2026-05-09 06:59:21,2026-05-09 06:59:21,"May 3-9, 2026",952.37,88.90,0,0,0,0,0,0,1,PKG098,4,"PKG098 | In Transit Hub Scan | Transit Hub Scan - Tsuruga, Fukui | 21.22°C | In Transit"
PKG098,KZJP2026000098,5,Out for Delivery,Out for Delivery,2026-05-08 11:25:52,"Destination Area Scan - Gotsu, Shimane",Gotsu,Shimane,35.292428,133.43103,20.65,Ambient,97.78,2.22,YES,"Kakuda, Miyagi",Kakuda,Miyagi,38.1931,140.965,"Shimonoseki, Yamaguchi",Shimonoseki,Yamaguchi,34.2956,131.5,Delivered,NO,21.40,Ambient,RFID-KZ-0098,YES,2.03,Low Risk,97.97,Excellent,None,2026-05-05 14:05:21,2026-05-09 06:59:21,2026-05-09 06:59:21,"May 3-9, 2026",952.37,88.90,0,0,0,0,0,0,1,PKG098,5,"PKG098 | Out for Delivery | Destination Area Scan - Gotsu, Shimane | 20.65°C | Out for Delivery"
PKG098,KZJP2026000098,6,Delivered,Delivered,2026-05-09 06:59:21,"Shimonoseki, Yamaguchi",Shimonoseki,Yamaguchi,34.2956,131.5,21.40,Ambient,97.97,2.03,YES,"Kakuda, Miyagi",Kakuda,Miyagi,38.1931,140.965,"Shimonoseki, Yamaguchi",Shimonoseki,Yamaguchi,34.2956,131.5,Delivered,NO,21.40,Ambient,RFID-KZ-0098,YES,2.03,Low Risk,97.97,Excellent,None,2026-05-05 14:05:21,2026-05-09 06:59:21,2026-05-09 06:59:21,"May 3-9, 2026",952.37,88.90,0,1,1,0,0,0,1,PKG098,6,"PKG098 | Delivered | Shimonoseki, Yamaguchi | 21.40°C | Delivered"
PKG099,KZJP2026000099,1,Order Placed,Order Placed,2026-05-09 19:47:42,"Anjo, Aichi",Anjo,Aichi,35.0666,136.8714,18.93,Ambient,98.63,1.37,YES,"Anjo, Aichi",Anjo,Aichi,35.0666,136.8714,"Ono, Fukui",Ono,Fukui,36.0762,136.1021,Delivered,NO,22.00,Ambient,RFID-KZ-0099,YES,1.26,Low Risk,98.74,Excellent,None,2026-05-09 19:47:42,2026-05-10 16:03:42,2026-05-10 16:03:42,"May 3-9, 2026",132.07,20.27,1,0,0,0,0,0,1,PKG099,1,"PKG099 | Order Placed | Anjo, Aichi | 18.93°C | Order Placed"
PKG099,KZJP2026000099,2,Picked Up,Picked Up,2026-05-09 21:24:59,"Origin Pickup Scan - Toyota, Aichi",Toyota,Aichi,35.147779,136.827747,21.37,Ambient,99.09,0.91,YES,"Anjo, Aichi",Anjo,Aichi,35.0666,136.8714,"Ono, Fukui",Ono,Fukui,36.0762,136.1021,Delivered,NO,22.00,Ambient,RFID-KZ-0099,YES,1.26,Low Risk,98.74,Excellent,None,2026-05-09 19:47:42,2026-05-10 16:03:42,2026-05-10 16:03:42,"May 3-9, 2026",132.07,20.27,0,0,0,0,0,0,1,PKG099,2,"PKG099 | Picked Up | Origin Pickup Scan - Toyota, Aichi | 21.37°C | Picked Up"
PKG099,KZJP2026000099,3,Departed Origin Hub,In Transit,2026-05-10 00:51:42,"Regional Sorting Hub - Seki, Gifu",Seki,Gifu,35.361825,136.699886,20.83,Ambient,98.35,1.65,YES,"Anjo, Aichi",Anjo,Aichi,35.0666,136.8714,"Ono, Fukui",Ono,Fukui,36.0762,136.1021,Delivered,NO,22.00,Ambient,RFID-KZ-0099,YES,1.26,Low Risk,98.74,Excellent,None,2026-05-09 19:47:42,2026-05-10 16:03:42,2026-05-10 16:03:42,"May 3-9, 2026",132.07,20.27,0,0,0,0,0,0,1,PKG099,3,"PKG099 | Departed Origin Hub | Regional Sorting Hub - Seki, Gifu | 20.83°C | In Transit"
PKG099,KZJP2026000099,4,In Transit Hub Scan,In Transit,2026-05-10 05:55:42,"Transit Hub Scan - Minokamo, Gifu",Minokamo,Gifu,35.492315,136.514917,20.64,Ambient,99.21,0.79,YES,"Anjo, Aichi",Anjo,Aichi,35.0666,136.8714,"Ono, Fukui",Ono,Fukui,36.0762,136.1021,Delivered,NO,22.00,Ambient,RFID-KZ-0099,YES,1.26,Low Risk,98.74,Excellent,None,2026-05-09 19:47:42,2026-05-10 16:03:42,2026-05-10 16:03:42,"May 3-9, 2026",132.07,20.27,0,0,0,0,0,0,1,PKG099,4,"PKG099 | In Transit Hub Scan | Transit Hub Scan - Minokamo, Gifu | 20.64°C | In Transit"
PKG099,KZJP2026000099,5,Out for Delivery,Out for Delivery,2026-05-10 11:36:11,"Destination Area Scan - Sabae, Fukui",Sabae,Fukui,35.871797,136.256103,19.40,Ambient,98.82,1.18,YES,"Anjo, Aichi",Anjo,Aichi,35.0666,136.8714,"Ono, Fukui",Ono,Fukui,36.0762,136.1021,Delivered,NO,22.00,Ambient,RFID-KZ-0099,YES,1.26,Low Risk,98.74,Excellent,None,2026-05-09 19:47:42,2026-05-10 16:03:42,2026-05-10 16:03:42,"May 3-9, 2026",132.07,20.27,0,0,0,0,0,0,1,PKG099,5,"PKG099 | Out for Delivery | Destination Area Scan - Sabae, Fukui | 19.40°C | Out for Delivery"
PKG099,KZJP2026000099,6,Delivered,Delivered,2026-05-10 16:03:42,"Ono, Fukui",Ono,Fukui,36.0762,136.1021,22.00,Ambient,98.74,1.26,YES,"Anjo, Aichi",Anjo,Aichi,35.0666,136.8714,"Ono, Fukui",Ono,Fukui,36.0762,136.1021,Delivered,NO,22.00,Ambient,RFID-KZ-0099,YES,1.26,Low Risk,98.74,Excellent,None,2026-05-09 19:47:42,2026-05-10 16:03:42,2026-05-10 16:03:42,"May 3-9, 2026",132.07,20.27,0,1,1,0,0,0,1,PKG099,6,"PKG099 | Delivered | Ono, Fukui | 22.00°C | Delivered"
PKG100,KZJP2026000100,1,Order Placed,Order Placed,2026-05-05 14:40:39,"Fujimi, Saitama",Fujimi,Saitama,35.9529,139.7232,4.25,Cool,97.74,2.26,YES,"Fujimi, Saitama",Fujimi,Saitama,35.9529,139.7232,"Noboribetsu, Hokkaido",Noboribetsu,Hokkaido,43.3147,141.6645,Delivered,YES,4.90,Cool,RFID-KZ-0100,YES,2.72,Low Risk,97.28,Excellent,None,2026-05-05 14:40:39,2026-05-08 14:15:39,2026-05-08 14:15:39,"May 3-9, 2026",835.23,71.58,1,0,0,0,0,1,1,PKG100,1,"PKG100 | Order Placed | Fujimi, Saitama | 4.25°C | Order Placed"
PKG100,KZJP2026000100,2,Picked Up,Picked Up,2026-05-05 20:24:15,"Origin Pickup Scan - Sakura, Tochigi",Sakura,Tochigi,36.526724,139.818131,2.02,Cool,97.78,2.22,YES,"Fujimi, Saitama",Fujimi,Saitama,35.9529,139.7232,"Noboribetsu, Hokkaido",Noboribetsu,Hokkaido,43.3147,141.6645,Delivered,YES,4.90,Cool,RFID-KZ-0100,YES,2.72,Low Risk,97.28,Excellent,None,2026-05-05 14:40:39,2026-05-08 14:15:39,2026-05-08 14:15:39,"May 3-9, 2026",835.23,71.58,0,0,0,0,0,0,1,PKG100,2,"PKG100 | Picked Up | Origin Pickup Scan - Sakura, Tochigi | 2.02°C | Picked Up"
PKG100,KZJP2026000100,3,Departed Origin Hub,In Transit,2026-05-06 08:34:24,"Regional Sorting Hub - Iwaki, Fukushima",Iwaki,Fukushima,37.769432,140.230194,4.25,Cool,97.77,2.23,YES,"Fujimi, Saitama",Fujimi,Saitama,35.9529,139.7232,"Noboribetsu, Hokkaido",Noboribetsu,Hokkaido,43.3147,141.6645,Delivered,YES,4.90,Cool,RFID-KZ-0100,YES,2.72,Low Risk,97.28,Excellent,None,2026-05-05 14:40:39,2026-05-08 14:15:39,2026-05-08 14:15:39,"May 3-9, 2026",835.23,71.58,0,0,0,0,0,0,1,PKG100,3,"PKG100 | Departed Origin Hub | Regional Sorting Hub - Iwaki, Fukushima | 4.25°C | In Transit"
PKG100,KZJP2026000100,4,In Transit Hub Scan,In Transit,2026-05-07 02:28:09,"Transit Hub Scan - Hanamaki, Iwate",Hanamaki,Iwate,39.706777,140.813355,3.24,Cool,97.19,2.81,YES,"Fujimi, Saitama",Fujimi,Saitama,35.9529,139.7232,"Noboribetsu, Hokkaido",Noboribetsu,Hokkaido,43.3147,141.6645,Delivered,YES,4.90,Cool,RFID-KZ-0100,YES,2.72,Low Risk,97.28,Excellent,None,2026-05-05 14:40:39,2026-05-08 14:15:39,2026-05-08 14:15:39,"May 3-9, 2026",835.23,71.58,0,0,0,0,0,0,1,PKG100,4,"PKG100 | In Transit Hub Scan | Transit Hub Scan - Hanamaki, Iwate | 3.24°C | In Transit"
PKG100,KZJP2026000100,5,Out for Delivery,Out for Delivery,2026-05-07 22:30:45,"Destination Area Scan - Tsugaru, Aomori",Tsugaru,Aomori,41.410174,141.090272,4.82,Cool,97.13,2.87,YES,"Fujimi, Saitama",Fujimi,Saitama,35.9529,139.7232,"Noboribetsu, Hokkaido",Noboribetsu,Hokkaido,43.3147,141.6645,Delivered,YES,4.90,Cool,RFID-KZ-0100,YES,2.72,Low Risk,97.28,Excellent,None,2026-05-05 14:40:39,2026-05-08 14:15:39,2026-05-08 14:15:39,"May 3-9, 2026",835.23,71.58,0,0,0,0,0,0,1,PKG100,5,"PKG100 | Out for Delivery | Destination Area Scan - Tsugaru, Aomori | 4.82°C | Out for Delivery"
PKG100,KZJP2026000100,6,Delivered,Delivered,2026-05-08 14:15:39,"Noboribetsu, Hokkaido",Noboribetsu,Hokkaido,43.3147,141.6645,4.90,Cool,97.28,2.72,YES,"Fujimi, Saitama",Fujimi,Saitama,35.9529,139.7232,"Noboribetsu, Hokkaido",Noboribetsu,Hokkaido,43.3147,141.6645,Delivered,YES,4.90,Cool,RFID-KZ-0100,YES,2.72,Low Risk,97.28,Excellent,None,2026-05-05 14:40:39,2026-05-08 14:15:39,2026-05-08 14:15:39,"May 3-9, 2026",835.23,71.58,0,1,1,0,0,0,1,PKG100,6,"PKG100 | Delivered | Noboribetsu, Hokkaido | 4.90°C | Delivered"
